record_label,artist,song_title,release_year,page_views,raw_lyrics,sentiment_category,confidence_score
HYBE,BTS,Dynamite,Unknown,4796869,"'Cause I, I, I'm in the stars tonight
So watch me bring the fire and set the night alight

Shoes on, get up in the morn'
Cup of milk, let's rock and roll
King Kong, kick the drum
Rolling on like a Rolling Stone
Sing-song when I'm walkin' home
Jump up to the top, LeBron
Ding-dong, call me on my phone
Ice tea and a game of ping pong

This is gettin' heavy, can you hear the bass boom? I'm ready (Woo-hoo)
Life is sweet as honey, yeah, this beat cha-ching like money, huh
Disco overload, I'm into that, I'm good to go
I'm diamond, you know I glow up
Hey, so let's go

'Cause I, I, I'm in the stars tonight
So watch me bring the fire and set the night alight (Hey)
Shinin' through the city with a little funk and soul
So I'ma light it up like dynamite, woah-oh-oh

Bring a friend, join the crowd, 
whoever wanna come along
Word up
, talk the talk, 
just move like we off the wall
Day or night, the sky's alight, so we dance to the break of dawn (Hey)
Ladies and gentlemen, I got the medicine, so you should keep ya eyes on the ball (Huh)

This is gettin' heavy, can you hear the bass boom? I'm ready (Woo-hoo)
Life is sweet as honey, yeah, this beat cha-ching like money, huh
Disco overload, I'm into that, I'm good to go
I'm diamond, you know I glow up
Let's go

'Cause I, I, I'm in the stars tonight
So watch me bring the fire and set the night alight (Hey)
Shinin' through the city with a little funk and soul
So I'ma light it up like dynamite, woah-oh-oh

Dyn-na-na-na, na-na-na-na-na, na-na-na, life is dynamite
Dyn-na-na-na, na-na-na-na-na, na-na-na, life is dynamite
Shinin' through the city with a little funk and soul
So I'ma light it up like dynamite, woah-oh-oh
[Bridge: Jung Kook, Jimin, Jin,  
V ]
Dyn-na-na-na, na-na, na-na, ayy
Dyn-na-na-na, na-na, na-na, ayy
Dyn-na-na-na, na-na, na-na, ayy
Light it up like dynamite
Dyn-na-na-na, na-na, na-na, ayy
Dyn-na-na-na, na-na, na-na, ayy
Dyn-na-na-na, na-na, na-na, ayy
Light it up like dynamite

'Cause I, I, I'm in the stars tonight
So watch me bring the fire and set the night alight
Shinin' through the city with a little funk and soul
So I'ma light it up like dynamite
(This is ah) 'Cause I, I, I'm in the stars tonight
So watch me bring the fire and set the night alight (Alight, oh)
Shinin' through the city with a little funk and soul
So I'ma light (Light) it (It) up (Up) like (Like) dynamite (Dynamite), woah-oh-oh

Dyn-na-na-na, na-na-na-na-na, na-na-na, life is dynamite (Life is dynamite)
Dyn-na-na-na, na-na-na-na-na, na-na-na, life is dynamite (Oh)
Shinin' through the city with a little funk and soul
So I'ma light it up like dynamite, woah-oh-oh",Very Positive,0.8425
HYBE,BTS,Butter,Unknown,3734149,"Smooth like butter
Like a criminal undercover
Gon' pop like trouble
Breakin' into your heart like that (Ooh)
Cool shade stunner
Yeah, I owe it all to my mother
Hot like summer
Yeah, I'm makin' you sweat like that
Break it down

Ooh, when I look in the mirror
I'll melt your heart into two
I got that superstar glow so (Ooh)
Do the boogie like

Side step, right, left to my beat
High like the moon, rock with me, baby
Know that I got that heat
Let me show you 'cause talk is cheap
Side step, right, left to my beat
Get it, let it roll

Smooth like butter
Pull you in like no other
Don't need no Usher
To remind me you got it bad
Ain't no other
That can sweep you up like a robber
Straight up, I got ya
Makin' you fall like that
Break it down

Ooh, when I look in the mirror
I'll melt your heart into two
I got that superstar glow so (Ooh)
Do the boogie like

Side step, right, left to my beat
High like the moon, rock with me, baby
Know that I got that heat
Let me show you 'cause talk is cheap
Side step, right, left to my beat
Get it, let it roll

Get it, let it roll
Get it, let it roll

Ice on my wrist, I'm the nice guy
Got the right body and the right mind
Rollin' up to party, got the right vibe
Smooth like (Butter), hate us (Love us)
Fresh boy pull up and we lay low
All the playas get movin' when the bass low
Got ARMY right behind us when we say so
Let's go

Side step, right, left to my beat (Right, left to my beat)
High like the moon, rock with me, baby
Know that I got that heat
Let me show you 'cause talk is cheap
 (
You know that talk is cheap
)
Side step, right, left to my beat
Get it, let it roll
[Post-Chorus: j-hope, 
j-hope & RM
, 
RM
, 
All
]
Smooth like (
Butter
), cool shade (
Stunner
)
And you know 
we don't stop
Hot like (Summer), ain't no (Bummer)
You be like, ""Oh my God""
We gon' make you rock and you say (Yeah)
We gon' make you bounce and you say (Yeah)
Hotter, sweeter, cooler, butter

Get it, let it roll",Very Positive,0.7872
HYBE,BTS,FAKE LOVE,Unknown,1435474,"널 위해서라면 난
슬퍼도 기쁜 척 할 수가 있었어
널 위해서라면 난
아파도 강한 척 할 수가 있었어
사랑이 사랑만으로 완벽하길
내 모든 약점들은 다 숨겨지길
이뤄지지 않는 꿈속에서
피울 수 없는 꽃을 키웠어

I'm so sick of this fake love
Fake love, fake love
I'm so sorry, but it's fake love
Fake love, fake love

I wanna be a good man just for you
세상을 줬네 just for you
전부 바꿨어 just for you
Now I don't know me, who are you?
Hey, 우리만의 숲 너는 없었어
내가 왔던 route 잊어버렸어
나도 내가 누구였는지도 잘 모르게 됐어
거울에다 지껄여봐, 너는 대체 누구니?

널 위해서라면 난
슬퍼도 기쁜 척 할 수가 있었어
널 위해서라면 난
아파도 강한 척 할 수가 있었어
사랑이 사랑만으로 완벽하길
내 모든 약점들은 다 숨겨지길
이뤄지지 않는 꿈속에서
피울 수 없는 꽃을 키웠어

Love you so bad, love you so bad
널 위해 예쁜 거짓을 빚어내
Love, it's so mad, love, it's so mad
날 지워 너의 인형이 되려 해
Love you so bad, love you so bad
널 위해 예쁜 거짓을 빚어내
Love, it's so mad, love, it's so mad
날 지워 너의 인형이 되려 해

I'm so sick of this fake love
Fake love, fake love
I'm so sorry, but it's fake love
Fake love, fake love

Why you sad? I don't know, 난 몰라
웃어봐, 사랑해 말해봐
나를 봐, 나조차도 버린 나 (Oh, no)
너조차 이해할 수 없는 나
낯설다 하네, 네가 좋아하던 나로 변한 내가
아니라 하네, 예전에 네가 잘 알고 있던 내가
아니긴 뭐가 아냐, 난 눈 멀었어
사랑은 뭐가 사랑? It's all fake love

Ooh, I don't know, I don't know, I don't know why
Ooh, 나도 날, 나도 날 모르겠어
Ooh, I just know, I just know, I just know why
'Cause it's all fake love, fake love, fake love

Love you so bad, love you so bad
널 위해 예쁜 거짓을 빚어내
Love, it's so mad, love, it's so mad
날 지워 너의 인형이 되려 해
Love you so bad, love you so bad
널 위해 예쁜 거짓을 빚어내
Love, it's so mad, love, it's so mad
날 지워 너의 인형이 되려 해

I'm so sick of this fake love
Fake love, fake love
I'm so sorry, but it's fake love
Fake love, fake love

널 위해서라면 난
슬퍼도 기쁜 척 할 수가 있었어
널 위해서라면 난
아파도 강한 척 할 수가 있었어
사랑이 사랑만으로 완벽하길
내 모든 약점들은 다 숨겨지길
이뤄지지 않는 꿈속에서
피울 수 없는 꽃을 키웠어",Very Positive,0.8055
HYBE,BTS,MIC Drop (Steve Aoki Remix),Unknown,1286341,"Yeah, 누가 내 수저 더럽대
I don't care, 마이크 잡음 금수저 여럿 패
버럭해 (Wood) 잘 못 익은 것들 스테끼 여러 개
거듭해서 씹어줄게 스타의 저녁에 (Yah, woo, woo)
World business (Bang, bang) 핵심
섭외 1순위 (Clap, clap) 매진
많지 않지 이 class 가칠 만끽
좋은 향기에 악췬 반칙 (I go) mic, mic bungee (Yo)

Mic, mic bungee (Oh, yeah), bright light 전진 (Oh, yeah)
망할 거 같았겠지만, I'm fine, sorry (Sorry)
미안해 Billboard (Uh, uh), 미안해 worldwide (Uh, uh)
아들이 넘 잘나가서 미안해 엄마
대신해줘 니가 못한 효도 (효도)
우리 콘서트 절대 없어 포도 (포도)
I do it, I do it, 넌 맛없는 라따뚜이
혹 배가 아프다면 고소해 (고소해), sue it

Did you see my bag? (Bag?) Did you see my bag? (Bag?)
It's hella trophies and it's hella thick (Hella thick, hella thick)
What you think 'bout that? (That?) What you think 'bout that? (That?)
I bet it got my haters hella sick (Hella sick)
Come and follow me, follow me with your signs up (Oh)
I'm so firin', firin', boy, your time's up (Oh)
Keep on runnin' and runnin' until I catch up (Oh)
How you dare? How you dare? How you da-dare?

Another trophy, my hands carry 'em (Yeah)
Too many that I can't even count 'em (Turn it up now)
Mic drop, mic drop
발발 조심 너네 말말 조심
Somebody stop me, I'm 'boutta pop off (Pop)
Too busy, you know my body ain't enough (Turn it up now)
Mic drop, mic drop
*발발 조심 너네 말말 조심*

Baby, watch your mouth (Mouth), it come back around ('Round)
Once upon a time (Time), we learnt how to fly (Fly)
Go look at your mirror (Woo), same damn clothes (Yeah)
You know how I feel (Woo), 개행복 (Turn up)
How many hours do we fly? (Ooh)
I keep on dreamin' on the cloud (Hey)
Yeah, I'm on the mountain, yeah, I'm on the bay (Pop)
Everyday we vibin', mic drop, bam

Did you see my bag? (Bag?) Did you see my bag? (Bag?)
It's hella trophies and it's hella thick (Hella thick, hella thick)
What you think 'bout that? (That?) What you think 'bout that? (That?)
I bet it got my haters hella sick (Hella sick)
Come and follow me, follow me with your signs up (Oh)
I'm so firin', firin', boy, your time's up (Oh)
Keep on runnin' and runnin' until I catch up (Oh)
How you dare? How you dare? How you da-dare?

Another trophy, my hands carry 'em (Yeah)
Too many that I can't even count 'em (Turn it up now)
Mic drop, mic drop
발발 조심 너네 말말 조심
Somebody stop me, I'm 'boutta pop off (Pop)
Too busy, you know my body ain't enough (Turn it up now)
Mic drop, mic drop
*발발 조심 너네 말말 조심*

Haters gon' hate
Players gon' play
Live a life, man, yah
Good luck

더 볼 일 없어 마지막 인사야
할 말도 없어 사과도 하지 마
더 볼 일 없어 마지막 인사야
할 말도 없어 사과도 하지 마
잘 봐 넌 그 꼴 나지
우린 탁 쏴 마치 콜라지
너의 각막 깜짝 놀라지
꽤 꽤 폼나지 (폼나지) 포 포 폼나지, yeah (폼나지, yeah)",Very Positive,0.5693
HYBE,BTS,Permission to Dance,Unknown,1203127,"It's the thought of being young
When your heart's just like a drum
Beating louder with no way to guard it
When it all seems like it's wrong
Just sing along to Elton John
And to that feeling, we're just getting started

When the nights get colder
And the rhythms got you falling behind
Just dream about that moment
When you look yourself right in the eye, eye, eye
Then you say

I wanna dance
The music's got me going
Ain't nothing that can stop how we move, yeah
Let's break our plans
And live just like we're golden
And roll in like we're dancing fools

We don't need to worry
'Cause when we fall, we know how to land
Don't need to talk the talk, just walk the walk tonight
'Cause we don't need permission to dance

There's always something that's standing in the way
But if you don't let it faze ya
You'll know just how to break
Just keep the right vibe, yeah
'Cause there's no looking back
There ain't no one to prove
We don't got this on lock (Yeah)

The wait is over
The time is now so let's do it right, mm (Yeah)
Yeah, we'll keep going
And stay up until we see the sunri-i-ise (Yeah)
And we'll say

I wanna dance
The music's got me going
Ain't nothing that can stop how we move, yeah
Let's break our plans
And live just like we're golden
And roll in like we're dancing fools

We don't need to worry
'Cause when we fall, we know how to land
Don't need to talk the talk, just walk the walk tonight
'Cause we don't need permission to dance

Da-na-na-na-na-na-na
Da-na-na-na-na-na-na
Da-na-na-na-na-na-na
No, we don't need permission to dance
Da-na-na-na-na-na-na (Hey)
Da-na-na-na-na-na-na
Da-na-na-na-na-na-na

Well, let me show ya
That we can keep the fire alive, mm
'Cause it's not over
'Til it's over, say it one more time
Say

I wanna dance
The music's got me going (Music's got me going)
Ain't nothing that can stop how we move, yeah (Hey, yeah)
Let's break our plans
And live just like we're golden (Ooh)
And roll in like we're dancing fools (Like we're dancing fools)

We don't need to worry
'Cause when we fall, we know how to land (We know how to land)
Don't need to talk the talk, just walk the walk tonight (Ooh)
'Cause we don't need permission to dance",Very Positive,0.3669
HYBE,BTS,SWIM,Unknown,1180619,"Swim, swim
Water falling off your skin
Swim, swim
I could spend a lifetime watching you
Swim, swim
This is how it all begins
Swim, swim
I just wanna dive, I just wanna dive

Bad world, gone away and I still wake up in this mad world
Name a place that I could breathe on this map, world
Lookin' like a goody, goody in this bad world, bad world
Don't know how to act, girl
I'm in the deep, tell me, where the hell you at, girl?
Oh, you ain't even gotta love me bad, girl
You know that I'm never holdin' back, girl
Yeah

So easy, don't make it so hard
Nights like these, I just wanna get lost
Right here with the moon and the sharks
I ain't gotta think 'bout a thing, baby, I just

Swim, swim
Water falling off your skin
Swim, swim
I could spend a lifetime watching you
Swim (Swim), swim (Swim)
This is how it all begins
Swim, swim
I just wanna dive, I just wanna dive

Water, water so deep, water so deep
Take it off the ground, I ain't never gettin' cold feet
Yeah, you know me, yeah, you know me
Sittin' on the shore, now I'm ready for the whole sea
I can feel the high waves comin' (Yeah)
Why you run away? You can run in (Yeah)
Salt on my tongue, she's stunnin' (Yeah)
You're the only place that I wanna be, yeah

Swim, swim
Water falling off your skin
Swim, swim
I could spend a lifetime watching you
Swim (Swim), swim (Swim)
This is how it all begins
Swim, swim
I just wanna dive, I just wanna dive (Hey)

Splash (Splash), drift (Drift)
I make waves with my two fins (Two fins)
Splash (Woo), drip (Drip)
I just wanna take it across the line
Under here, we don't chase the time
Baby, everything can't be so sad (Too sad)
Turn my face from the land (Sad)
I just wanna dive, I just wanna dive

Swim, swim
Water falling off your skin
Swim, swim
I could spend a lifetime watching you
Swim (Swim), swim (Swim)
Let it all begin
Swim, swim
I just wanna dive, I just wanna dive",Very Positive,0.8305
HYBE,BTS,봄날 (Spring Day),Unknown,1137809,"[Verse 1: RM, 
RM & Jung Kook
]
보고 싶다
이렇게 말하니까 더 보고 싶다
너희 사진을 보고 있어도
보고 싶다
너무 야속한 시간, 나는 우리가 밉다
이젠 얼굴 한 번 보는 것조차 힘들어진 우리가
여긴 온통 겨울 뿐이야, 팔월에도 겨울이 와
마음은 시간을 달려가네, 홀로 남은 설국열차
네 손 잡고 지구 반대편까지 가, 겨울을 끝내고파
그리움들이 얼마나 눈처럼 내려야 그 봄날이 올까, friend?

허공을 떠도는 작은
먼지처럼, 작은 먼지처럼
날리는 눈이 나라면
조금 더 빨리 네게
닿을 수 있을 텐데

눈꽃이 떨어져요
또 조금씩 멀어져요
보고 싶다 (보고 싶다)
보고 싶다 (보고 싶다)
얼마나 기다려야
또 몇 밤을 더 새워야
널 보게 될까? (널 보게 될까?)
만나게 될까? (만나게 될까? Ooh-ooh-ooh)

추운 겨울 끝을 지나
다시 봄날이 올 때까지
꽃 피울 때까지
그곳에 좀 더 머물러줘, 머물러줘
[Verse 2: SUGA, 
Jimin
]
네가 변한 건지 (네가 변한 건지)
아니면 내가 변한 건지 (아니면 내가 변한 건지)
이 순간 흐르는 시간조차 미워
우리가 변한 거지, 뭐? 모두가 그런 거지, 뭐?
그래, 밉다 네가, 넌 떠났지만
단 하루도 너를 잊은 적이 없었지 난
솔직히 보고 싶은데, 이만 너를 지울게
그게 널 원망하기보단 덜 아프니까

시린 널 불어내 본다
연기처럼, 하얀 연기처럼
말로는 지운다 해도
사실 난 아직 널 보내지 못하는데

눈꽃이 떨어져요
또 조금씩 멀어져요
보고 싶다 (보고 싶다)
보고 싶다 (보고 싶다)
얼마나 기다려야
또 몇 밤을 더 새워야
널 보게 될까? (널 보게 될까?)
만나게 될까? (만나게 될까? Ah-ah-ah-ah, ah)
[Bridge: V, 
Jung Kook
, 
Jung Kook & Jimin
]
You know it all, you're my best friend
아침은 다시 올 거야
어떤 어둠도, 어떤 계절도
영원할
 
순 없으니까

벚꽃이 피나 봐요
이 겨울도 끝이 나요
보고 싶다 (보고 싶다)
보고 싶다 (보고 싶다)
조금만 기다리면 (기다리면)
며칠 밤만 더 새우면
만나러 갈게 (만나러 갈게)
데리러 갈게 (*데리러 갈게, yeah, yeah*)

추운 겨울 끝을 지나
다시 봄날이 올 때까지
꽃 피울 때까지
그곳에 좀 더 머물러줘, 머물러줘",Very Negative,0.8058
HYBE,BTS,전하지 못한 진심 (The Truth Untold),Unknown,1055271,"외로움이 가득히
피어있는 이 garden
가시투성이
이 모래성에 난 날 매었어
너의 이름은 뭔지
갈 곳이 있긴 한지
Oh, could you tell me?
이 정원에 숨어든 널 봤어

And I know
너의 온긴 모두 다 진짜란 걸
푸른 꽃을 꺾는 손
잡고 싶지만

내 운명인 걸
Don't smile to me, light on me
너에게 다가설 수 없으니까
내겐 불러줄 이름이 없어
You know that I can't
Show you me, give you me
초라한 모습 보여줄 순 없어
또 가면을 쓰고 널 만나러 가
But I still want you

외로움의 정원에 핀
너를 닮은 꽃
주고 싶었지 (Ooh, ooh, ooh)
바보 같은 가면을 벗고서

But I know
영원히 그럴 수는 없는 걸
숨어야만 하는 걸
추한 나니까

난 두려운 걸
초라해, I'm so afraid
결국엔 너도 날 또 떠나버릴까
또 가면을 쓰고 널 만나러 가
할 수 있는 건
정원에 이 세상에
예쁜 너를 닮은 꽃을 피운 다음
니가 아는 나로 숨쉬는 것
But I still want you

Ooh, ooh
I still want you
Ooh

어쩌면 그때
조금만 이만큼만
용길 내서 너의 앞에 섰더라면
지금 모든 건 달라졌을까?
난 울고 있어 (Ooh)
사라진 무너진 (Ooh, ooh, woah, woah, woah, oh)
홀로 남겨진 이 모래성에서 (모래성에서, oh)
부서진 가면을 바라보면서
And I still want you

(Ooh, ooh, ooh, ooh)
(But I still want you)
(Ooh, ooh, ooh, ooh)
(But I still want you)
And I still want you",Very Negative,0.5412
HYBE,BTS,NORMAL,Unknown,947056,"Kerosene, dopamine, chemical-induced
Fantasy and fame, yeah, the things we choose
Show me hate, show me love, make me bulletproofYeah, we call this shit normal (Woo-woo)
Run away, out of sight, don't know what I want
Wish I had a minute just to turn me off
Kerosene, dopamine, what I gotta do?
Yeah, we call this shit normal (Ah-ooh)

Heavy is the head when you chasin' true
Will you color me red? Will you color me blue?
Two sides of a coin, and they both ain't true
Is it different for mе? Is it different for you?

Got me feelin' things unusual
And I livе 'em all
Got me and my feelings up on this wall
And my knees-ees

Kerosene, dopamine, chemical-induced
Fantasy and fame, yeah, the things we choose
Show me hate, show me love, make me bulletproof
Yeah, we call this shit normal (Woo-woo)
Run away, out of sight, don't know what I want
Wish I had a minute just to turn me off
Kerosene, dopamine, what I gotta do?
Yeah, we call this shit normal (Ah-ooh)

How I'm 'posed to feel?
Used to think that I was built with a heart made of steel
Now I understand the truth, some pain don't heal
If everything's just happy, mm, that ain't real (That ain't real)
I breathe everything out like a thousand times
Normal and special, they are just some lines
One deep sigh, then it slips away, fades away
What I try to keep never want to stay
Runaway, pushin' me, pullin' me, said you wanted all of me
But what is even all of me?
Suddenly, part of me is hauntin' me, heard the things they callin' me
What the hell you want from me? (Want from me)

Got me feelin' things unusual
And I live 'em all
Got me and my feelings up on this wall
And my knees-ees

Kerosene, dopamine, chemical-induced
Fantasy and fame, yeah, the things we choose
Show me hate, show me love, make me bulletproof
Yeah, we call this shit normal (Woo-woo)
Run away, out of sight, don't know what I want
Wish I had a minute just to turn me off
Kerosene, dopamine, what I gotta do?
Yeah, we call this shit normal (Ah-ooh)

No, we, no, we, no, we call this shit normal
No, we, no, we, no, we call this shit normal, yeah
No, we, no, we, no, we call this shit normal",Very Positive,0.651
HYBE,BTS,DNA,Unknown,856100,"첫눈에 널 알아보게 됐어 (Hmm-mm)
서롤 불러왔던 것처럼 (Ooh, ooh-ooh-ooh-ooh)
내 혈관 속 DNA가 말해줘 (Hmm-mm)
내가 찾아 헤매던 너라는 걸 (Ooh, ooh-ooh-ooh-ooh)
우리 만남은
 (
만남은
)
수학의 공식
 (
수학의 공식
)
종교의 율법
 (
율법
)
우주의 섭리
 (
우주의 섭리
)
내게 주어진 운명의 증거 (처)
너는 내 꿈의 출처 (처)
Take it, take it
너에게 내민 내 손은 정해진 숙명

걱정하지 마, love
이 모든 건 우연이 아니니까
우린 완전 달라, baby
운명을 찾아낸 둘이니까

우주가 생긴 그 날부터 계속 (계속)
무한의 세기를 넘어서 계속 (계속, 계속, yah)
우린 전생에도 (우린 전생에도)
아마 다음 생에도 (아마 다음 생에도)
영원히 함께니까

(DNA)
이 모든 건 우연이 아니니까
(DNA)
운명을 찾아낸 둘이니까, DNA

I want it, this love (This love)
I-I want it, real love (Real love)
난 너에게만 집중해, 좀 더 세게 날 이끄네
태초의 DNA (DNA)
가 널 원하는데 (하는데)
이건 필연이야 I love us (Love us)
우리만이 true lovers (Lovers)
그녀를 볼 때마다 소스라치게 놀라
신기하게 자꾸만 숨이 멎는 게 참 이상해 설마
이런 게 말로만 듣던 사랑이란 감정일까 (Oh, yeah)
애초부터 내 심장은 널 향해 뛰니까

걱정하지 마, love
이 모든 건 우연이 아니니까
우린 완전 달라, baby
운명을 찾아낸 둘이니까

우주가 생긴 그 날부터 계속 (계속)
무한의 세기를 넘어서 계속 (계속, 계속, yah)
우린 전생에도 (우린 전생에도)
아마 다음 생에도 (아마 다음 생에도)
영원히 함께니까

(DNA)
이 모든 건 우연이 아니니까
(DNA)
운명을 찾아낸 둘이니까, DNA

돌아보지 말아
운명을 찾아낸 우리니까
후회하지 말아, baby
영원히, 영원히, 영원히
영원히 (영원히) 함께니까

걱정하지 마, love (Oh-oh-oh)
이 모든 건 우연이 아니니까
우린 완전 달라, baby
운명을 찾아낸 둘이니까, DNA

La-la-la-la-la, la-la-la-la-la
우연이 아니니까, DNA
La-la-la-la-la, la-la-la-la-la
우연이 아니니까, DNA",Very Positive,0.6379
HYBE,BTS,Body to Body,Unknown,766492,"I need
I need, I need (What you need, twin?)
I need (What you need?)
I need, I need

I need the whole stadium to jump
Put your phone down, let's get all the fun
I got my eyes on the row in the front
The vibe is high, if we bein' blunt
The vibe is high, let the building (
Hey
)
B-T-uh, from everywhere to Korea
총 칼 키보드 다 좀 치워
인생은 짧아 증오는 비워
It's big in real life
뭘 체면 따져 내려놔, 야 인마
Hop in
좀 더 가까이 와 skin to skin

I need some body to body
All of your body beside me
저기 저 달에 닿게 손에 손, 너와 나, we on and on, yeah
Sunrise, but we don't go home

Somebody like you, ayy
Somebody like you, oh
Somebody like you, ayy
Somebody like you, somebody like, everybody like you

It's so tight
I mean, 너와의 사이
I mean, 우리만의 그 style
I mean, we livin' the life
두 눈을 감지 않을 이 밤, uh
솟구치는 겨레의 마음, mm
Be about it, be about it, be about it
You could see about it or you read about it

I need some body to body
All of your body beside me
저기 저 달에 닿게 손에 손, 너와 나, we on and on, yeah
Sunrise, but we don't go home

Somebody like you, ayy
Somebody like you, oh
Somebody like you, ayy
Somebody like you, somebody like
Everbody like you, ayy
Somebody like you, oh
Somebody like you, ayy
Somebody like you, somebody like, everbody like you

아리랑, 아리랑, 아라리요
아리랑 고개로 넘어간다
나를 버리고 가시는 님은
십리도 못가서 발병난다

I need the whole stadium to jump
Put your phone down, let's get all the fun
You at the side, at the back, at the front",Very Positive,0.5706
HYBE,BTS,Like Animals,Unknown,675672,"Ooh-ooh-ooh
Ooh-ooh-ooh
Ooh-ooh-ooh
Ooh-ooh-ooh-ooh

Take me into your deep
I wanna lay in your world
So what, your shadow's a mess
I'm walkin' with my own dirt

We can go all night
Don't you close your eyes
Don't you fear the light
All night

If you wanna be animals
Baby, we can be animals
Eat this life 'til your heart is full ('Til your heart is full)
If you want, you can have it all (You can have it all, oh)

Six feet down in the sand
There's creatures that made a hole
Do speak, I'm begging you, please
There's beauty outside control (Outside)

Oh, we can go all night (
Go all night
)
We can go all night (
We can go all night
)
Yeah, we should go all night
All night

If you wanna be animals
Baby, we can be animals
Eat this life 'til your heart is full ('Til your heart is full)
If you want, you can have it all (You can have it all, oh)

Got you in the wild
Somewhere so far
With your claws sharp
And them fangs out
Now you see a whole land full of animals
None of us are tameable
None of us are tameable
(Oh-oh-oh)
Heart (Oh-oh-oh)
Untameable
(Oh-oh-oh) Go (Take it all)
And take it all

If you wanna be animals
Baby, we can be animals
Eat this life 'til your heart is full (Heart, untameable)
If you want, you can have it all (Heart is, take it all, oh)",Very Positive,0.5993
HYBE,BTS,MIC Drop (Steve Aoki Remix) [Desiigner Remix],Unknown,623521,"Git, git, brrra, git, git
(Damn, son, where'd you get that from?)
Git, git, hey, brrra
Damn, hey, brrra
Git, git (Damn, bro)

Bentley basketball, uh (Git)
We playin' that a lot, huh
I'ma just get to the chicken, whip it (Git, yuh)
Then I flip it, then trap it all, huh (Git, git, brrra, trap it all)
I gotta get to the dolla
**** on the haters and back 'em off (Git, git, brrra, back)
Smokin' on gas a lot, ready to wack 'em all
Huh, huh, wack 'em all, wack 'em all (Brrr, brrr, wack)
Clap, clap, clap, clap, clap 'em all, huh
This what I do to the haters
The choppa hit 'em, tell 'em back 'em off, huh
She like Apple Jack, huh (Git, Jack)
I like apple sauce, huh, huh (Brrra)
That's a boss, huh, huh (Boss, git, git)
That's the cost, huh, huh (Cost, brrra, git, git)
Why you tryna flex and your fashion off? (Brrra, flex)
Chain around my neck and her *** soft (Ayy)
Smokin' on that gas, I ain't passin' off (Git, git, smoke)
Asthma cough (Asthma), fashion law (Flexin')
Stash it off (Brrra, stash, stash), dash in' off (Dash)
Flash it off (Brrra, flash), don't pass it off (Hey, hey)
I'ma just get to the chicken and trap hard, hard, hard with all my

Did you see my bag? (Where?)
Did you see my bag? (Where?)
It's hella trophies and it's hella thick (Hella thick, hella thick)
What you think 'bout that? (Well)
What you think 'bout that? (Well)
I bet it got my haters hella sick (Hella sick)
Come and follow me, follow me with your signs up (Uh)
I'm so firin', firin', boy, your time's up (Uh)
Keep on runnin' and runnin' until I catch up (Uh)
How you dare? How you dare? How you dare? (Dare, ah)

Another trophy, my hands carry 'em (Hey)
Too many that I can't even count 'em (Turn it up now)
Mic drop, mic drop
발, 발 조심, 너네 말, 말조심
Somebody stop me, I'm 'bout to pop off (Pop)
Too busy, you know my body ain't enough (Turn it up now)
Mic drop, mic drop
발, 발 조심, 너네 말, 말조심

Baby, watch your mouth (Mouth)
It come back around ('round)
Once upon a time (Time)
We learned how to fly (Fly)
Go look at your mirror (Ooh)
Same damn clothes (Git)
You know how I feel (Ooh)
개행복 (Turn up)
How many hours do we fly? (Ooh)
I keep on dreamin' on the cloud (Hah)
Yeah, I'm on the mountain, yeah, I'm on the bay (Pop)
Everyday we vibin', mic drop, bam

Did you see my bag? (Where?)
Did you see my bag? (Where?)
It's hella trophies and it's hella thick (Hella thick, hella thick)
What you think 'bout that? (Well)
What you think 'bout that? (Well)
I bet it got my haters hella sick (Hella sick)
Come and follow me, follow me with your signs up (Uh)
I'm so firin', firin', boy, your time's up (Uh)
Keep on runnin' and runnin' until I catch up (Uh)
How you dare? How you dare? How you dare? (Dare, ah)

Another trophy, my hands carry 'em (Hey)
Too many that I can't even count 'em (Turn it up now)
Mic drop, mic drop
발, 발 조심, 너네 말, 말조심
Somebody stop me, I'm 'bout to pop off (Pop)
Too busy, you know my body ain't enough (Turn it up now)
Mic drop, mic drop
발, 발 조심, 너네 말, 말조심

Haters gon' hate
Players gon' play
Live a life, man
Yah, good luck

더 볼 일 없어, 마지막 인사야
할 말도 없어, 사과도 하지 마
더 볼 일 없어, 마지막 인사야
할 말도 없어, 사과도 하지 마
잘 봐, 넌 그 꼴 나지
우린 탁 쏴, 마치 콜라지
너의 각막, 깜짝 놀라지
꽤, 꽤 폼 나지, 포, 포, 폼 나지, yeah",Very Negative,0.5333
HYBE,BTS,피 땀 눈물 (Blood Sweat & Tears),Unknown,580808,"내 피, 땀, 눈물, 내 마지막 춤을
다 가져가, 가
내 피, 땀, 눈물, 내 차가운 숨을
다 가져가, 가
내 피, 땀, 눈물

내 피, 땀, 눈물도
내 몸, 마음, 영혼도
너의 것인 걸 잘 알고 있어
이건 나를 벌받게 할 주문
Peaches and cream, sweeter than sweet
Chocolate cheeks and chocolate wings
But 너의 날개는 악마의 것
너의 그 sweet 앞엔 bitter, bitter
Kiss me, 아파도 돼, 어서 날 조여줘
더 이상 아플 수도 없게
Baby, 취해도 돼, 이제 널 들이켜
목 깊숙이 너란 위스키

내 피, 땀, 눈물, 내 마지막 춤을
다 가져가, 가
내 피, 땀, 눈물, 내 차가운 숨을
다 가져가, 가

원해 많이, 많이
많이, 많이
원해 많이, 많이
많이, 많이, 많이, 많이
원해 많이, 많이
많이, 많이
원해 많이, 많이
많이, 많이, 많이, 많이

아파도 돼, 날 묶어줘
내가 도망칠 수 없게 (쉿)
꽉 쥐고 날 흔들어줘
내가 정신 못 차리게
Kiss me on the lips, lips, 둘만의 비밀
너란 감옥에 중독돼 깊이
네가 아닌 다른 사람 섬기지 못해
알면서도 삼켜버린 독이 든 성배

내 피, 땀, 눈물, 내 마지막 춤을
다 가져가, 가
내 피, 땀, 눈물, 내 차가운 숨을
다 가져가, 가

원해 많이, 많이
많이, 많이
원해 많이, 많이
많이, 많이, 많이, 많이
원해 많이, 많이
많이, 많이
원해 많이, 많이
많이, 많이, 많이, 많이

나를 부드럽게 죽여줘
너의 손길로 눈 감겨줘
어차피 거부할 수조차 없어 더는 도망갈 수조차 없어
네가 너무 달콤해, 너무 달콤해 너무 달콤해서

He too was a tempter; he, too, was a link to the second, the evil world with which I no longer wanted to have anything to do

내 피, 땀, 눈물
(Oh, na-na-na-na)
내 피, 땀, 눈물
(Oh, na-na-na-na)",Very Positive,0.6084
HYBE,BTS,Magic Shop,Unknown,568781,"망설인다는 걸 알아, 진심을 말해도
결국 다 흉터들로 돌아오니까
힘을 내란 뻔한 말은 하지 않을 거야
난 내 얘길 들려줄게, 들려줄게

내가 뭐랬어? 이길 거랬잖아
믿지 못했어 (정말), 이길 수 있을까?
이 기적 아닌 기적을 우리가 만든 걸까? (No)
난 여기 있었고 네가 내게 다가와준 거야
I do believe your galaxy, 듣고 싶어 너의 멜로디
너의 은하수의 별들은 너의 하늘을 과연 어떻게 수놓을지
나의 절망 끝에 결국 내가 널 찾았음을 잊지마
넌 절벽 끝에 서 있던 내 마지막 이유야, live

내가 나인 게 싫은 날, 영영 사라지고 싶은 날
문을 하나 만들자, 너의 맘 속에다
그 문을 열고 들어가면, 이 곳이 기다릴 거야
믿어도 괜찮아, 널 위로해줄 Magic Shop

따뜻한 차 한 잔을 마시며
저 은하수를 올려다보며
넌 괜찮을 거야, oh, 여긴 Magic Shop

So show me (I'll show you)
So show me (I'll show you)
So show me (I'll show you)
Show you, show you

필 땐 장미꽃처럼 (장미꽃처럼)
흩날릴 땐 벚꽃처럼 (땐 벚꽃처럼)
질 땐 나팔꽃처럼 (나팔꽃처럼)
아름다운 그 순간처럼 (그 순간처럼)
(SUGA) Ayy, 항상 최고가 되고 싶어
Ayy-ayy, 그래서 조급했고 늘 초조했어
Ayy-ayy, 남들과 비교는 일상이 돼버렸고 무기였던
내 욕심은 되려 날 옥죄고 또 목줄이 됐어
Ayy-ayy, 그런데 말야 돌이켜보니 사실은 말야 나
최고가 되고 싶었던 것이 아닌 것만 같아
위로와 감동이 되고 싶었었던 나
그대의 슬픔, 아픔 거둬가고 싶어 나

내가 나인 게 싫은 날, 영영 사라지고 싶은 날
문을 하나 만들자, 너의 맘 속에다
그 문을 열고 들어가면, 이 곳이 기다릴 거야
믿어도 괜찮아, 널 위로해줄 Magic Shop

따뜻한 차 한 잔을 마시며
저 은하수를 올려다보며
넌 괜찮을 거야, oh, 여긴 Magic Shop

So show me (I'll show you)
So show me (I'll show you)
So show me (I'll show you)
Show you, show you

나도 모든 게 다 두려웠다면 믿어줄래? (믿어줄래)
모든 진심들이 (진심들이), 남은 시간들이
너의 모든 해답은 네가 찾아낸 이 곳에 (이 곳에)
너의 은하수에 (은하수에), 너의 마음 속에

You gave me the best of me (The best of me)
So you'll give you the best of you
날 찾아냈잖아 (찾아냈잖아), 날 알아줬잖아
You gave me the best of me (The best of me)
So you'll give you the best of you (Yeah)
넌 찾아낼 거야, 네 안에 있는 galaxy

So show me (I'll show you)
So show me (I'll show you)
So show me (I'll show you)
Show you, show you",Very Positive,0.5179
HYBE,LE SSERAFIM,ICONIC BY MISTAKE,Unknown,878404,"Hating me is like all you do, breakfast to dinner
Algorithm bulletproof, b-breaking your fingers
Thank you for the comments, it's because of all your hate
I-I-I-I-I-I-I am iconic by mistake
I-I-I-I-I-I-I am iconic by mistake

Engrave it on my tombstone
I, I survived the fame and I barely changed
Heart, heart it, heart it harder
Here, heart is like a verb, come heal it where it hurts

Your imagination got me going viral
Life's a simulation, got me in a spiral
24/7, more like 25/8
Ho-honestly, are you okay?

Hating me is like all you do, breakfast to dinner
Algorithm bulletproof, b-breaking your fingers
Thank you for the comments, it's because of all your hate
I-I-I-I-I-I-I am iconic by mistake
I-I-I-I-I-I-I am iconic by mistake

Never off duty, duty, taking a beating, beating
I keep on cheesing, cheesing, looks are deceiving, deceiving
Act like you knew me, know me, flapping your lips foaming
I just keep on going, too beautiful to be broken

Your imagination got me going viral
Life's a simulation, got me in a spiral
24/7, more like 25/8
Honestly, are you okay?

Hating me is like all you do, breakfast to dinner
Algorithm bulletproof, b-breaking your fingers
Thank you for the comments, it's because of all your hate
I-I-I-I-I-I-I am iconic by mistake
I-I-I-I-I-I-I am iconic by mistake

I'm just tryna stay me, dance a little crazy
But now I am iconic from how much you fuckin' hate me
S
nap my neck, 360, demanding me in 5D
Do this for the dream, na-na, not just for the bag
(Ayy) But the bag is nice though
(Ayy) And I'm so grateful
(Wait) I'm getting kinda spiritual
Been to hell and back, let 'em judge me, crucible

Your imagination got me going viral
Life's a simulation, got me in a spiral
24/7, more like 25/8
Honestly, are you okay?
Your digital footprint is looking so insane

Hating me is like all you do, breakfast to dinner
Algorithm bulletproof, b-breaking your fingers
Thank you for the comments, it's because of all your hate
I-I-I-I-I-I-I am iconic by mistake

I-I-I-I-I-I-I (I), I-I-I-I-I-I-I (I)
I-I-I-I-I-I-I (I), I-I-I-I-I-I-I (I)
I-I-I-I-I-I-I, I-I-I-I-I-I-I (I)",Very Positive,0.7843
HYBE,LE SSERAFIM,CRAZY,Unknown,425020,"Act like an angel and dress like crazy

All the girls are girling, girling
All the girls are girling, girling
All the girls are girling, girling
All the girly girls

Da, da-da-da
Da-da-da-da-da
Da, da-da-da
Act like an angel and dress like crazy
Da, da-da-da
Da-da-da-da-da
Da, da-da-da

Yeah, 내 심장에 강림
넌 CPR같이
손대면 like Pikachu
백만 볼트 전기, it's pumping
I'm an otaku, bestie
미쳐 that candy's sassy
뉴런의 체계를 갱신
내 머릿속 감옥 탈옥했지

(Galileo)
스스로 심판해 매일
(뇌속에선)
적당히 미치라 했지
(Why can't you stop?)
몰라 육하원칙 따윈 제길
난 그런 재질
내 답은 make me super crazy

Crazy, crazy, crazy, crazy
Crazy, crazy, crazy, crazy
Crazy, crazy, crazy, crazy
Act like an angel and dress like crazy

Da, da-da-da
Da-da-da-da-da
Da, da-da-da
Act like an angel and dress like crazy
Da, da-da-da
Da-da-da-da-da
Da, da-da-da
Da-da, da-da, da

All the girls are girling, girling
All the girls are girling, girling
All the girls are girling, girling
All the girly girls
All the girls are girling, girling
All the girls are girling, girling
All the girls are girling, girling
All the girly girls

Back in the days, 미침에
미치지 못했던 me
더이상 내 끌림 앞에
거짓 증언은 않지
무슨 의미 또 무슨 가치?
가능과 불가능 이젠 다 쉿
Yeah, me and my girls
우린 눈이 멀 것을 알아도 저 태양에 kiss, mwah

(Galileo)
스스로 심판해 매일
(뇌속에선)
적당히 미치라 했지
(Why can't you stop?)
몰라 육하원칙 따윈 제길
난 그런 재질
내 답은 make me super crazy

Crazy, crazy, crazy, crazy
Crazy, crazy, crazy, crazy
Crazy, crazy, crazy, crazy
Act like an angel and dress like crazy

Da, da-da-da
Da-da-da-da-da
Da, da-da-da
Act like an angel and dress like crazy
Da, da-da-da
Da-da-da-da-da
Da, da-da-da
Da-da, da-da, da

All the girls are girling, girling
All the girls are girling, girling
All the girls are girling, girling
All the girly girls
All the girls are girling, girling
All the girls are girling, girling
All the girls are girling, girling
All the girly girls",Very Positive,0.6758
HYBE,LE SSERAFIM,Perfect Night,Unknown,345221,"Me and my girlies, we gon' party 'til it's early
Got me feelin' otherworldly tonight
Caught in some traffic but the radio is blastin'
Drop a red light and we'll sing it goodbye

Ooh, ooh-ooh-ooh
By the mornin', feel like magic

I got all I need, you know nothing else can beat
The way that I feel when I'm dancin' with my girls
Perfect energy, yeah, we flawless, yeah, we free
There's no better feelin' in the whole wide world

Tonight
I don't care what's wrong or right
Don't start blowin' up my line
I'd care at 11:59
But nothing counts after midnight

Come and take a ride with me
I got a crеdit card and some good company
Some come through, makе the fit real good
Why you still stuck on loading? Waitin' on you, babe

Ooh, ooh-ooh-ooh
Night to mornin', live slow motion

I got all I need, you know nothing else can beat
The way that I feel when I'm dancin' with my girls
Perfect energy, yeah, we flawless, yeah, we free
There's no better feelin' in the whole wide world

Tonight
I don't care what's wrong or right
Don't start blowin' up my line
I'd care at 11:59
But nothin' counts after midnight

Oh
Oh, oh (Ha-ha-ha)

Ooh, ooh-ooh-ooh
By the mornin', feel like magic

I got all I need, you know nothing else can beat
The way that I feel when I'm dancin' with my girls (Yeah)
Perfect energy, yeah, we flawless, yeah, we free (Uh-huh)
There's no better feelin' in the whole wide world

Tonight
I don't care what's wrong or right
Don't start blowin' up my line
I'd care at 11:59
Don't start blowin' up my line",Very Positive,0.7959
HYBE,LE SSERAFIM,CRAZY (English ver.),Unknown,340277,"Act like an angel and dress like crazy

All the girls are girling, girling
All the girls are girling, girling
All the girls are girling, girling
All the girly girls

Da, da-da-da
Da-da-da-da-da
Da-da-da, da
Act like an angel and dress like crazy
Da, da-da-da
Da-da-da-da-da
Da-da-da, da

Yeah, hit me with that lightning
Like CPR, work it
It's giving electrocute
Higher on the voltage, we jump in
I'm an Otaku, bestie
Kawaii, I know, so sassy
I'm feeling awfully heady
I might just overload I might break free

Galileo
Everyday's a trial, baby
We told you no
No more games, you're going crazy
Why can't you stop?
Don't know why, but deep inside, this may be
The real me, baby
Wow, she's goin' super crazy

Crazy, crazy, crazy, crazy
Crazy, crazy, crazy, crazy
Crazy, crazy, crazy, crazy
Act like an angel and dress like crazy

Da, da-da-da
Da-da-da-da-da
Da-da-da, da
Act like an angel and dress like crazy
Da, da-da-da
Da-da-da-da-da
Da, da-da-da
Da-da, da-da, da

All the girls are girling, girling
All the girls are girling, girling
All the girls are girling, girling
All the girly girls
All the girls are girling, girling
All the girls are girling, girling
All the girls are girling, girling
All the girly girls

Back in the days, poor old me
Didn't know what to believe
Now I can see, I am that girl
Baby, she's all that I need
Saying I'm this and saying I'm that
Talk is so cheap, I'm so over this shit, huh
Yeah, me and my girls keep living it up
We blow a kiss staring into the sun, mwah

Galileo
Everyday's a trial, baby
We told you no
No more games, you're going crazy
Why can't you stop?
Don't know why, but deep inside, this may be
The real me, baby
*Wow, she's goin' super crazy*

Crazy, crazy, crazy, crazy
Crazy, crazy, crazy, crazy
Crazy, crazy, crazy, crazy
Act like an angel and dress like crazy

Da, da-da-da
Da-da-da-da-da
Da, da-da-da
Act like an angel and dress like crazy
Da, da-da-da
Da-da-da-da-da
Da, da-da-da
Da-da, da-da, da

All the girls are girling, girling
All the girls are girling, girling
All the girls are girling, girling
All the girly girls
All the girls are girling, girling
All the girls are girling, girling
All the girls are girling, girling
All the girly girls",Very Positive,0.8349
HYBE,LE SSERAFIM,1-800-hot-n-fun,Unknown,251408,"Really, I'm honestly just sad about my shoes
Yeah

I like to dance when I party
I like to kiss everybody
Where the heck is Saki?
She's waiting down in the lobby
I'm tryna break it down, yeah, baby, get her
Turn up the party
I like to dance when I party
I like to kiss everybody
Where the heck is Saki?
She's waiting down in the lobby
I'm tryna break it down, yeah, baby, get her
Turn up the party

Run it back, yeah, I like this track (Yeah), drop it, drop a bag
Louis V bag 'round my neck, ooh yеah, 'cause I'm so classy (Woo)
I still break it down though, I bet you can't gеt past me
Hot babe, sweet angel, I'm so cute, I'm so nerdy, so sassy

Oh, shit, oh, my God
DJ, play my favorite song
Raise the roof, let the dogs out
Play something by Beyoncé
I'm not tryna leave
Until they kick us to the road
But if they do, it's cool though
Got an address in my phone

I like to dance when I party
I like to kiss everybody
*Where the heck is Saki?*
She's waiting down in the lobby
I'm tryna break it down, yeah, baby, get her
Turn up the party
I like to dance when I party
I like to kiss everybody
Where the heck is Saki?
She's waiting down in the lobby
I'm tryna break it down, yeah, baby, get her
Turn up the party

1-800-hot-n-fun
That's my number, hit my line
1-800-hot-n-fun
Hear my ringtone every time
*1-1-800-hot-n-fun*
That's my number, hit my line
1-1-1-800-hot-n-fun
*Hear my ringtone every time*

Oh, shit, oh, my God
DJ, play my favorite song
Raise the roof, let the dogs out
Play something by Beyoncé
I'm not tryna leave
Until they kick us to the road
But if they do, it's cool though
Got an address in my phone

I like to dance when I party
I like to kiss everybody
Where the heck is Saki?
She's waiting down in the lobby
I'm tryna break it down, yeah, baby, get her
Turn up the party
I like to dance when I party
I like to kiss everybody
Where the heck is Saki?
She's waiting down in the lobby
I'm tryna break it down, yeah, baby, get her
Turn up the party

1-800-hot-n-fun
That's my number, hit my line
1-800-hot-n-fun
Hear my ringtone every time1-800-hot-n-fun
*That's my number, hit my line*
1-800-hot-n-fun
Hear my ringtone every time",Very Positive,0.6078
HYBE,LE SSERAFIM,EASY (English ver.),Unknown,186451,"Copy 'cause they mad that I still kiss me
Shit gets hard, I’m making it look easy
Stage is burning up heat on my body
Pull up, and I rip it up like ballet
Damn, I really make it look easy
Yeah, know that I make it look easy

Clap your hands, if you're with me
Clap your hands to the beat now (Dream, dream, dream)
I keep it real, shout it out
Let 'em know ""I’m the real one"" (Sheesh, sheesh)
When the lights are dimming down, wander in the night
Don't know what is right, don't know 'bout my rights
So greedy, turn my enemies to friends of me, yeah
You call me a fallen angel, no morе seraphim, yeah

Mm, mm-mm, mm
I've been tryin' so long to show you, show you, show you (Oh)
(I'm thе one that you need)

Copy 'cause they mad that I still kiss me
Shit gets hard, I’m making it look easy
Stage is burning up heat on my body
Pull up and I rip it up like ballet
Damn, I really make it look easy
Yeah, know that I make it look easy
Yeah, know that I make it look easy

Zero to one hundred, keep on whippin’
Push the pedal to the metal on the surface
Get, set, go, come and see me, I'm the fearless, mm
Every move I make is a living history, I do it my way
Hero undercover but the journey makes me heartless
Got ’em so emotional
The jealousy, so uncontrollable

Mm
I've been tryin' so long to show you, show you, show you
(I'm the one that you need)

’Cause they, 'cause they mad that I still kiss me (Kiss)
Shit gets hard, I'm making it look easy (Shit gets hard, I'm making it look easy)
Stage is burning up heat on my body (That's my body, that's my body)
Pull up and I rip it up like ballet (Yeah, yeah, yeah)
Damn, I really make it look easy (Damn, I really make it look easy)
*Yeah, know that I make it look easy*",Very Positive,0.8488
HYBE,LE SSERAFIM,BOOMPALA,Unknown,170604,"Dale a tu cuerpo alegría, Macarena
Que tu cuerpo es pa' darle alegría y cosa buena
Dale a tu cuerpo alegría, Macarena
Eh, Macarena (¡Ayy!)
(Uh)
SSERAFIM, baby (Uh)
(Uh)
Boompala (Uh)

Uh, boompala, boompala, boompala, ayy (Uh)
Uh, boompala, boompala, boompala, ayy (Uh)
You can't hold on to the clouds in the air (Uh)
Uh, boompala, boompala, boompala, ayy (Uh)

Wake up saying ""Hi"" to the mirror
Trying to find the light where the fear were
Baby, say goodbye if you see her
She's only an illusion, don't feed her (What?)
Beating up all inner drama
Saving the shame for mañana
Pause for a second like comma
Put the fear to bed, pajama

Uh, boompala, boompala, boompala, yeah (Uh)
Uh, boompala, boompala, boompala, yeah (Uh)
You can't hold on to thе clouds in the air (Uh)
Uh, boompala, boompala, boompala, yeah (Uh)
Uh, boompala, boompala, boompala, ayy (Uh)
Uh, boompala, boompala, boompala, ayy (Uh)
Nothing's forevеr so nothing's to fear (Uh)
Uh, boompala, boompala, boompala, ayy (Uh)

On my chest, on my heart, I'm drumming (Yeah)
Only loving on myself, I'm coming (Uh)
My celestial chakra is stunning
नमस्ते, नमस्ते, I'ma stay up (Eh, Macarena)
On my chest, on my heart, I'm drumming (Yeah)
Only betting on myself, I run it (Uh)
My celestial chakra is stunning
One, two, three, bye-bye (Eh, Macarena)

Holding on too tight, gotta let it flow (Uh)
Feeling like a wave in the undertow (Uh)
Permanent is something that I'm letting go (Uh)
I gotta let go, yeah, I'm going, going, going (Uh, what?)
Going, going, going crazy, yeah
I couldn't be more in touch if you paid me
Self love is the mommy, I'm the baby
Zen out, meditate on the daily

Uh, boompala, boompala, boompala, ayy (Uh)
Uh, boompala, boompala, boompala, ayy (Uh)
Everything's water and everything's air (Uh)
Uh, boompala, boompala, boompala, ayy (Uh)
Uh, boompala, boompala, boompala, ayy (Uh)
Uh, boompala, boompala, boompala, ayy (Uh)
Everything's empty so everything's clear (Uh)
Uh, boompala, boompala, boompala, ayy (Uh)

On my chest, on my heart, I'm drumming (Uh)
Only loving on myself, I'm coming (Uh)
My celestial chakra is stunning (Yeah)
नमस्ते, नमस्ते, I'ma stay up (Eh, Macarena)
On my chest, on my heart, I'm drumming (Yeah)
Only betting on myself, I run it (Uh)
My celestial chakra is stunning
One, two, three, bye-bye (Eh, Macarena)

Uh, boompala, boompala, boompala, ayy (Dale a tu cuerpo alegría, Macarena; Uh)
Uh, boompala, boompala, boompala, ayy (Que tu cuerpo es pa' darle alegría y cosa buena; Uh)
You can't hold on to the clouds in the air (Dale a tu cuerpo alegría, Macarena; Uh)
Uh, boompala, boompala, boompala, ayy (Eh, Macarena; Uh)
Uh, boompala, boompala, boompala, yeah (Dale a tu cuerpo alegría, Macarena; Uh)
Uh, boompala, boompala, boompala, yeah (Que tu cuerpo es pa' darle alegría y cosa buena; Uh)
Nothing's forever so nothing's to fear (Dale a tu cuerpo alegría, Macarena; Uh)
Uh, boompala, boompala, boompala, yeah (Eh, Macarena; Uh)

Dale a tu cuerpo alegría, Macarena
Que tu cuerpo es pa' darle alegría y cosa buena
Dale a tu cuerpo alegría, Macarena
Eh, Macarena (¡Ayy!)
Dale a tu cuerpo alegría, Macarena
Que tu cuerpo es pa' darle alegría y cosa buena
Dale a tu cuerpo alegría, Macarena
Eh, Macarena (¡Ayy!)",Very Positive,0.7496
HYBE,LE SSERAFIM,"이브, 프시케 그리고 푸른 수염의 아내 (Eve, Psyche & The Bluebeard’s wife)",Unknown,165988,"I'm a mess, mess, mess, mess, mess, mess, mess
I'm a mess, mess, mess, mess, mess, mess, mess
I'm a mess in distress, but we're still the best dressed
Fearless, say yes, we don't dress to impress

괜찮단다 뭐를 해도
거짓말인 걸 난 알아
괜찮겠지 뭘 해도
착한 얼굴에 네 말 잘 들을 땐
괜찮지 않아 그런 건
내 룰은 나만 정할래, yeah
볼 거야 금지된 걸
Never hold back, 더 자유롭게

Boom, boom, boom
내 심장이 뛰네
Get it like boom-boom-boom
Get it like boom-boom-boom (Boom-boom, now)
Boom, boom, boom
내 심장이 뛰네
Get it like boom-boom-boom
Get it like boom-boom-boom

(Push it) I wish for what's forbidden
Get it like boom-boom-boom, get it like boom-boom-boom
(
Push it
) 
I wish for what's forbidden
Get it like boom-boom-boom, get it like boom-boom-boom

I'm a mess, mess, mess, mess, mess, mess, mess
I'm a mess, mess, mess, mess, mess, mess, mess
I'm a mess in distress, but we're still the best dressed
Fearless, say yes, we don't dress to impress

웃어 웃어 더 인형이 되렴
덮어, 덮어 다 감정 따윈 다
싫어, 싫어, 난 인형이 아냐
찡그린대도 그것도 나야
보지 말라 보고파
날 둘러싼 이 금기들, yeah
그날의 이브처럼
Take it on the chain, I know I like that

Boom, boom, boom
내 심장이 뛰네
Get it like boom-boom-boom
Get it like boom-boom-boom (Boom-boom, now)
Boom, boom, boom
내 심장이 뛰네
Get it like boom-boom-boom
Get it like boom-boom-boom

(Push it) I wish for what's forbidden
Get it like boom-boom-boom, get it like boom-boom-boom
(Push it) I wish for what's forbidden
Get it like boom-boom-boom, get it like boom-boom-boom (Oh-oh)

What you waiting for?
이게 타락이면 we fall, fall, fall
What you looking for?
원한다면 now we fall, we fall, we fall

Boom, boom, boom
내 심장이 뛰네
Get it like boom-boom-boom
Get it like boom-boom-boom (Boom-boom, now)
Boom, boom, boom
내 심장이 뛰네
Get it like boom-boom-boom
Get it like boom-boom-boom

Girl wanna have fun (Girl)
Girl wanna have fun (Girl)
Get it like boom-boom-boom
Get it like boom-boom-boom
Girl wanna have fun (Girl)
Girl wanna have fun (Girl)
Get it like boom-boom-boom
Get it like boom-boom-boom",Very Positive,0.4095
HYBE,LE SSERAFIM,SPAGHETTI (English ver.),Unknown,159696,"This is a hot spot
Your favorite dish like a hot pot
You taste it once and fall in love
And now you can't go back
My girls in the kitchen
We're cookin' it up, what you're craving
I flick my wrist, yeah, I'm saucin'
And now the world's gone mad

You don't need to think too much
Oh, just savor all the flavor dancing on your tongue (Yeah, yeah, yeah)
Now my name is melting in your mouth
Guilty pleasure never killed nobody, try me out

(Woo) I serve looks like spaghetti
I serve looks like bon appétit
All my girls hot and ready
Eat it up, eat it, eat it up
(Woo) I serve looks like spaghetti
Bad dish in between your teeth
All my girls hot and ready
Eat it up, еat it, eat it up

Eat it up, eat it, eat it (Eugh)
Eat it up, еat it up
Eat it up, eat it, eat it
Eat it up, eat it, eat it up

Yeah, this is the sweet spot
Heat up the scene, it's that big shot
Chef's choice, 널 위한 킥이야
You lost in the sauce, no turnin' back
더 취할 거야 밤새, 기울여 절로
난 빈 잔은 받고, 이젠 핀잔은 걸러
좋은 게 좋은 거지, 좋다는 게, 왜 뭐?
느껴봐 어서, 꺾지 말고, 벌컥
Snap it up like a Getty
내 김치 포즈는 여전히 priceless
Whatever I'm cookin', 스타같이
어떤 코스든 원하면 말아주는 쉐키
내가 네 취향 드라마 주인공이고
또 숨듣명이고, 고칼로리 Hershey 초코
모든 줏대를 홀리는 타로, 넌 음미해 나로
자 이제 까에서 빠로, brr

Yeah, this is a hot spot
Don't give a fuck 'bout what you want
The minute that I hit your taste buds
I'm getting all three stars
You act like you hate it
So why did you cheat on your diet?
You sneak a bite when I can't see
You better stop lying

Don't care what you talk about
You keep coming back for seconds when you hear this sound (Yeah, yeah, yeah)
Now my name is melting in your mouth (Ooh)
Chew it over 'til you know what you can't live without

(Woo) I serve looks like spaghetti
I serve looks like bon appétit
All my girls hot and ready
Eat it up, eat it, eat it up
(Woo) I serve looks like spaghetti
Bad dish in between your teeth
All my girls hot and ready
Eat it up, eat it, eat it up

Eat it up, eat it, eat it (Eugh)
Eat it up, eat it up
Eat it up, eat it, eat it
Eat it up, eat it, eat it up
Eat it up, eat it, eat it (Eugh)
Eat it up, eat it up
Eat it up, eat it, eat it
Eat it up, eat it, eat it up",Very Positive,0.7247
HYBE,LE SSERAFIM,Smart (English Ver.),Unknown,146074,"(Ah-ah-ah)
(Ah-ah-ah)

I'm a smarter, baby, smarter
Smarter, baby, smarter
Every move I make, baby
See right through your strategy
Wanna be a winner
Wanna be a winner
Tried to put their chains on me
Like butterflies, I'm breaking free

I want it all, that glitter and gold
I call it ""Sugar"" (My sugar, sugar)
Keep it on the low, backup plans, A to Z
My sugar, sugar (My sugar)

Baby, you can call me mean, mean, mean, mean, mean
I don't give a shit, shit, shit, shit, shit
The beauty and the brains I got both on me
But living like a ""villain"" is what I need
So I just wanna be me, me, me, me
Loving what I see, see, see, see, seeLE SSERAFIM
We're going straight to victory

I'm a smarter, baby, smarter
Smarter, baby, smarter
Every move I make, baby
See right through your strategy
Wanna be a winner
Wanna be a winner
Tried to put their chains on me
Like butterflies, I'm breaking free
I'm a smarter, baby

Work hard in secret like clockwork, tap-tap I get
I planned that, don't be mad
Keep it on the low
No, this time I won't be the loser, loser (That loser)

Baby, you can call me mean, mean, mean, mean, mean
I don't give a shit, shit, shit, shit, shit
The beauty and the brains I got both on me
But living like a ""villain"" is what I need
So I just wanna be me, me, me, me
Loving what I see, see, see, see, see
LE SSERAFIM
We're going straight to victory

I'm a smarter, baby, smarter
Smarter, baby, smarter
Every move I make, baby
See right through your strategy
Wanna be a winner
Wanna be a winner
Tried to put their chains on me
Like butterflies, I'm breaking free
I'm a smarter, baby

Drippin' like I'm hot sauce, shinin' like my lip gloss
Work it like a boss, cut the line, huh
Nobodies tell me, ""That's all luck,"" I tell 'em, ""No, it's not luck""
My sweat is not lying, lying
Don't slow down, level up super-fast
Best scheme, you could never guess
Godsend, when I'm doing it best
*Dinner of the winner, that is what I want to get*

I'm a smarter, baby, smarter
Smarter, baby, smarter
Every move I make, baby
See right through your strategy
Wanna be a winner
Wanna be a winner
Tried to put their chains on me
Like butterflies, I'm breaking free
I'm a smarter, baby",Very Positive,0.7932
HYBE,LE SSERAFIM,UNFORGIVEN,Unknown,140336,"Unforgiven, I'm a villain, I'm a
Unforgiven, 난 그 길을 걸어
Unforgiven, I'm a villain, I'm a
새 시대로 기억될 unforgiven

Yeah, what you want?
불편함이 깃든 face, wanna shut me up
사냥감을 거듭해 찾는 warriors
너의 game에 난 문제아, such a freak, 골칫거리
Let me tell you 'bout LE SSERAFIM
내가 제일 싫은 건 낡은 대물림
어둠 속 불을 켜 마치 rebellion
We gonna kick it, break it, rules gon' give up

Unforgiven, yes, I was bleeding
힘없이 늘 져야만 했던 싸움
But I ride
바란 적도 없어 용서 따위는
난 금기를 겨눠, watch me now
Now, now, now

Unforgiven, I'm a villain, I'm a
Unforgiven, 난 그 길을 걸어
Unforgiven, I'm a villain, I'm a
새 시대로 기억될 unforgiven

나랑 저 너머 같이 가자
My unforgiven girls (Unforgiven)
나랑 선 넘어 같이 가자
My unforgiven boys
Unforgiven, unforgiven, unforgiven
한계 위로 남겨지는 우리 이름
나랑 저 너머 같이 가자
My unforgiven girls

U-unforgiven-given-given
내 style로 livin', livin', livin'
내 방식 아주 원 없이
또 한국말론 아주 ""철없이"" (What?)
Get started, let's get started
미래 그 앞에 새겨둬 나의 story
신념이 죄면 난 villain
I'm not that Cindеrella type of a girl

Unforgiven, yеs, I was bleeding
힘없이 늘 져야만 했던 싸움
But I ride
바란 적도 없어 용서 따위는
난 금기를 겨눠, watch me now
Now, now, now

Unforgiven, I'm a villain, I'm a
Unforgiven, 난 그 길을 걸어
Unforgiven, I'm a villain, I'm a
새 시대로 기억될 unforgiven

나랑 저 너머 같이 가자
My unforgiven girls (Unforgiven)
나랑 선 넘어 같이 가자
My unforgiven boys
Unforgiven, unforgiven, unforgiven
한계 위로 남겨지는 우리 이름
나랑 저 너머 같이 가자
My unforgiven girls

Unforgiven, I'm a villain, I'm a
Unforgiven, 난 그 길을 걸어
Unforgiven, I'm a villain, I'm a
Unforgiven, 난 그 길을 걸어

Oh, I will never be a clown (Never be a clown)
Oh, 보게 될 거야 나다움 (*될 거야 나다움*)
Oh, 내 목소린 좀 loud (목소린 좀 loud)
Oh, I don't care, just shout it out

나랑 저 너머 같이 가자
My unforgiven girls (Unforgiven)
나랑 선 넘어 같이 가자
My unforgiven boys
Unforgiven, unforgiven, unforgiven
한계 위로 남겨지는 우리 이름
나랑 저 너머 같이 가자
My unforgiven girls",Very Positive,0.7026
HYBE,LE SSERAFIM,HOT (English ver.),Unknown,139219,"I'm burning hot

Shades on my eyes cover my tears
You see the smile, I feel the fear so
Paint my lips red, throw on some heels
Hold up my head and tonight, I'll remind myself that

I'm the one, two, and three, kissing the mirror, I'm she
Struck like lightning, so ignited
You can hate me for me, baby, that's your loss
Don't love me for somebody I'm not

I'm burning hot (Hot), there's a fire living inside me
And it won't burn out after dark (Dark)
So tonight, I'm not gonna fight it
Bonnie and Clyde it, oh

Not running from it, not running from it
Who I'm becoming, I love it
Like it or not (Hot)
I'm burning hot (I'm burning hot)

Matches, gonna strike one, light one up on my baggage
Imagine all the beautiful things that used to be ashes
Practice getting off the bench to work on myself
When it hurts like hell, I know that I'm

I'm the one, two, and three, kissing the mirror, I'm she
Struck like lightning, so ignited
You can hate me for me, baby, that's your loss
Don't love me for somebody I'm not

I'm burning hot (Hot), there's a fire living inside me
And it won't burn out after dark (Dark)
So tonight, I'm not gonna fight it
Bonnie and Clyde it, oh

Not running from it, not running from it
Who I'm becoming, I love it
Like it or not (Hot)
I'm burning hot (I'm burning hot)

Oh, oh-oh",Very Positive,0.4778
HYBE,LE SSERAFIM,ANTIFRAGILE,Unknown,116950,"Anti-ti-ti-ti-fragile, fragile
Anti-ti-ti-ti-fragile
Anti-ti-ti-ti-fragile, fragile
Antifragile, antifragile

가시밭길 위로 ridin'
You made me boost up (Ah-ah-ah-ah)
거짓으로 가득 찬 party
가렵지도 않아
내 뒤에 말들이 많아
나도 첨 듣는 내 rival
모두 기도해 내 fallin’
그 손 위로, I'ma jump in (Yes, gimme that)

걸어봐 위엄 like a lion
눈빛엔 거대한 desire (Na-na-na, eh)
더 부어, gasoline on fire
불길 속에 다시 날아 risin' (Na-na-na, eh)
잊지 마 내가 두고 온 toe shoes
무슨 말이 더 필요해
무시 마 내가 걸어온 career
I go to ride ’til I die, die

더 높이 가줄게
내가 바랐던 세계 젤 위에 (Ah-ah)
떨어져도 돼
I'm antifragile, antifragile (Ah-ah)
난 지금 on my way
갖다버려 줘 너의 fairytale (Ah-ah)
Now, you know my name
I'm antifragile, antifragile

Anti-ti-ti-ti-fragile, fragile
Anti-ti-ti-ti-fragile
Anti-ti-ti-ti-fragile, fragile
Antifragile, antifragile

Lovey, lovey, lovey, dovey, dovey, dovey
멋대로 정하네 나란 애에 대해
I don't know what to say
I can't feel it
뜨거운 관심은 환영
귀여운 질투는 go ahеad
줄 달린 인형은 no thanks
내 미랠 쓸 나의 노래 (Yeah, gimme that)

걸어봐 위엄 like a lion
눈빛엔 거대한 dеsire (Na-na-na, eh)
더 부어 gasoline on fire
불길 속에 다시 날아 risin' (Na-na-na, eh)
잊지 마 내가 두고 온 toe shoes
무슨 말이 더 필요해
무시 마 내가 걸어온 career
I go to ride 'til I die, die

더 높이 가줄게
내가 바랐던 세계 젤 위에 (Ah-ah)
떨어져도 돼
I'm antifragile, antifragile (Ah-ah)
난 지금 on my way
갖다버려 줘 너의 fairytale (Ah-ah)
Now, you know my name
I’m antifragile, antifragile

Anti-ti-ti-ti-fragile, fragile
Anti-ti-ti-ti-fragile
Anti-ti-ti-ti-fragile, fragile
Antifragile, antifragile

We can break it, baby
Rock it, twist it, lock it, baby
All I know is you can’t chain me
'Cause I’m gonna break out, gonna, gonna break out, out
We can break it, baby
Rock it, twist it, lock it, baby
All I know is you can't chain me
'Cause I'm gonna break out, gonna, gonna, break out, out (Woah)

더 높이 가줄게
내가 바랐던 세계 젤 위에 (Ah-ah)
떨어져도 돼
I’m antifragile, antifragile (Ah-ah)
난 지금 on my way
갖다버려 줘 너의 fairytale (Ah-ah)
Now, you know my name
I'm antifragile, antifragile

Anti-ti-ti-ti-fragile, fragile
Anti-ti-ti-ti-fragile
Anti-ti-ti-ti-fragile, fragile
Antifragile, antifragile",Very Negative,0.5448
HYBE,LE SSERAFIM,SPAGHETTI,Unknown,107190,"This is a hot spot
숨 쉬듯 찾는 네 밥상
단골이 된 넌 fall in love
참을 수 없는 맛
우린 in the kitchen
Cookin' it up, what you craving
나의 입맛대로 saucin'
And now the world's gone mad

You don't need to think too much
씹고 뜯고 맛보고 즐기다 가면 돼 (Yeah, yeah, yeah)
깊이 스며들어 in your mouth (Ooh)
Guilty pleasure never killed nobody, 드셔봐

(Woo) 이빨 사이 낀 spaghetti
빼고 싶니? Bon appétit
그냥 포기해 어차피
Eat it up, eat it, eat it up
(Woo) 머릿속 낀 SSERAFIMBad bitch in between your teeth
그냥 포기해 어차피
Eat it up, eat it, eat it up

Eat it up, eat it, eat it (Woah)
Eat it up, eat it (Up)
Eat it up, eat it, eat it
Eat it up, eat it, eat it up

Yeah, this is the sweet spot
Heat up the scene, it's that big shot
Chef's choice, 널 위한 킥이야
You lost in the sauce, no turnin' back
더 취할 거야 밤새, 기울여 절로
난 빈 잔은 받고, 이젠 핀잔은 걸러
좋은 게 좋은 거지 좋다는 게, 왜 뭐?
느껴봐 어서, 꺾지 말고, 벌컥
Snap it up like a Getty
내 김치 포즈는 여전히 priceless
Whatever I'm cookin', star같이
어떤 코스든 원하면 말아주는 쉐키
내가 네 취향 드라마 주인공이고
또 숨, 듣, 명이고, 고칼로리 Hеrshey 초코
모든 줏대를 홀리는 타로, 넌 음미해 나로
자 이제 까에서 빠로, brr

Yeah, this is a hot spot
Don't give a fuck, 네가 뭐라던
씹어보셔 맛이 좋아
필요 없어 three star
Yеah, 말로만 hate it
어디 갔어 너의 diet?
남몰래 쓱 하는 음미
You better stop lying

Don't care what you talk about
오늘도 제 발로 달려온 건 너잖아 (Yeah, yeah, yeah)
깊이 스며들어 in your mouth (Ooh)
진짜 사랑인지 아닌지 곱씹어 봐

(Woo) 이빨 사이 낀 spaghetti
빼고 싶니? Bon appétit
그냥 포기해 어차피
Eat it up, eat it, eat it up
(Woo) 머릿속 낀 SSERAFIM
Bad bitch in between your teeth
그냥 포기해 어차피
Eat it up, eat it, eat it up

Eat it up, eat it, eat it (Woah)
Eat it up, eat it up
Eat it up, eat it, eat it
Eat it up, eat it, eat it up
Eat it up, eat it, eat it (Woah)
Eat it up, eat it up
Eat it up, eat it, eat it
Eat it up, eat it, eat it up",Very Negative,0.3855
HYBE,LE SSERAFIM,FEARLESS,Unknown,102221,"Bam
Ba-ba-ba-bam-bam
Ba-ba-ba-bam-bam
Ba-ba-ba-bam-bam
Bam
Ba-ba-ba-bam-bam
Ba-ba-ba-bam-bam
Ba-ba-ba-bam-bam

제일 높은 곳에 난 닿길 원해
느꼈어 내 answer
내 혈관 속에 날뛰는 new wave
내 거대한 passion
관심 없어 과거에
모두가 알고 있는 그 trouble에, huh
I'm fearless, a new bitch
New crazy, 올라가, next one

(Woah-oh-oh-oh-oh) 밟아줘, highway, highway
(Woah-oh-oh-oh-oh) 멋진 결말에 닿게
내 흉짐도 나의 일부라면
(Woah-oh-oh-oh-oh) 겁이 난 없지, 없지

What you lookin' at? What you, what you lookin' at?
What you lookin' at? What you, what you lookin' at?
What you lookin' at? What you, what you lookin' at?
Mm-mm-mm-mm, I'm fearless, huh
You should get away, get a, get a, get away
다치지 않게, 다치-다치지 않게
You should get away, get a, get a, get away
Mm-mm-mm-mm, I'm fearless, huh

Bam
Ba-ba-ba-bam-bam
Ba-ba-ba-bam-bam
Ba-ba-ba-bam-bam
Bam
Ba-ba-ba-bam-bam
Ba-ba-ba-bam-bam
Ba-ba-ba-bam-bam

욕심을 숨기라는
네 말들은 이상해
겸손한 연기 같은 건
더 이상 안 해
가져와 forever win 내게, ayy
가슴팍에 숫자 일 내게, ayy
내 밑으로 조아린 세계, ayy
Take the world, break it down, break you down, down

(Woah-oh-oh-oh-oh) 밟아줘, highway, highway
(Woah-oh-oh-oh-oh) 멋진 결말에 닿게
내 흉짐도 나의 일부라면
(Woah-oh-oh-oh-oh) 겁이 난 없지, 없지

What you lookin' at? What you, what you lookin' at?
What you lookin' at? What you, what you lookin' at?
What you lookin' at? What you, what you lookin' at?
Mm-mm-mm-mm, I'm fearless, huh
You should get away, get a, get a, get away
다치지 않게, 다치-다치지 않게
You should get away, get a, get a, get away
Mm-mm-mm-mm, I'm fearless, huh

Bam
Ba-ba-ba-bam-bam
Ba-ba-ba-bam-bam
Ba-ba-ba-bam-bam
Bam
Ba-ba-ba-bam-bam
Ba-ba-ba-bam
Mm-mm-mm-mm, I'm fearless, huh

(Bam, ba-ba-ba-bam-bam)
더는 없어 패배
(Ba-ba-ba-bam-bam, ba-ba-ba-bam-bam)
준비된 내 payback
(Bam, ba-ba-ba-bam-bam)
Bring it, 당장 내게
(Ba-ba-ba-bam)
Mm-mm-mm-mm, I'm fеarless, huh

What you lookin' at? What you, what you lookin' at?
What you lookin' at? What you, what you lookin' at?
What you lookin' at? What you, what you lookin' at?
Mm-mm-mm-mm, I'm fearless, huh
You should gеt away, get a, get a, get away
다치지 않게, 다치-다치지 않게
You should get away, get a, get a, get away
Mm-mm-mm-mm, I'm fearless, huh",Very Positive,0.3801
HYBE,NewJeans,Ditto,Unknown,456971,"Ooh-ooh-ooh
Ooh-ooh-ooh

Stay in the middle like you a little
Don't want no riddle, 말해줘, say it back
Oh, say it, ditto, 아침은 너무 멀어
So say it, ditto

훌쩍 커버렸어 함께한 기억처럼
널 보는 내 마음은 어느새 여름 지나 가을
기다렸지
All this time
Do you want somebody? Like I want somebody?
날 보고 웃었지만 do you think about me now, yeah?
All the time, yeah
All the time

I got no time to lose
내 길었던 하루, 난 보고 싶어
Ra-ta-ta-ta, 울린 심장 (Ra-ta-ta-ta)
I got nothing to lose
널 좋아한다고, ooh-woah, ooh-woah, ooh-woah, ooh
Ra-ta-ta-ta, 울린 심장 (Ra-ta-ta-ta)
But I don't want to

Stay in the middle like you a little
Don't want no riddle, 말해줘, say it back
Oh, say it, ditto, 아침은 너무 멀어
So say it, ditto, I don't want to
Walk in this 미로, 다 아는 건 아니어도
바라던 대로 말해줘, say it back
Oh, say it, ditto, I want you so, want you
So say it, ditto

Not just anybody, 너를 상상했지
항상 닿아있던 처음 느낌 그대로 난
기다렸지
All this time

I got nothing to lose
널 좋아한다고, ooh-woah, ooh-woah, ooh-woah, ooh
Ra-ta-ta-ta, 울린 심장 (Ra-ta-ta-ta)
But I don't want to

Stay in the middle like you a little
Don't want no riddle, 말해줘, say it back
Oh, say it, ditto, 아침은 너무 멀어
So say it, ditto, I don't want to
Walk in this 미로, 다 아는 건 아니어도
바라던 대로 말해줘, say it back
Oh, say it, ditto, I want you so, want you
So say it, ditto

Ooh-ooh-ooh
Ooh-ooh-ooh",Very Positive,0.4301
HYBE,NewJeans,OMG,Unknown,341176,"이 노래는 it's about you, baby
Only you
You, you, you
You, you, you, you

내가 힘들 때 울 것 같을 때 (Mm-hm)
기운도 이젠 나지 않을 때 (Mm-hm)
It's you, 날 걱정하네, it's you, 날 웃게하네
말 안 해도 돼, boy, what do you say?

(They keep on asking me, ""Who is he?"")
멀리든 언제든지 달려와
(They keep on asking me, ""Who is he?"")
바쁜 척도 없이 넌 나타나
(They keep on asking me, ""Who is he?"")
이게 말이 되니 난 물어봐
(They keep on asking me, ""Who is he?"")
너는 말야, he's the one that's living in my system, baby

Oh my, oh my God, 예상했어 나
I was really hoping that he will come through
Oh my, oh my God, 단 너뿐이야
Asking all the time about what I should do

No, I can never let him go (Ooh)
너만 생각나, twenty-four (Ooh)
난 행운아야 정말로 (Ooh)
I know, I know (Ooh)
널 알기 전까지는 나 (Ooh)
의미 없었어 전부 다 (Ooh)
내 맘이 끝이 없는 걸 (Ooh)
I know, I know, I'm going crazy, right?

어디서든, 몇 번이든
There ain't nothing else that I would hold on to
I hear his voice through all the noise
잠시라도 내 손 놓지 마, no, no
걱정 없잖아
'Cause I got someone
혼자라도 괜찮아
'Cause I love someone

(They keep on asking me, ""Who is he?"")
멀리든 언제든지 달려와
(They keep on asking me, ""Who is he?"")
바쁜 척도 없이 넌 나타나
(They keep on asking me, ""Who is he?"")
이게 말이 되니 난 물어봐
(They keep on asking me, ""Who is he?"")
너는 말야, he's the one that's living in my system, baby

Oh my, oh my God, 예상했어 나
I was really hoping that he will come through
Oh my, oh my God, 단 너뿐이야
Asking all the time about what I should do

No, I can never let him go (Ooh)
너만 생각나, twenty-four (Ooh)
난 행운아야 정말로 (Ooh)
I know, I know (Ooh)
널 알기 전까지는 나 (Ooh)
의미 없었어 전부 다 (Ooh)
내 맘이 끝이 없는 걸 (Ooh)
I know, I know (He's the one that's living in my system, baby, baby)

Baby
Babe, baby
I'm going crazy, right? (Baby)
Baby
I'm going crazy, right?
Babe, baby
너와 나

My heart is glowing, it's glowing up (Glow, glow)
너랑만 있으면 무서울 게 없어 (No, no)
가득 메워진, 다 메워진 (붉어진)
My heart is glowing, it'd be glowing
'Cause he

Oh my, oh my God, 예상했어 나
I was really hoping that he will come through
Oh my, oh my God, 단 너뿐이야
Asking all the time about what I should do (너와 나)

No, I can never let him go (Ooh)
He's right there for me, twenty-four (Ooh)
난 행운아야 정말로 (Ooh)
I know, I know (너와 나)
널 알기 전까지는 나 (Ooh)
의미 없었어 전부 다 (Ooh)
어떡해, my heart is glowing, it's glowing
My heart is glowing up so I can't sleep at night",Very Positive,0.5096
HYBE,NewJeans,Super Shy,Unknown,256102,"I'm super shy, super shy
But wait a minute while I make you mine, make you mine
떨리는 지금도, you're on my mind all the time
I wanna tell you but I'm super shy, super shy
I'm super shy, super shy
But wait a minute while I make you mine, make you mine
떨리는 지금도, you're on my mind all the time
I wanna tell you but I'm super shy, super shy

And I wanna go out with you, where you wanna go? (Huh?)
Find a lil' spot, just sit and talk
Looking pretty, follow me
우리 둘이 나란히
보이지? (봐)
내 눈이 (Heh)
갑자기, 빛나지
When you say I'm your dream

You don't even know my name, do ya?
You don't even know my name, do ya?
누구보다도

I'm super shy, supеr shy
But wait a minute while I make you minе, make you mine
떨리는 지금도, you're on my mind all the time
I wanna tell you but I'm super shy, super shy
I'm super shy, super shy
But wait a minute while I make you mine, make you mine
떨리는 지금도, you're on my mind all the time
I wanna tell you but I'm super shy, super shy

나 원래 말도 잘하고 그런데 왜 이런지
I don't like that
Something odd about you
Yeah, you're special and you know it
You're the top, babe

I'm super shy, super shy
But wait a minute while I make you mine, make you mine
떨리는 지금도, you're on my mind all the time
I wanna tell you but I'm super shy, super shy
I'm super shy, super shy
But wait a minute while I make you mine, make you mine
떨리는 지금도, you're on my mind all the time
I wanna tell you but I'm super shy, super shy

You don't even know my name, do ya?
You don't even know my name, do ya?
누구보다도
You don't even know my name, do ya? (Super shy, super shy, make you mine, make you mine)
*You don't even know my name, do ya?* (On my mind all the time, I wanna tell you but I'm super shy, super shy)",Very Positive,0.8155
HYBE,NewJeans,New Jeans,Unknown,232522,"Look, it's a new me
Switched it up, who's this?
우릴 봐, NewJeans
So fresh, so clean
얼마나 기다렸던 날
드디어, time to step out
또 한 번 더
, ready for sure
To have some more

New hair, new tee
NewJeans, do you see?
New hair, new tee
NewJeans, do you see?
New hair, new tee
NewJeans, do you see?
New hair, new tee
NewJeans, do you see?

Make it feel like a game
Look at us, we go on and on again
We'll go on to the end
What we wanna do, on and on again
Make it feel like a game
Look at us, we go on and on again
We'll go on to the end
What we wanna do, on and on again

Look, it's a new me
Switched it up, who's this?
들어봐 NewJeans
So fresh, so clean
얼마나 기다렸던 날
드디어, feeling's so right
또 한 번 더, I need to know
You want some more

New hair, new tee
NewJeans, you and me
New hair, new tee
NewJeans, you and me
New hair, new tee
NewJeans, you and me
New hair, new tee
NewJeans, you and me",Very Positive,0.64
HYBE,NewJeans,Supernatural,Unknown,178399,"Come on
(Ah-ah)
Let's go

Stormy night, cloudy sky
In the moment, you and I
One more chance, 너와 나
다시 한번 만나게, 서로에게 향하게

My feeling's getting deeper
내 심박수를 믿어
우리 인연은 깊어
I gotta see the meaning of it (Come on)

I don't know what we've done, 되돌아가긴 싫어
もう知っている
Don't know what we've been sold, 見つけられるよ
So it's sure (Come on)

Golden moon, diamond stars
In a moment, you and I
Second chance, しょうがない
もう少し待って, 너와 내게 향하게

My feeling's getting deeper
내 심박수를 믿어
우리 인연은 깊어
I gotta see the meaning of it

I don't know what we've done, 되돌아가긴 싫어
もう知っている
Don't know what we've been sold, 見つけられるよ
So it's sure

It's supernatural
It's supernatural

거짓말 안 할래
너도 말해
Attention we should pay
To what is coming through
We had no idea
It's crystal clear
Love is here
Sitting next to you

私とあなた
Golden moon, diamond stars
In a moment, we unite",Very Positive,0.792
HYBE,NewJeans,ETA,Unknown,162061,"낭비하지 마 네 시간은 은행
서둘러서 정리해 걔는 real bad
받아주면 안돼, no, you better trust me
답답해서 그래
저번에도 봤지만 너 없을 때
걘 여기저기에 눈빛을 뿌리네
아주 눈부시게, honestly 우리 사이에
He's been totally lyin', yeah

내 생일 파티에 너만 못 온 그날
혜진이가 엄청 혼났던 그날
지원이가 여친이랑 헤어진 그날
걔는 언제나 네가 없이 그날
너무 멋있는 옷을 입고 그날
Heard him say

We can go wherever you like
Baby, say the words and I'm down
All I need is you on my side
We can go whenever you like, now, where are you? (Mm-mhm)
What's your ETA? What's your ETA? (Mm-mhm-mm)
What's your ETA? What's your ETA? (Mm-mhm)
*What's your ETA? What's your ETA?*
*I'll be there right now, lose that boy on her arm*

아파 맘이 네가 걔 못 잊을 때
내 말 믿어, you deserve better than that
내가 도와줄게, 걔는 그냥 playin'
Boys be always lyin', yeah

내 생일 파티에 너만 못 온 그날
혜진이가 엄청 혼났던 그날
지원이가 여친이랑 헤어진 그날
걔는 언제나 네가 없이 그날
너무 멋있는 옷을 입고 그날
Heard him say

We can go wherever you like
Baby, say the words and I'm down
All I need is you on my side
We can go whenever you like, now, where are you? (Mm-mhm)
What's your ETA? What's your ETA? (Mm-mhm-mm)
What's your ETA? What's your ETA? (Mm-mhm)
What's your ETA? What's your ETA?
I'll be there right now, lose the boy on your arm

Need a boy on my arm (Need a boy on my arm)
Need a boy on my arm (Need a boy on my arm)
Want a boy on my arm (Want a boy on my arm)
Need you boy on my arm (Need you boy on my arm)",Very Negative,0.6597
HYBE,NewJeans,Get Up,Unknown,156059,"Get up
I don't wanna fight your shadow
Meet me back in five if I matter
To you
Like you say I do
*So, get up
I don't wanna fight your shadow*
**Meet me back in five if I matter
To you**
Like you say I do",Very Positive,0.3952
HYBE,NewJeans,Attention,Unknown,129446,"Mm-hmm-mm, yeah (Here we go)
Attention
Got me looking for attention (Ayy)
Got me looking for attention (Ayy)
Got me looking for attention
One, two, three, ayy

You and me, 내 맘이 보이지
한참을 쳐다봐, 가까이 다가가, you see?
Eh-yeah, you see, ayy, ayy, ayy, ayy
One, two, three, 용기가 생겼지
이미 아는 네 눈치
고개를 돌려 천천히, 여기 (Hmm), you see?
여기 보이니?

Looking for attention, 너야겠어 (Huh)
확실하게 나로 만들겠어 (Stop)
Ayy, drop the question
Drop the, drop the question (Drop it)
Want attention, wanna, want attention (Come on)
You give me butterflies, you know?
내 맘은 온통 paradise
꿈에서 깨워주지 마 (Ayy)

You got me looking for attention
You got me looking for attention
가끔은 정말 헷갈리지만 분명한 건
Got me looking for attention

널 우연히 마주친 척할래
못 본 척 지나갈래
You're so fine (Ayy), gotta, gotta get to know ya
나와, 나와 걸어가 줘 (Yeah)
지금 돌아서면, I need ya
Need ya, need ya to look at me back (Ayy)
Hey, 다 들켰었나
널 보면 하트가 튀어나와 (Ayy)

난 사탕을 찾는, baby (Baby)
내 맘은 설레이지 (Stop)
Ayy, drop the quеstion
Drop the, drop the question (Just call)
Want attеntion, wanna, want attention (Uh)
You give me butterflies, you know?
내 맘은 온통 paradise (Hmm)
꿈에서 깨워주지 마 (*Hello? One, two, three, ayy*)

You got me looking for attention
You got me looking for attention
가끔은 정말 헷갈리지만 분명한 건
Got me looking for attention
You got me looking for attention
You got me looking for attention
*가끔은 정말 헷갈리지만 분명한 건*
Got me looking for attention

A-T-T-E-N-T-I-ON
Attention is what I want
A-T-T-E-N-T-I-ON
Attention is what I want
A-T-T-E-N-T-I-ON
Attention is what I want
A-T-T-E-N-T-I-ON
You got me looking for attention",Very Positive,0.5728
HYBE,NewJeans,ASAP,Unknown,122659,"H-h-hi, it's me again
I'm back (Hey)
Let's talk ASAP
Do you have the time?
Let's talk

A-S-A-P, baby
Hurry up, don't be lazy
A-S-A-P, babyHurry up, don't say maybe

할 얘기 다 한 줄 알고 빨간색 눌러
끊고 나니 생각나서 다시 또 울려
There's this one more thing
I'll show you come with me
So much to do and lots to see

Just for a minute
Tik, tok, tik, tok, tik, tok, tik, tik, tik
Tik, tok, tik, tok, tik, tok, tik, tik, tik
Tik, tok, tik, tok, tik, tok, tik, tik, tik
Tik, tok, tik, tok, tik, tok, tik, tik, tik
Just for a minute
Tik, tok, tik, tok, tik, tok, tik, tik, tik
Tik, tok, tik, tok, tik, tok, tik, tik, tik
Tik, tok, tik, tok, tik, tok, tik, tik, tik
Tik, tok, tik, tok, tik, tok, tik, tik, tik

A-S-A-P, baby (A-S-A-P, baby)
(Tik, tok, tik, tok, tik, tok, tik, tik, tik)
(Tik, tok, tik, tok, tik, tok, tik, tik, tik)
Hurry up, don't say maybe (Hurry up, don't say maybe)
(Tik, tok, tik, tok, tik, tok, tik, tik, tik)
(Tik, tok, tik, tok, tik, tok, tik, tik, tik)
A-S-A-P, baby (A-S-A-P, baby)
(Tik, tok, tik, tok, tik, tok, tik, tik, tik)
(Tik, tok, tik, tok, tik, tok, tik, tik, tik)
Hurry up, don't say maybe
(Tik, tok, tik, tok, tik, tok, tik, tik, tik)
(Tik, tok, tik, tok, tik, tok, tik, tik, tik)

Tik, tok, tik, tok, tik, tok, tik, tik, tik
Tik, tok, tik, tok, tik, tok, tik, tik, tik
Tik, tok, tik, tok, tik, tok, tik, tik, tik
Tik, tok, tik, tok, tik, tok, tik, tik, tik
Tik, tok, tik, tok, tik, tok, tik, tik, tik
Tik, tok, tik, tok, tik, tok, tik, tik, tik
Tik, tok, tik, tok, tik, tok, tik, tik, tik
Tik, tok, tik, tok, tik, tok, tik, tik, tik

H-h-hi, it's me again
(Tik, tok, tik, tok, tik, tok, tik, tik, tik)
(Tik, tok, tik, tok, tik, tok, tik, tik, tik)
I'm back (Hey)
Let's talk ASAP
Do you have the time? (Do you like it?)
Let's talk

A-S-A-P, baby
(Tik, tok, tik, tok, tik, tok, tik, tik, tik)
(Tik, tok, tik, tok, tik, tok, tik, tik, tik)
Hurry up, don't be lazy
(Tik, tok, tik, tok, tik, tok, tik, tik, tik)
(Tik, tok, tik, tok, tik, tok, tik, tik, tik)
A-S-A-P, baby
(Tik, tok, tik, tok, tik, tok, tik, tik, tik)
(Tik, tok, tik, tok, tik, tok, tik, tik, tik)
Hurry up, don't say maybe
(Tik, tok, tik, tok, tik, tok, tik, tik, tik)
(Tik, tok, tik, tok, tik, tok, tik, tik, tik)
A-S-A-P, baby
(Tik, tok, tik, tok, tik, tok, tik, tik, tik)
(Tik, tok, tik, tok, tik, tok, tik, tik, tik)
Hurry up, don't say, hurry up, don't say
(Tik, tok, tik, tok, tik, tok, tik, tik, tik)
(Tik, tok, tik, tok, tik, tok, tik, tik, tik)

Just for a minute
Tik, tok, tik, tok, tik, tok, tik, tik, tik
Tik, tok, tik, tok, tik, tok, tik, tik, tik
Tik, tok, tik, tok, tik, tok, tik, tik, tik
Tik, tok, tik, tok, tik, tok, tik, tik, tik
Just for a minute
Tik, tok, tik, tok, tik, tok, tik, tik, tik
Tik, tok, tik, tok, tik, tok, tik, tik, tik
Tik, tok, tik, tok, tik, tok, tik, tik, tik
Tik, tok, tik, tok, tik, tok, tik, tik, tik",Very Positive,0.4088
HYBE,NewJeans,Cool With You,Unknown,121899,"You know me like no other
다 표현하지 않아도
See me like no other (Mm)
And I think I like your point of view
다시 돌아와도 돼
I don't care what other people say
놓지 말아봐줘
Dreaming of each other

You may be on my mind (Mind)
Everyday baby, say you're mine (Mine)
You and me on my mind (Mind)
Everywhere, baby, say you're mine (Mine)
It feels

(It feels)
Cool with you (너랑)
Cool with you (Gotta tell me now)
Cool with you (It's just)
Cool with you (Haha)

이쯤에서 정말로
너는 어떤 결말로
가려 해
What's the best
너의 옆에 내가 있을 때
이런 말이 잘 안 나와
이제 더 말하지 않아도 알아
우리 둘이 만든 거리
건너서 여기

You may be on my mind (Mind)
Everyday baby, say you're mine (Mine)
You and me on my mind
Everywhere, baby, say you're mine
It feels

Cool with you (너랑)
Cool with you (Gotta tell me now)
Cool with you (It just)
Cool with you (Haha)
Cool with you (*너랑*; You know me like no other)
Cool with you (*Gotta tell me now*)
Cool with you (It just; See me like no other)
Cool with you (Haha)",Very Positive,0.8016
HYBE,NewJeans,How Sweet,Unknown,111209,"All I know is now 알게 됐어 나 (I know)
그동안 맨날 always up and down (No more)
생각 또 생각 spinnin' 'round and 'round
Changing my mind
수상해서 그렇지 이런 헛소리 (No more)
How it's supposed to be, 그만해
'Cause it's clear (It's simple)
It's like biting an apple

Toxic lover, you're no better
거기 숨지 말고 얼른 나와
You little demon in my storyline
Don't knock on my door, I'll see you out

And don't you know how sweet it tastes? (How sweet it tastes)
Yeah, don't you know how sweet it tastes? (How sweet it tastes)
Yeah, don't you know how sweet it tastes?
Now that I'm without you
나 더는 묻지 않을래 (How sweet it tastes)
알려주지 않아도 돼 (How sweet it tastes)
Wow, don't you know how sweet it tastes?
Now that I'm without you

모든 게 typical
So I've been praying so hard for a miracle
부르고 있어 나의 이름을
더는 안 봐 drama, it's good karma
Done scrolling thousand times
다 알고 있어 뻔한 수작일 뿐이야
완전 쉬운 공식이야
It's like biting an apple

And don't you know how sweet it tastes? (How sweet it tastes)
Yeah, don't you know how sweet it tastes? (How sweet it tastes)
Yeah, don't you know how sweet it tastes?
Now that I'm without you
나 더는 묻지 않을래 (How sweet it tastes)
알려주지 않아도 돼 (How sweet it tastes)
Wow, don't you know how sweet it tastes?
Now that I'm without you

I won't wait, I'm feeling
My own way, I'm in it
'Causе me and you are differеnt
So I won't stay, I'm leaving
I won't wait, I'm feeling
My own way, I'm in it
'Cause me and you are different
So I won't stay, I'm leaving

And don't you know how sweet it tastes? (How sweet it tastes)
Yeah, don't you know how sweet it tastes? (How sweet it tastes)
Yeah, don't you know how sweet it tastes?Now that I'm without you
나 더는 묻지 않을래 (How sweet it tastes)
알려주지 않아도 돼 (How sweet it tastes)
Wow, don't you know how sweet it tastes?
Now that I'm without you

Toxic lover, you're no better
거기 숨지 말고 빨리 나와
You little demon in my storyline
Don't knock on my door 너 얼른 나가버려
Toxic lover, you're no better
거기 숨지 말고 얼른 나와
You little demon in my storyline
Don't knock on my door, I'll see you out",Very Positive,0.6792
HYBE,NewJeans,Hype Boy,Unknown,96766,"(Uh-uh)
(Uh-uh)
One, two, three, four

Baby, got me looking so crazy
빠져버리는 daydream
Got me feeling you, 너도 말해줄래?

누가 내게 뭐라든
남들과는 달라 넌
Maybe you could be the one
날 믿어봐 한 번
I'm not looking for just fun
Maybe I could be the one

Oh, baby
예민하대 나 lately
너 없이는 매일 매일이, yeah-eh
재미없어, 어쩌지
I just want you, call my phone right now
I just wanna hear you're mine

'Cause I know what you like, boy (Uh-uh)
You're my chemical hype boy (Uh-uh)
내 지난 날들은, 눈 뜨면 잊는 꿈
Hype boy, 너만 원해
Hype boy, 내가 전해

And we can go hi-i-i-i-i-igh
말해봐, yeah, 느껴봐, mm-mm
Take him to the sky-y-y-y-y-y (Uh-uh)
You know, I hype you, boy
눈을 감아, ah-ah-ah, ah-ah (Uh-uh)
말해봐, yeah, 느껴봐, mm-mm
Take him to the sky-y-y-y-y-y (Uh-uh)
You know, I hype you, boy

잠에 들려고 잠에 들려 해도
네 생각에 또 새벽 세 시, uh-oh
알려줄 거야, they can't have you no more
봐봐 여기, 내 이름 써있다고
Yeah-eh

누가 내게 뭐라든
남들과는 달라 넌
Maybe you could be thе one
날 믿어봐 한 번
I'm not looking for just fun
Maybe I could be thе one

Oh, baby
예민하대 나 lately
너 없이는 매일 매일이, yeah-eh
재미없어, 어쩌지
I just want you, call my phone right now
I just wanna hear you're mine

'Cause I know what you like, boy (Uh-uh)
You're my chemical hype boy (Uh-uh)
내 지난 날들은, 눈 뜨면 잊는 꿈
Hype boy, 너만 원해
Hype boy, 내가 전해

And we can go hi-i-i-i-i-igh
말해봐, yeah, 느껴봐, mm-mm
Take him to the sky-y-y-y-y-y (Uh-uh)
You know, I hype you, boy
눈을 감아, ah-ah-ah, ah-ah (Uh-uh)
말해봐, yeah, 느껴봐, mm-mm
Take him to the sky-y-y-y-y-y (Uh-uh)
You know, I hype you, boy",Very Positive,0.7065
HYBE,NewJeans,Cookie,Unknown,81199,"Ee-yeah

내가 만든 쿠키
너를 위해 구웠지
But you know that it ain't for free, yeah-eh
내가 만든 쿠키
너무 부드러우니 (Yeah)
자꾸만 떠오르니 (Ayy)

널 choco-chip으로 sprinkle로
입맛 버리게 만들고 싶어
숨기고 있지만 널 더 보고 싶어
If you want it, you can get it, if you want it
네 목소리를 또 들려줘, boy

식사는 없어, 배고파도
음료는 없어, 목말라도
달콤한, 맛만, 디저트만 만
원하게 될 거, 알잖아?
식사는 없어, 배고파도
음료는 없어, 목말라도
*달콤한, 맛만, 디저트만 만*
원하게 될 거, 알잖아?

내가 만든 쿠키
너에게는 독이지
네 마음속을 녹이지 (So good), yeah-eh
Looking at my cookie
역시, 향기부터 다르니 (Taste it)
한입은 모자라니 (Uh)

널 choco-chip으로 sprinkle로
정신 못 차리게 만들고 싶어
숨기고 있지만 널 더 보고 싶어
If you want it, you can get it, if you want it
네 목소리를 또 들려줘, boy

식사는 없어, 배고파도
음료는 없어, 목말라도
달콤한, 맛만, 디저트만 만
원하게 될 거, 알잖아?
식사는 없어, 배고파도
음료는 없어, 목말라도
*달콤한, 맛만, 디저트만 만*
원하게 될 거, 알잖아?

(Yeah, yo) Bet you know, bet you know, bet you know I
레시핀 없어 딴 데서는 못 찾아
Take it, don't break it, I wanna see you taste it
Sugar, got sugar, 난 재료 안 아끼지
(Yeah, yo) Bet you know, bet you know, bet you know I네 다이어트를 망치고 싶어 나
Take it, don't break it, I wanna see you taste it
Sugar, got sugar, bet you want some (Yeah, yo)

식사는 없어, 배고파도
음료는 없어, 목말라도
달콤한, 맛만, 디저트만 만 (Mm-mm, mm-mm)
원하게 될 거, 알잖아? (Yeah, yo)
식사는 없어, 배고파도 (Yeah, yo)
음료는 없어, 목말라도
*달콤한, 맛만, 디저트만 만* (Mm-mm, mm-mm)
원하게 될 거, 알잖아? (Yeah, yo)

Yeah, yo
Yeah, yo
(Mm-mm, mm-mm)
Yeah, yo
Yeah, yo
(Mm-mm, mm-mm)

내가 만든 쿠키
Come and take a lookie
우리 집에만 있지, 놀러 와
얼마든지 굽지, 그런데 너 충치
생겨도 난 몰라
내가 만든 쿠키
Come and take a lookie
우리 집에만 있지 놀러 와
얼마든지 굽지, 그런데 너 충치
생겨도 난 몰라",Very Negative,0.556
HYBE,NewJeans,Bubble Gum,Unknown,76524,"You just get my heart pump, pumping
Everytime that you're here around me
노랫 소리가 또 흘러나와, yeah (Yeah)
오늘 오래 걸린 이유
I'm always so excited to meet you내 향기가 널 먼저 찾아가, yeah (먼저 찾아가 yeah)

눈 감아도 기억나게, 어디라도 따라갈래
You're so delicate 거품 속에, 숨었네
Uh-uh-uh
Oh, you make my heart melt away
You're a softie 구름 같아
이건 말로 설명 못해, you got me
Oh, oh-oh, oh
이미 우린 저기 멀리 높이 있는 풍선같이
Have you right here in a basket

Oh, my baby, sweet like bubble gum
Bouncin' like playin' ball
더 높이 올려줘
We're gonna fly away
Sweet like bubble yum
So smooth, soft like a hug
더 멀리 날려줘
Let's go far away

You're my favorite flavor
Bubble gum
Bubble, bubble, bubble, bubble, bubble, bubble
Bubble, bubble, bubble gum

얘기 늘어놓아 줄줄
Like I got nothing better to do
내 손바닥 안에 쏙 들어와, yeah (Yeah)
나만 알고 싶은 비밀 (Oh-oh)
All I know is I need this feeling (Oh-oh)
내 윤기가 널 먼저 사로잡아, yeah (Ooh, oh)

눈 감아도 기억나게 (기억나게)
어디라도 따라갈래 (따라갈래)
You're so delicate 거품 속에 숨었네
Uh-uh-uh
Oh, you make my heart melt away
You're a softie 구름 같아
이건 말로 설명 못해
You got me, oh-oh

Sweet like bubble gum
Bouncin' like playin' ball
더 높이 올려줘
We're gonna fly away
Sweet like bubble yum
So smooth, soft like a hug더 멀리 날려줘
Let's go far away

눈 감아도 기억나게
어디라도 따라갈래
You're so delicate 거품 속에 숨었네
Uh-uh-uh
Oh, you make my heart melt away
You're a softie 구름 같아
이건 말로 설명 못해
You got me, oh-oh

이미 우린 저기 멀리
높이 있는 풍선같이
Have you right here in a basket
Oh, my baby, sweet like bubble gum
이미 우린 저기 멀리
높이 있는 풍선같이
Have you right here in a basket
Oh, my baby, sweet like bubble gum",Very Positive,0.76
HYBE,NewJeans,Right Now,Unknown,69967,"Ah
Oh-woah
Right now

In no mood to find another
曖昧な関係のまま
さあ ⾒つけにいくだけよ
Right now, right now
Baby, I don't care about the other summer
지금 내가 필요한 건
もう待てない
I wanna hear it right now, right now
Baby, I don't

Hey
⾔いたいなら⾔ってよ
もう私壊れそう
더 늦지 말고 come my way, my way

'Cause it all depends on the right timing
Don't wanna close the door behind me
君の声 また こっ
다가와봐 right now, right now, baby, I'm not

In no mood to find another
曖昧な関係のまま
さあ ⾒つけにいくだけよ
Right now, right now
Baby, I don't care about the other summer
지금 내가 필요한 건
もう待てない
I wanna hear it right now, right now
Baby, I don't care

I don't care
I don't care
Right now, right now
Baby, I don't

Hey
チャンスは今ここに
⼀⽣モノの
Sweet romance 얼른 잡아줘
Hold my hand, my hand

'Cause it all depends on the right timing
Don't wanna close the door behind me
君の声 また こっ
다가와봐 right now, right now, baby, I'm not

In no mood to find another
曖昧な関係のまま
さあ ⾒つけにいくだけよ
Right now, right now
Baby, I don't care about the other summer
지금 내가 필요한 건
もう待てない
I wanna hear it right now, right now
Baby, I don't care

I don't carе
I don't care
Right now, right now
Baby, I don't",Very Positive,0.514
JYP Entertainment,ITZY,LOCO (English Ver.),Unknown,271041,"Loco

Walked in, smooth operator hit your mark
(I'm gettin' loco, loco)
Oh, gosh, pure shot of poison to my heart
(I'm gettin' loco, loco)
I'm trapped and there's no way out
Surrounded by my thoughts of ya
I think I'm a little obsessed
I feel like I was born to love ya

SOS for this kitty
Fresh like rain when I'm thirsty
Gon' lock you down, I got my eye on you, yellow
Feeling the fuego tonight, come and fan the flame
It's too late, want you so bad
I decided not to fight it
Can't contain it anyway
'Cause you got me blinded

Such a rush, you're making me lose my mind
You got me like cray-cray-crazy in love
What you doing to me?
Can't get off this bad roller coaster ride
You got me like cray-cray-crazy in love
I'm addicted, outta control

I'm gettin' loco, loco
I'm gettin' loco, loco

So, tell me, what's your intention?
I'm tripping when I know you playing with my emotions
I keep on going back and forth, it's hell then heaven
Pushing me right to the edge of broken
So dangerous
So, so, so dangerous, uh-oh
Ain't the type to risk it all
But you got me acting irrational

Oasis for this kitty
So, stay, I need you next to me
Break down my defenses
I don't wanna fight it

Such a rush, you're making me lose my mind
You got me like cray-cray-crazy in love
What you doing to me?
Can't get off this bad roller coaster ride
You got me like cray-cray-crazy in love
I'm addicted, outta control

Loco
I'm gettin' loco, loco-co
I'm gettin' loco, loco-co, oh-oh-oh
I'm gettin' loco, loco-co
I'm gettin' loco, loco-co, oh-oh-oh

Love that rush, you're making me lose my mind
You got me like cray-cray-crazy in love
What you doing to me?
Can't get off this bad roller coaster ride
You got me like cray-cray-crazy in love
I'm addicted, outta control

I'm gettin' loco, loco
I'm gettin' loco, loco",Very Positive,0.4736
JYP Entertainment,ITZY,WANNABE (English Ver.),Unknown,255189,"You're nagging non-stop
But I’m my own boss
Gotta let me work it out for myself
Don't need your guidance
I do what I wanna
Just leave me to own my own mistakes
And let me breathe, I need a little freedom
To make big girl decisions

I'm so bad, bad
I’ma get all I can get
'Cause good girls always finish last
I'm done with trying to please somebody else
I'm just on my way
Don't need you in my space
Sorry if I let it slip but
I don't care what you say

Won't pretend to be someone I'm not
Yeah, I’ll be staying true to myself
I wanna be me, me, me
I won’t change, I'm loving what I got
’Cause I know I'm perfect just the way I am
I wanna be me, me, me

I don't wanna be somebody
Just wanna be me, be me
I wanna be me, me, me
I don't wanna be somebody
Just wanna be me, be me
I wanna be me, me, me

(Action)
Errbody, errbody, errbody teaching me (All eyes on me)
Gotta do this and that, always interfering (Don’t touch me)
Ah yeah, yeah, yeah, yeah, yeah
Got flaws, so take it or leave it
I'ma do my thing, just do your thing
'Cause I'm the one and only

They all think that they can be the judge of my life (La, la, la)
Nothing else to do but pick apart, criticize (La, la, la)
Sorry, I ain't got time for your meaningless opinions
It's none of your business, I do my own business

Won't pretend to be someone I'm not
Yeah, I'll be staying true to myself
I wanna be me, me, me
I won't change, I'm loving what I got
'Cause I know I'm perfect just the way I am
I wanna be me, me, me

Hey! Hey!
No matter if you love me or hate me
Hey! Hey!
I wanna be me, one and only me
If you feel me, turn this beat up!
I wanna be me, me, me

Won't pretend to be someone I'm not
Yeah, I'll be staying true to myself
I wanna be me, me, me
I won't change, I'm loving what I got
'Cause I know I'm perfect just the way I am
I wanna be me, me, me

I don't wanna be somebody
Just wanna be me, be me
I wanna be me, me, me
I don't wanna be somebody
Just wanna be me, be me
I wanna be me, me, me",Very Positive,0.5292
JYP Entertainment,ITZY,마.피.아. In the morning (English Ver.),Unknown,238197,"Shh

Guess who loves you, yeah, that's right
Do I show you, no, not I
Where's the mystery? It's not time
Get you close, I get you close, then bam, in the dead of the night

I'ma steal your heart away, you are gonna love me
You won't even know what hit ya 'til I'm baring my teeth
'Cause I'm so good at playing the role
I won't be the first one to fold
If loving you makes me a felon, who done it, who?
You'll never know

Am I getting you, getting you just a little confused?
You know I never could, never could stick to all of the rules
Well it's finally, finally time to make up your mind
Hope you're ready, who knows what could happen in the night?

I'm the mafia
Ma-ma-ma-ma-mafia, yah
We do it like a mafia
Ring-ding-ding, ding-ding-ding
I'm the mafia
Ma-ma-ma-ma-mafia, yah
We do it like a mafia
Watch your back until the break of day

Target in the night, you don't even know (Ayy)
Hit you like the mafia (Ayy)
In the morning light, you don't even know (Ayy)
Hit you like the mafia

Oscar worthy, got you fooled
Playing innocent, but I'm a wolf (
No
)
You don't have the faintest clue (Aha)
I been planning for a while, baby. all systems are go (Brrah)

Better watch your, watch your heart 'cause you're no match for me
I'ma break in, break in, break in like a caper movie, ready?
Can you read my poker face? (Ah)
Hit me, I'm raising the stakes (Ah)
Hurry up, baby, catch me
If you can, haha

Am I getting you, getting you just a little confused?
You know I never could, never could stick to all of the rules
Well it's finally, finally time to make up your mind
Hope you're ready, who knows what could happen in the night?

I'm the mafia
Ma-ma-ma-ma-mafia, yah
We do it like a mafia
Ring-ding-ding, ding-ding-ding
I'm the mafia
Ma-ma-ma-ma-mafia, yah
We do it like a mafia
Hit you like the mafia

Been moving slow undercover, babe
You know in the morning, I'm the last one standing, yeah, yeah
(
Ma
) My lil' game
(
Fi
) Finishes tonight
(
A
) I'ma get ya
Ha-ha-ha-ha-ha-ha

I'm the mafia
Ma-ma-ma-ma-mafia, yah
We do it like a mafia
Ring-ding-ding, ding-ding-ding
I'm the mafia
Ma-ma-ma-ma-mafia, yah
We do it like a mafia
Watch your back until the break of day

Target in the night, you don't even know (Ayy)
Hit you like the mafia (Ayy)
In the morning light, you don't even know (Ayy)
Hit you like the mafia",Very Positive,0.8121
JYP Entertainment,ITZY,Not Shy (English Ver.),Unknown,158046,"Not shy, not me (
ITZY
)
I'm down so if you're down (Yeah)
Not shy, not me

Nobody-body ever got in the way
Of something I truly wanted
'Cause I don't waste time, I dive right in
Yeah I'mma take it, if I like it, if I like it, like it
Straight out the gate, no, I don't wanna wait'Cause the word ""hesitate"" ain't a part of my game, yeah
Take a shot, take it pow-pow-pow-pow-pow
Not shy to say I want you

Hey there, hey there
We make a great pair, great pair
You know that if I could make you my own
I could show you things you never dreamed of
Yeah yeah, why don't you wake up? Follow the signs
You're a free agent, do what you like
But I'm impatient, swallow your pride
And let me know, let me know, 'cause I'm not shy

Not shy, not me (
ITZY
)
I'm down so if you're down (
Not shy
)
Not shy, not me
Tell me now if you're d-d-d-d-down
Not shy, not me (ITZY)
I'm down so if you're down (Not shy)
Not shy, not me
You're what I want, what I want, and I'm not shy

Nobody-body need to ask if you got it bad
'Cause I see right through you, ooh
You gotta keep your eyes on the prize
Yeah you will like it, 'cause you like it, 'cause you like it, like it
Gotta step up, boy, you're thinking too much
Forget everything else, 'cause I'm the only one, yeah
Clear your mind, clear it now-now-now-now-nowNot shy to say I want you

Hey there, hey there
We make a great pair, great pair
You know that if I could make you my own
I could show you things you never dreamed of
Yeah yeah, why don't you wake up? Follow the signs
You're a free agent, do what you like
But I'm impatient, swallow your pride
And let me know, let me know, 'cause I'm not shy

Not shy, not me (ITZY)
I'm down so if you're down (Not shy)
Not shy, not me
Tell me now if you're d-d-d-d-down
Not shy, not me (ITZY)
I'm down so if you're down (Not shy)
Not shy, not me
You're what I want, what I want, and I'm not shy

I don't wanna overthink it
Don't wanna have any regrets
Go, go, go, it's your turn tonight
No, yes, no, either way it's fine
Yeah, baby, no messing me around
All we can do is see how it plays out
Let's just be who we are
Do what we do, we go with the flow
Let the beat drop

Not shy, not me (ITZY)
I'm down so if you're down (Not shy)
Not shy, not me
So let me know, let me know, 'cause I'm not shy

Not shy, not me (ITZY)
I'm down so if you're down (Not shy)
Not shy, not me
Tell me now if you're d-d-d-d-down
Not shy, not me (ITZY)
I'm down so if you're down (Not shy)
Not shy, not me
You're what I want, what I want, and I'm not shy

Not shy, not me",Very Positive,0.5859
JYP Entertainment,ITZY,달라달라 (DALLA DALLA) (English Ver.),Unknown,114705,"DDA-DDA-LA-DDA-LA-DDA-LA
DDA-DDA-LA-DDA-LA-DDA-LA

People look at me and they tell me
You need to tone it down
'Cause you look like you're trouble (No, no)
So what? Don't give a damn (No)
I'm sorry I don't care, don't care, really don't care
(Be-be-be-because)

Don't need Prince Charming, ain't got time for love (Hey!)
Yeah, I'm just out here looking for some fun (Hey!)
Unnies all over me, they say I'm young and naive
I'm sorry, sorry, I'm never gonna grow up

Don't bring me down 'cause I dare to be different
I'm a little DALLA, DALLA, DALLA
DDA-DDA-LA DDA-LA
Not gonna change who I am for your comfort
So watch and learn, I'll show you what I'm about
DDA-DDA-LA DDA-LA DDA-LA

I love myself
'Cause I'm so DALLA-DALLA, yeah
Oh, oh
I love myself
'Cause I'm so DALLA-DALLA, yeah
Yeah, I'm so DALLA-DALLA

Bad, bad, I'm sorry I'm bad
I'm just the way I am
Too busy Carpe Diem-ing all day
Drown out the haters, they'll never dictate
My life
You better check yourself, 말리지 마
 (
말리지 마
)
'Cause I'm one of a kind, yeah

Look in the mirror, loving what I see (Hey!)
Don't hold me back 'cause I'm just living free (Hey!)
Unnies all up in arms, 'cause they say I'm rude and too blunt
I'm sorry, sorry, I'm never gonna change me

Don't bring me down 'cause I dare to be different
I'm a little DALLA, DALLA, DALLA
DDA-DDA-LA DDA-LA
Not gonna change who I am for your comfort
So watch and learn, I'll show you what I'm about
DDA-DDA-LA DDA-LA DDA-LA

Don't care what people say, I got nothing to prove
I'm talking to myself, don't you let it get to you
So shake it off, look up to the sky
Just keep on dreaming, woah

Keep your chin up, we got your back (Hey!)
Keep your head up, just keep on dreaming (Yeah)
Keep your chin up, we got your back (Hey!)
Keep your head up, just keep on dreaming
Everybody

Don't bring me down 'cause I dare to be different (Oh)
I'm a little DALLA, DALLA, DALLA (Ooh; DALLA)
DDA-DDA-LA DDA-LA
Not gonna change who I am for your comfort
So watch and learn, I'll show you what I'm about
DDA-DDA-LA DDA-LA DDA-LA

I love myself
'Cause I'm so DALLA-DALLA, yeah
Oh, oh
I love myself
'Cause I'm so DALLA-DALLA, yeah
Yeah, I'm so DALLA-DALLA",Very Negative,0.4199
JYP Entertainment,ITZY,LOCO,Unknown,97520,"Loco
Hey
Hey

미친다는 말이 이해 간달까
(I'm gettin' loco, loco)
Oh gosh, 이건 달콤한 독 같아
(I'm gettin' loco, loco)
출구 없는 방 안에
사방이 너란 거울이야
굳이 쉽게 말하자면
I feel like I was born to love ya

오아시스 찾는 kitty
난 네 주위를 맴돌지
콩깍지 껴 버린 내 두 눈은 yellow
켜줘 네 손으로 불 꺼진 내 심장It's too late, want you so bad
너를 갖고 싶어졌어
몰라 이젠 이미 난 blind
끝까지 가볼래

넌 날 반쯤 미치게 만들어
You got me like cray-cray-crazy in love
대체 네가 뭔데
미쳐 날뛰어 기분이 up and down
You got me like cray-cray-crazy in love
나도 내가 outta control

I'm gettin' loco, loco
I'm gettin' loco, loco-oh

내게 대체 넌 뭘 원해
미친 이 마음은 다 갖다 퍼 줘도 I'm okay
하루는 천국을 갔다 왔다 가도
나락 끝까지 날 밀어버려
So dangerous
So, so, so dangerous (Uh-oh)
날 더 망가뜨려도
널 믿을 수 밖에 없게 해줘

오아시스 찾은 kitty
난 네 옆 자릴 넘보지
Break 따윈 잊었어
끝까지 가 볼래

넌 날 반쯤 미치게 만들어
You got me like cray-cray-crazy in love
대체 네가 뭔데
미쳐 날뛰어 기분이 up and down
You got me like cray-cray-crazy in love
나도 내가 outta control

Loco
I'm gettin' loco, loco-co
I'm gettin' loco, loco-co, oh-oh-oh
I'm gettin' loco, loco-co
I'm gettin' loco, loco-co, oh-oh-oh

넌 날 완전 미치게 만들어
You got me like cray-cray-crazy in love
대체 네가 뭔데
미쳐 날뛰어 기분이 up and down
You got me like cray-cray-crazy in love
나도 내가 outta control

I'm gettin' loco, loco
I'm gettin' loco, loco-oh",Very Negative,0.5789
JYP Entertainment,ITZY,WANNABE,Unknown,91059,"잔소리는 stop it 알아서 할게
내가 뭐가 되든
내가 알아서 할 테니까 좀
I do what I wanna
평범하게 살든 말든 내버려 둘래
어차피 내가 살아 내 인생 내거니까

I'm so bad, bad 차라리 이기적일래
눈치 보느라 착한 척 상처받는 것보다 백번 나아
I'm just on my way 간섭은 no, no 해
말해버릴지도 몰라 너나 잘하라고

누가 뭐라 해도 난 나야
난 그냥 내가 되고 싶어
I wanna be me, me, me
굳이 뭔가 될 필요는 없어
난 그냥 나일 때 완벽하니까
I wanna be me, me, me

I don't wanna be somebody
Just wanna be me, be me
I wanna be me, me, me
I don't wanna be somebody
Just wanna be me, be me
I wanna be me, me, me

(Action)
Errbody, errbody, errbody teachin' me (All eyes on me)
이래라 저래라 모두 한마디씩  (Don't touch me)
Ah, yeah, yeah, yeah, yeah, yeah
내 앞가림은 내가 해
I'ma do my thing, just do your thing
'Cause I'm the one and only

사람들은 남 말 하기를 좋아해 (La-la-la)
남의 인생에 뭔 관심이 많아 왜 (La-la-la)
저기 미안하지만 신경 좀 꺼줄래요
It's none of your business
I do my own business

누가 뭐라 해도 난 나야
난 그냥 내가 되고 싶어
I wanna be me, me, me
굳이 뭔가 될 필요는 없어
난 그냥 나일 때 완벽하니까
I wanna be me, me, me

(Hey, hey)
No matter if you love me or hate me
(Hey, hey)
I wanna be me, one and only me
If you feel me, turn this beat up
I wanna be me, me, me

누가 뭐라 해도 난 나야
난 그냥 내가 되고 싶어
I wanna be me, me, me
굳이 뭔가 될 필요는 없어
난 그냥 나일 때 완벽하니까
I wanna be me, me, me

I don't wanna be somebody
Just wanna be me, be me
I wanna be me, me, me
I don't wanna be somebody
Just wanna be me, be me
I wanna be me, me, me",Very Negative,0.5615
JYP Entertainment,ITZY,마.피.아. In the morning,Unknown,87809,"Shh

Guess who loves you? 나야 나
Do I show you? No야 no
아직 time이 아냐 난
좀 더 가까이, 좀 더 가까이, 그러다 갑자기 싹
I'ma steal it 마음을 훔쳐, you are gonna love me
결정적일 때 이빨을 드러내는 type
나와 두 눈이 마주쳐도 (Ah), 난 흔들림이 없어, no (Ah)
널 사랑하는 게 죄라면 범인은 who? You'll never know

Baby, 헷갈려, 헷갈려, 헷갈리겠지 넌
결국엔 내 거야, 내 거야, 내 게 되겠지 넌
이제 finally, finally, 택할 시간이야
벌써 어느새 또 밤이 되었습니다

(I'm the mafia) Ma-ma-ma-ma-mafia, yah
We do it like a mafia
Ring-ding-ding, ding-ding-ding
(I'm the mafia) Ma-ma-ma-ma-mafia, yah
We do it like a mafia
또 아침이 밝았습니다

어젯밤에도, you don't even know (Ayy)
누구일까 mafia? (Ayy)
날이 밝아도, you don't even know (Ayy)
누구일까 mafia?

배우보다 더 배우
늑대 가지고 노는 여우 (No)
전혀 안 보이겠지 clue (Aha)
하지만 나에겐 다 계획이 있다고, go (Brrah)
그만 머뭇머뭇대 슬슬 작전 개시
너를 뺏어, 뺏어, 뺏어 like a caper movie, ready?
알 수 없는 poker face (Ah) 점령해 네 맘 속 place (Ah)
Hurry up, baby, catch me if you can, ha-ha

Baby, 헷갈려, 헷갈려, 헷갈리겠지 넌
결국엔 내 거야, 내 거야, 내 게 되겠지 넌
이제 finally, finally, 택할 시간이야
벌써 어느새 또 밤이 되었습니다

(I'm the mafia) Ma-ma-ma-ma-mafia, yah
We do it like a mafia
Ring-ding-ding, ding-ding-ding
(I'm the mafia) Ma-ma-ma-ma-mafia, yah
We do it like a mafia
누구일까 mafia?

마지막 밤이 깊었어, babe
이 밤이 지나면 네 곁엔 나 하나, yeah, yeah
(
마
) 마침내 (
피
) 피할 수 없는
(
아
) 아침이 와 (Ha-ha-ha-ha-ha-ha)

(I'm the mafia) Ma-ma-ma-ma-mafia, yah
We do it like a mafia
Ring-ding-ding, ding-ding-ding
(I'm the mafia) Ma-ma-ma-ma-mafia, yah
We do it like a mafia
또 아침이 밝았습니다

어젯밤에도, you don't even know (Ayy)
누구일까 mafia? (Ayy)
날이 밝아도, you don't even know (Ayy)
누구일까 mafia?",Very Negative,0.4994
JYP Entertainment,ITZY,달라달라 (DALLA DALLA),Unknown,87320,"다-달라, 달라, 달라
다-달라, 달라, 달라

People look at me, and they tell me
외모만 보고 내가 날라리 같대요 (No, no)
So what? 신경 안 써 (No)
I'm sorry, I don't care, don't care, really don't care (Be-be-be-because)

사랑 따위에 목매지 않아 (Hey)
세상엔 재밌는 게 더 많아 (Hey)
언니들이 말해 철들려면 멀었대
(I'm sorry, sorry) 철들 생각 없어요 (Nope)

예쁘기만 하고 매력은 없는
애들과 난 달라, 달라, 달라 (다-달라, 달라)
네 기준에 날 맞추려 하지 마
난 지금 내가 좋아, 나는 나야 (다-달라, 달라, 달라)

I love myself (Hey)
난 뭔가 달라, 달라, yeah (Oh, oh)
I love myself (Hey)
난 뭔가 달라, 달라, yeah
난 너랑 달라, 달라, yeah

Bad, bad, I'm sorry, I'm bad
I'm just the way I am
남 신경 쓰고 살긴 아까워
하고 싶은 일 하기도 바빠
My life (My life)
내 맘대로 살 거야
말리지 마 (말리지 마)
난 특별하니까, yeah

남들의 시선 중요치 않아 (Hey)
내 style이 좋아 그게 나니까 (Hey)
언니들이 말해 내가 너무 당돌하대
(I'm sorry, sorry) 바꿀 생각 없어요 (Nope)

예쁘기만 하고 매력은 없는
애들과 난 달라, 달라, 달라 (다-달라, 달라)
네 기준에 날 맞추려 하지 마
난 지금 내가 좋아, 나는 나야 (다-달라, 달라, 달라)

Don't care what people say, 나는 내가 알아
I'm talkin' to myself, 기죽지 마 절대로
고개를 들고 네 꿈을 쫓아
Just keep on dreamin', woah

Keep your chin up, we got your back (Hey)
Keep your head up, just keep on dreaming (Yeah)
Keep your chin up, we got your back (Hey)
Keep your head up, just keep on dreaming (Everybody)

예쁘기만 하고 매력은 없는 (Oh)
애들과 난 달라, 달라, 달라 (Ooh; 다-달라, 달라)
네 기준에 날 맞추려 하지 마
난 지금 내가 좋아, 나는 나야 (다-달라, 달라, 달라)

I love myself (Hey)
난 뭔가 달라, 달라, yeah (Oh, oh-oh)
I love myself (Hey)
난 뭔가 달라, 달라, yeah
난 너랑 달라, 달라, yeah",Very Positive,0.4138
JYP Entertainment,ITZY,Imaginary Friend (English Ver.),Unknown,76468,"Who am I? The revolution
I was born inside your head
Different shapes of your illusion
Oh, I can be the dream you always had
Once you thought, became a feeling
I was breathing, I was there (I was there)
Who am I? Would you believe it?
Oh, I'm a fallen angel and I said

Call out my name in the middle of the night
When you are afraid, call out my name, yeah
Call out my name in the middle of the night
Yeah, call out my name

You know I-I-I'm your imaginary friend
You know I-I-I'm here tonight to give you strength
Whеn there's monsters on your cеiling
I'll keep you safe and I will keep you dreaming
You know I-I-I'm your imaginary friend
*You know I-I-I'm, it's you and I until the end*

Who am I? The evolution
I was born inside your dream
Trust me, I'm not a delusion
Oh, I am everything you wanna be
Come on and dance, dance and don't stop, I'm a little lucky spark
Stoke that feeling in your heart (Ah-ah-ah-ah)
You and I, we gon' ride, can't stop thinking about our vibe
We can jump, we can run and I'm killing it to the top, yeah

Call out my name in the middle of the night
When you are afraid, call out my name, yeah
Call out my name in the middle of the night
Yeah, call out my name

You know I-I-I'm your imaginary friend
You know I-I-I'm here tonight to give you strength
When there's monsters on your ceiling
I'll keep you safe and I will keep you dreaming
You know I-I-I'm your imaginary friend
*You know I-I-I'm, it's you and I until the end*",Very Positive,0.8176
JYP Entertainment,ITZY,ICY (English Ver.),Unknown,72346,"Hey, hey, hey, yo
Woo, Beep beep
Hey, hey, hey, hey, hey, hey
I see that I'm icy
Go rising up, up
(I see that I'm icy)

Don't go mistaking me for cold, I tell it like it is
Couldn't care less what you think (Oh-oh oh-oh, come on)
Forget it, just let it go (Here we go)
Make way 'cause we're on a roll (On a roll)
Start up the soundtrack for me
Bomb, bomb, bomb, bomb

Icy but I'm on fire
I'm following my dream, I know what I want
Trust me, I'm not a liar
Don't bother trying to trap me inside your box
(Dance)

They go blah, blah
It don't matter, all you haters
Always blah, blah
They keep talkin', I keep walkin'
(They go blah, blah)
It don't matter, all you haters
(Always blah, blah)
They keep talkin', I keep walkin'

Ring, ring, ring, hear it all day long
They got my phone blowing up, yeah (Oh yeah)
I know this is your favourite song
That's how it's gonna end up, yeah (Up, yeah)
Hey, the ice is so thin
Don't be falling for me
Bling, bling, bling, shining like a star
Baby, that's me icy

Uh, shout out to my mama
And big ups to my papa
'Cause I got the best of both of ya
Ta-da-da-da-da-da
Forget it, just let it go (Here we go)
Make way 'cause we're on a roll (On a roll)
Start up the soundtrack for me
Bomb, bomb, bomb, bomb

Icy but I'm on fire
I'm following my dream, I know what I want (Oh-oh-oh)
Trust me, I'm not a liar
Don't bother trying to trap me inside your box

They go blah, blah
It don't matter, all you haters
Always blah, blah
They keep talkin', I keep walkin'
(They go blah, blah)
It don't matter, all you haters
(Always blah, blah)
They keep talkin', I keep walkin'

Get it, Hey
Shake it, Hey
Yeah, come on
Girls

I'ma keep on running, don't care what they say
Keep on living for me, it's gon' be okay (Dan-dan-dan-dance)
Up, up, up, up, up we go
Ain't no looking down below
Climb 'till we can't climb no more

No one can stop us now, blah blah
It don't matter, all you haters
Always blah, blah
They keep talkin', I keep walkin'
(They go blah, blah)
It don't matter, all you haters
(Always blah, blah)
They keep talkin', I keep walkin'

Yeah
I see that I'm icy
I see that I'm icy
I see that I'm icy
I see that I'm icy",Very Positive,0.7988
JYP Entertainment,ITZY,Boys Like You,Unknown,68128,"Hah
Hmm

Why you callin' me up
Sayin' sorry again
Already told you we're done
What didn't you get?
Don't forget you're the one
That tried to get with my friends
The end, the end, the end, the end

Well, you must be goin' crazy
Thinkin' I'll be back, I'm sorry
'Cause you're cryin' like a baby
But do I look like your mommy?
Take a look into that mirror
If you wonder why you lost me
Gotta sit down and shut up
You did it to yourself

Boy, gonna diss me?
Boy, I'm so pissed
Boy, gonna miss me
Boy, you are dismissed
'Cause I don't fall for boys like you (*I don't fall for*)
I don't fall for boys like you (*I don't fall for*)
Boy, wanna date me? Boy, outta date, yeah
Boy, wanna (*""What? No""*)
Boy, outta my way
'Cause I don't fall for boys like you (I don't fall for)
I don't fall for boys like you (I don't fall for)

I see through sweet little lies
And every excuse
When you start every fight
The blame is on you
One red flag and I'm gone
Already onto
The next, the next, the next

Well, you must be goin' crazy
Thinkin' I'll be back, I'm sorry
'Cause you're cryin' like a baby
But do I look like your mommy?
Take a look into that mirror
If you wonder why you lost me
Gotta sit down and shut up
You did it to yourself

Boy, gonna diss me?
Boy, I'm so pissed
Boy, gonna miss me
Boy, you are dismissed
'Cause I don't fall for boys like you (*I don't fall for*)
I don't fall for boys like you (*I don't fall for*)
Boy, wanna date me? Boy, outta date, yeah
Boy, wanna (*""What? No""*)
Boy, outta my way
'Cause I don't fall for boys like you (*I don't fall for*)
I don't fall for boys like you (*I don't fall for*)

You can raise your voice
But know that you have no choice
Don't care what you do
You-ooh-ooh
You can raise your voice
But know that you have no choice
Don't care what you do
You-ooh-ooh

So turn around
Walk away
You made your bed
So you gotta lay
Get outta my way

Boy, gonna diss me?
Boy, I'm so pissed
Boy, gonna miss me (Miss me)
Boy, you are dismissed (Boy, you are dismissed)
'Cause I don't fall for boys like you (*I don't fall for*)
I don't fall for boys like you (*I don't fall for*)
Boy, wanna date me?
Boy, outta date, yeah
Boy, wanna (*""What? No""*)
Boy, outta my way
'Cause I don't fall for boys like you (I don't fall for)
I don't fall for boys like you (I don't fall for)

You can raise your voice
But know that you have no choice
Don't care what you do
You-ooh-ooh
You can raise your voice
But know that you have no choice
Don't care what you do (Don't care what you do)
You-ooh-ooh

Oh, you",Very Positive,0.4137
JYP Entertainment,ITZY,ICY,Unknown,61863,"Hey, hey, hey
Yo
Woo
Beep, beep
Hey, hey, hey, hey, hey, hey
I see that I'm icy
(Go rising up, up)
I see that I’m icy

차갑게 보여도 어떡해 cool한 나니까
눈치 볼 마음 없어 (Oh, oh, oh, come on)
당당하게 let it go (Here we go)
길거리를 누비고 (
On a roll
)
Background music이 깔려
Bomb, bomb, bomb, bomb

Icy but I'm on fire
내 안에 있는 dream 난 자신 있어
날 봐 I'm not a liar
너의 틀에 날 맞출 맘은 없어
(Dance)

다들 blah, blah
참 말 많아 난 괜찮아
계속 blah, blah
They keep talkin’, I keep walkin'
(다들 blah, blah)
참 말 많아 난 괜찮아
(계속 blah, blah)
They keep talkin', I keep walkin'

Ring, ring, ring 울려 all day long
모두 날 찾느라 바빠 (바빠)
이 노래가 your favorite song
그렇게 될 걸 잘 알아 (알아)
Hey, 이 맛은 마치
딱 살얼음같이
Bling, bling, bling 반짝이는 걸
별빛같이 icy

Uh, shout out to 내 엄마
Thank you to 우리 papa
좋은 것만 쏙 빼닮아
짠짠짜짠짠짠
당당하게 let it go (Here we go)
길거리를 누비고 
(On a roll)
Background music이 깔려
Bomb, bomb, bomb, bomb

Icy but I'm on fire
내 안에 있는 dream 난 자신 있어 (Oh, oh, oh)
날 봐 I'm not a liar
너의 틀에 날 맞출 맘은 없어

다들 blah, blah
참 말 많아 난 괜찮아
계속 blah, blah
They keep talkin', I keep walkin'
(다들 blah, blah)
참 말 많아 난 괜찮아
(계속 blah, blah)
They keep talkin’, I keep walkin’

Get it Hey
Shake it Hey
Yeah, come on
Girls
더더 빨리 달려 don't care what they say
내 답은 내가 아니까 it’s okay (Dan-dan-dan-dance)
Up, up, up, up, up we go끝없이 위로 위로
절대 멈추지 않고
No one can stop us now, blah, blah

참 말 많아 난 괜찮아
계속 blah, blah
They keep talkin', I keep walkin'
(다들 blah, blah)
참 말 많아 난 괜찮아
(계속 blah, blah)
They keep talkin', I keep walkin’

Yeah
I see that I'm icy
I see that I'm icy
I see that I'm icy
I see that I'm icy",Very Positive,0.5666
JYP Entertainment,ITZY,SNEAKERS,Unknown,55230,"Yeah, yeah
Let's go, like what

자유로운 기분, I like that
고민 따윈 already done, done (Done, done)
색안경 끼고 보는 게 죄지
That's not my fault, woah
Told ya I don't care at all
내 멋대로 갈 거야 (Oh)
필요 없어, order
Don't need no guidance, I'm makin' my way

I'm on my way up (Top, top)
Run to the top (Ah, ooh)
난 언제든 straight up (Alright)
원래 두려운 게 없어 난

상관없어, call me trouble
Or you can call me weirdo, 나로 살고 싶어
턱 끝을 치켜올린 채로
다 가질 듯한 attitude, 그거면 돼 (I)

Put my sneakers on
하나, 둘, ready, get set, go
Put my sneakers on
Put 'em up, put 'em up (Yeah, yeah)
Put my sneakers on
하나, 둘, ready, get set, go
멀리 가보자고, yeah, yeahPut 'em up, put 'em up (Yeah, yeah)

기다리던 순간, stand up, stand up
빨리 뛰는 심장, don't stop, don't stop
Get loosе, 불태워, 지금 my youth
지금 my youth, yeah
The party ain't started
시작도 안 했어 난 (Oh)
요즘 꽂힌 말이 하나 있지
My bеst is yet to come

상관없어, call me trouble
Or you can call me weirdo, 나로 살고 싶어 (Oh)
턱 끝을 치켜올린 채로
다 가질 듯한 attitude, 그거면 돼 (I)

Put my sneakers on
하나, 둘, ready, get set, go
Put my sneakers on (That's right)
Put 'em up, put 'em up (Yeah, yeah)
Put my sneakers on
하나, 둘, ready, get set, go (Get set, go)
멀리 가보자고, yeah, yeahPut 'em up, put 'em up (Yeah, yeah)

자유롭게 뛰고 싶어 다른 사람
시선들, don't care now (Hey, hey)
어디까지 가게 될지 모르지만
일단은 start right now
Yeah, alright (Alright)
멈추지 마 to the top (Yeah)
Don't worry 'bout it
'Cause you know I
 put my sneakers on

상관없어, call me trouble
Or you can call me weirdo, 나로 살고 싶어 (I live my life)
턱 끝을 치켜올린 채로 (Ooh-ooh)
다 가질 듯한 attitude, 그거면 돼
You better put your sneakers on

Put my sneakers on
하나, 둘, ready, get set, go
Put my sneakers on
Put 'em up, put 'em up (Yeah, yeah)
Put my sneakers on (Put 'em on now)
하나, 둘, ready, get set, go (Oh, yeah)
멀리 가보자고, yeah, yeahPut 'em up, put 'em up (Yeah, yeah)

자유롭게 뛰고 싶어 다른 사람
시선들, don't care now (Hey, hey)
어디까지 가게 될지 모르지만
일단은 start right now
Yeah, alright (Alright)
멈추지 마 to the top (Yeah)
같이 걸어 가보자고 (Oh)
(Put 'em up, put 'em up) Yeah, yeah",Very Positive,0.3795
JYP Entertainment,ITZY,CAKE,Unknown,54425,"ITZY, ITZY like that

Cake, cake, cake, cake, cake
It's a piece of cake, cake, cake, cake, cake
Cake, cake, cake, cake, cake
Yeah, piece of cake, cake, cake, cake, cake (Cake, cake)
(Ooh, wee) La-la-la, la-la-la, la-la
(Ooh, wee) La-la-la, la-la-la, la
왕 하고 먹어버려 다, yeah, like
Cake, cake, cake, cake, cake

하늘은 참 파래
또 내 시간은 never waits (Nah)
똑같은 건 뻔해
또 다른 걸 난 원해, chase (Yeah, I want it)
어떻게 모두를 다 맞춰줘
존중해 줘, I do me, you do you (You and I)
너는 너 나는 나 좋잖아 (Yeah, yeah, yeah)

Cake, cake, can't wait 'til I bite them
어차피 인생은 내꺼 (내꺼)
Bam-bam, can't wait 'til I shoot them
뭘 그리 복잡해 매번 (매번)
Shake it, shake, shake it, shake, shake it, shake
Bust it up, bust it up, bust it up
우린 너무나 바빠, yeah, like my birthday

Maybe, 쉽지 않아, anyway
생각대로 everyday
고민 고민 대신에
나만 생각해 이제
다 괜찮아, 어때?
껌이라고 난 생각해
Alright, alright
왕 하고 먹어버려 다, yeah, like (Uh-huh)

Cake, cake, cake, cake, cake
It's a piece of cake, cake, cake, cake, cake
Cake, cake, cake, cake, cake
Yeah, piece of cake, cake, cake, cake, cake (Cake, cake)
(Ooh, wee) La-la-la, la-la-la, la-la
(Ooh, wee) La-la-la, la-la-la, la
왕 하고 먹어버려 다, yeah, like
Cake, cake, cake, cake, cake

장담 못 해 날씨처럼
It's up in the air
내일도 너 행복할지?
Who can guarantee it? So
A-T-M
지금이 훨씬 중요해
Yeah, your way
Just live it up 'cause

Maybe, 쉽지 않아, anyway
생각대로 everyday
고민 고민 대신에
나만 생각해 이제
다 괜찮아, 어때?
껌이라고 난 생각해
Alright, alright
왕 하고 먹어버려 다, yeah, like (Uh-huh)

Cake, cake, cake, cake, cake
It's a piece of cake, cake, cake, cake, cake
Cake, cake, cake, cake, cake
Yeah, piece of cake, cake, cake, cake, cake (Cake, cake)
(Ooh, wee) La-la-la, la-la-la, la-la
(Ooh, wee) La-la-la, la-la-la, la
왕 하고 먹어버려 다, yeah, like
Cake, cake, cake, cake, cake

Sometimes, sometimes
시원한 바람을 원해
힘이 더 날지 몰라
Ooh-ooh, ooh
Sometimes, sometimes
가끔 무관심이 편해
Ayy, 누구든 들리게 말해
Ayy, 쉽게 좀 생각해 like that

쉽지 않아, anyway
생각대로 everyday
고민 고민 대신에
나만 생각 해 이제
다 괜찮아, 어때?
껌이라고 난 생각해
Alright, alright
왕 하고 먹어버려 다, yeah, like",Very Positive,0.6345
JYP Entertainment,Stray Kids,DOMINO (English Ver.),Unknown,484430,"Do-re-mi-fa-sol-la-ti-do
Rise to the highest, baby, look at my scale (Ha)
Mmm, nothing is challenging
When I take a shot, yeah, I ain't gonna fail (Ha)
Mmm, I’ma eat the whole box
Every topping that you can imagine
(Daeng, daeng, daeng, pizza) Mmm?
Franchise overpowered
Got their eyes on me
Hate or love, see they gon' imitate
Can't stop following
Prolly ’cause we always dominate
Yeah, I know, yeah, I know
Yeah, they want a piece of mine
Better not hesitate
When it all comes crashing on your face

Setting up my ambitions
Check 'em one at a time, yeah, I made it
Now it's time for ignition
I'm the start, heat it up
They follow, burning up a chain reaction, oh, oh, oh
Go fire it up, oh, oh, no
Assemble the crowd now, now
Line 'em up on the ground
No leaving anyone behind

I'ma knock it down like domino
Domino, domino, domino, domino, domino, domino
I'ma knock it down like domino
Domino, domino, domino, domino, domino, domino
Dan-dan-dan-dan

Play (Play)
With a little motion, get everyone's attention
Pay attention
I don’t play (Play)
I ain’t messin' ’round when I start a new sensation, yeah
Like domino

Ayy, domino, flick and a drop and I see it all fall down
Shakin' the world, magnitude makin' everything crumble like blah, blah
Okay, all that's left is dust, A.K.A. ""The Bulldozer""
Right when everyone falls, they’re crawling 'cause they can't help but follow
Spitting out a single joke makes everybody L-O-L
Think you can outdo me? Let me kick you out to somewhere else (Bye-bye)
I always try to do it one by one
But I know with just a single nod, I'm knocking over millions

Setting up my ambitions
Check 'em one at a time, yeah, I made it
Now it's time for ignition
I'm the start, heat it up
They follow, burning up a chain reaction, oh, oh, oh
Go fire it up, oh, oh, no
Assemble the crowd now, now
Line 'em up on the ground
No leaving anyone behind

I'ma knock it down like domino
Domino, domino, domino, domino, domino, domino
I'ma knock it down like domino
Domino, domino, domino, domino, domino, domino
Dan-dan-dan-dan

Play (Play)
With a little motion, get everyone's attention
Pay attention
I don't play (Play)
I ain't messin' 'round when I start a new sensation, yeah
Like domino

Just a little nudge, they think they won't budge
In the end, they all come falling down, they're not like us
The jealousy inside, there's envy in their eyes
Tryna hide their feelings but they can't put up a fight
Hey, there ain't no stoppin' the domino
Hey, there ain't no stoppin' the domino
One by one, go down, down, down, down
One by one, they follow

I'ma knock it down like domino
Domino, domino, domino, domino, domino, domino
I'ma knock it down like domino
Domino, domino, domino, domino, domino, domino
Like domino",Very Positive,0.6693
JYP Entertainment,Stray Kids,Levanter (English Ver.),Unknown,395619,"[Verse 1: Bang Chan, Lee Know, I.N, 
Changbin]
Never wanted anything as much as you
Never crossed my mind that I could ever lose
I had this picture in my head
Of all the promises you've made
But you turned them into dust
Empty-handed, now I'm lost
I know I gotta let go
With no regrets, you're already gone

(Oh) I let my dreams tie me down
(Oh) Is it too late, can I break out?
(Oh) They say it's darkest of all before the dawn

I wanna be myself (I don't care)
Yeah, I gotta be myself (Just don't care)
And now that your weight's come off my shoulders
I realize that I can fly
I needed to find me (Now I know)
The key was inside of me all along
I'm listening to my heart, let it guide me
I feel the light, I feel the light
[Verse 2: Felix, Hyunjin, Lee Know, 
Changbin]
I never stopped (To find my way)
I always thought (It was a race)
To win it all, and that you were the prize
The closer I got, the more I lost
My soul, it was slowly fading
I'm like the autumn leaves, don't know which way I'm blowing
But it don't matter if it's raining or it's snowingAll of my problems growing smaller when I'm way up here
Any illusions I had left about you disappeared

(Oh) This is the end of the road
(Oh) Oh, I'm holding out for a new hope
(Oh) 'Cause it's the darkest of all before the dawn

I wanna be myself (I don't care)
Yeah, I gotta be myself (Just don't care)
And now that your weight's come off my shoulders
I realize that I can fly
I needed to find me (Now I know)
The key was inside of me all along
I'm listening to my heart, let it guide me
I feel the light, I feel the light

Afraid to let you go
But in my heart, I know
Got to move on, I think it's time
It's all good now

I wanna be myself (I don't care)
Yeah, I gotta be myself (Just don't care)
And now that I left it all behind me
I'm flying high, I'm flying high",Very Positive,0.7642
JYP Entertainment,Stray Kids,Super Bowl,Unknown,337468,"Cookin' up a storm, piece of cake (Cake, cake, cake)
Spittin' out that fire, feel the blaze (Feel the blaze)
Takin' over, we don't play by the rules
If you wanna feel alive, say the name (Say the name, say the name, name, name, name)

Bellowin' speakers, mic pop filter
Bass be kickin' harder, got your head off-kilter
Keep your dirty hands off me
I'ma show you, just wait and see
Dominate everything, we are the ultimate gang
Fresh taste, fresh scent, fresh shape, fresh everything
Came for a bite, now you're so addicted, yeah, thank you, come again
Everything you craving, yeah, it's all me
Everything invented, that was all me, yeah

Hell of a line, yeah, I know it's hella fine
Hell's Kitchen, tasting divine
You feel it in your system, you want it more
Different new flavors
Our dish here's so bussin'

Finger lickin', yeah, we cookin' up a Super Bowl (Ah-ah)
In the kitchen, Michelin, irresistible (Ooh)
Open wide (Ah), have a bite (What?)
Make it mine, all the time (Ooh)
Finger lickin', yeah, we cookin' up a Super Bowl
In the kitchen, Michelin, irresistible
Feeling prime, state of mind (Shh)
Finger lickin', yeah, we cookin' up a Super Bowl

Mixin' this and all that, dish be lookin' like fusion
Take a photo, it's bussin' even in lowest resolution
Scrolling through your feed, you see me cookin' up your timeline
I eat up everybody's like and share, hottest trend, ha
Ayy, no pay, just free samples, heyday, ayy
Product sold out, we the best in sellin', ayy
Order so much, trail of receipts blowin', bang, bang
Can't resist it, you'll finish every plate of leftovers, ha

Hell of a line, yeah, I know it's hella fine
Hell's Kitchen, tasting divine
You feel it in your system, you want it more
Different new flavors
Our dish here's so bussin'

Finger lickin', yeah, we cookin' up a Super Bowl
In the kitchen, Michelin, irresistible
Feeling prime, state of mind (Shh)
Finger lickin', yeah, we cookin' up a Super Bowl

Counting stars, I feel the light
Open my eyes in the darkest night
Yeah, you know that it's true, yeah
You know it's all for you, yeah, yeah
I'll do it again, just the way you want it
I'll do it again for the days to come
If there's a drought, never doubt
'Cause the clouds are like crowds behind us
Yeah, we bring the rain
(Cookin' up a storm, piece of cake, ah)

Finger lickin', yeah, we cookin' up a Super Bowl (Ah-ah)
In the kitchen, Michelin, irresistible (Ooh)
Open wide (Ah), have a bite (What?)
Make it mine all the time (All the time, ooh)
Finger lickin', yeah, we cookin' up a Super Bowl
In the kitchen, Michelin, irresistible
Feeling prime, state of mind (Shh)
Finger lickin', yeah, we cookin' up a Super Bowl",Very Positive,0.8538
JYP Entertainment,Stray Kids,Lose My Breath,Unknown,327340,"'Cause when our eyes lock, it's like my heart stops

It only took me a moment
And now I'm imprisoned to your touch (Woah)
I-I don't know where it's going now
But I know I need your love

Now, I'll always be here, I won't ever run
'Cause you took the air right out of my lungs

Ah, I lose my breath when you're walkin' in
'Cause when our eyes lock, it's like my heart stops
Ah, I lose my breath when you're walkin' in
You make my knees drop, it's like I'm in shock

Now, all I think about is how
My world turned upside down
Ah, I lose my breath when you're walkin' in
'Cause when our eyes lock, it's like my heart stops

Right now, I feel like dying and I'm lying
On the tilings when you walk in the room
Freezing but you're steaming
Yeah, you catch my breath every time you make a move
Can you be a part of my life?
Girl, I need you right by my side
When I look at your eyes
I'm out of breath (I'm out of breath)

Now, I'll always be here, I won't ever run
'Cause you took the air right out of my lungs

Ah, I lose my breath when you're walkin' in
'Cause when our eyes lock, it's like my heart stops
Ah, I lose my breath when you're walkin' in
You make my knees drop, it's like I'm in shock

Now, all I think about is how
My world turned upside down
Ah, I lose my breath when you're walkin' in
'Cause when our eyes lock, it's like my heart stops

Oh, I feel like there's something comin' over me
I feel like there's something comin' over me
Oh, I feel like there's something comin' over me
Over me, over me
Your lips on my lips make me lose my, ah, ah
Baby, keep 'em there 'til there's no air in my chest
I lose my breath

Ah, I lose my breath when you're walkin' in
'Cause when our eyes lock, it's like my heart stops (No)
Ah, I lose my breath (Oh, oh) when you're walkin' in (Forget it)
You make my knees drop, it's like I'm in shock (Oh, no)

Now, all I think about is how
My world turned upside down (I lose my breath)
Ah, I lose my breath (When you're walkin' in) when you're walkin' in ('Cause when our eyes lock)
'Cause when our eyes lock (It's like my heart stops), it's like my heart stops

Ooh
Baby, I lose my, lose my breath, yeah",Very Positive,0.4168
JYP Entertainment,Stray Kids,SLUMP (English Version),Unknown,319757,"Where you going? It's hard to keep up
You're moving so fast, leaving me behind
Give me an hour, that's all I need
It's now or never, I'm running out of time
The seconds are relentless, I'm helpless as they keep flying by
Stuck here in the desert, I feel like I'm in an hourglass
Maybe I can stay and be comfortable living in the past
But I don't wanna be alone so can you take me to you now

Too fast, I try to follow but I'm losing hope
We used to walk together down this winding road
But you're so far ahead, it seems impossible to catch up

And now I'm walking on my way, all alone, I'm feeling so cold
Not getting anywhere, I feel like I'm in slow mode
Used to be a winner, everything was all black and white
Now I'm bottom of the pile, a dusty photo

I'm afraid I'm gonna be left stranded by myself
All the foolish dreams I had inside of me are broken
Everything I wanted in the distance out of reach
Am I the only one that's gon' stay here forgotten, ayy

So many thoughts are inside of my head
I'm always drying these tears on my face
How could I ever get used to the fact that
The songs and the lyrics, they all sound the same
""Come on, I know you can do it""
I have to repeat it again and again, yeah
I wanna look in the mirror
Telling myself that I did a good job, ayy
Everyone gonna be watching
I gotta show 'em all of me
But I've been insecure lately
'Cause I don't know what they want from me, ayy
Feeling so nervous, I wanna go forward
But everyone else overtaking me
Blocking my vision, my body is shaking
I don't know if I can keep up, yeah, yeah

Too fast, I try to follow but I'm losing hope
We used to walk together down this winding road
But you're so far ahead, it seems impossible to catch up

And now I'm walking on my way, all alone, I'm feeling so cold
Not getting anywhere, I feel like I'm in slow mode
Used to be a winner, everything was all black and white
Now I'm bottom of the pile, a dusty photo

I'm afraid I'm gonna be left stranded by myself
All the foolish dreams I had inside of me are broken
Everything I wanted in the distance out of reach
Am I the only one that's gon' stay here forgotten, ayy",Very Negative,0.5194
JYP Entertainment,Stray Kids,Stray Kids,Unknown,317340,"We're gonna go our way
To places still unknown
We're gonna show the way
We made it on our own
We do what we wanna do
The message through our music
It ain't even done, it's true
Yeah, our rhythm never stops

어린 나의 분화구에 터져 나왔던 갈등
눈이 감길 때쯤 무너져 내렸던 노력들
Every part of me, 해내야만 했던 그날들의 힘듦
속에서 버텼네 이젠 자랑스러운 그 이름 'cause

Stray Kids still gonna rock
On the Hellevator, yeah, we head to the top (Stray Kids)
Stray Kids, run 'til we're done
Do whatever we want, yeah, we don't give a what (Stray Kids)
Know that this is who we areThere ain't no last step out, oh, we'll never stop
Stray Kids still gonna rockOn the Hellevator, yeah, we head to the top, go on and on

Woah, woah, oh, oh, woah
Woah, woah, oh, oh, woah
[Verse 2: Felix, 
Hyunjin
, 
Changbin
]
돈과 명예 중 뭘 더 원해
솔직히 더 많은 걸 바라고 달렸지 욕심 끝에 남은 건 my team
그 무엇과도 바꿀 수 없는 가치 another me
어두운 터널을 걸으며 그렸지 우리의 청사진
청춘을 팔았다 생각 안 해 살 수 없는 꿈에 산 거지
We still astray, we always stay on the Lonely Street
걸어온 이 길을 we don't leave, 영원은 없대도 I believe
The time we spent will be remembered forever, ever

Oh, I won't let me fall down
So proud of myself, never doubt
Who we are언제까지나 믿어 날

Stray Kids still gonna rock
On the Hellevator, yeah, we head to the top (Stray Kids)
Stray Kids, run 'til we're done
Do whatever we want, yeah, we don't give a what (Stray Kids)
Know that this is who we areThere ain't no last step out, oh, we'll never stop
Stray Kids still gonna rockOn the Hellevator, yeah, we head to the top, go on and on

Woah, woah, oh, oh, woah
Woah, woah, oh, oh, woah

Stray Kids still gonna rock
On the Hellevator, yeah, we head to the top (Stray Kids)
Stray Kids, run 'til we're done
Do whatever we want, yeah, we don't give a what (Stray Kids)
Know that this is who we areThere ain't no last step out, oh, we'll never stop
Stray Kids still gonna rockOn the Hellevator, yeah, we head to the top, go on and on",Very Positive,0.8091
JYP Entertainment,Stray Kids,Chk Chk Boom,Unknown,269837,"Boom, boom, chk, chk, boom

(Brrah) 정중앙 흑색의 저 점도
맞춰 내 재빠른 계획도
허점 없이 완벽한 판도
위에서 춤춰 내 plan대로 keep going
Sick of this life, it's regular
승리를 너무 과식했지 배불러 (Ayy, ayy)
산책도 할 겸 허리띠 매 둘러
우린 우주로 나머지 전부 kneel, I'm strong

Yeah, yeah, yeah, yeah, 안 되는 것 없이 I do it (Do it)
Just pull out my trigger, I got that (Woo)
I'ma pop, pop, pop, take a shot, yeah
Shoot down my goals one by one, I snipe them
Filling up my truck
Yeah, you want that ride (Boom)
Hit you like a truck
I'ma make you fly (Hi-hi-hit me with the best one)

(Boom) Vamos, I know that you want it
(Boom) Lobos, we cannot stop hunting
(Boom) Ra-ta-ta-ta, I'ma make it
Boom, boom, chk, chk, boom
(Boom) Vamos, I know that you want it
(Boom) Chaos, we so catastrophic
(Boom) Ra-ta-ta-ta, I'ma make it
Boom, boom, chk, chk, boom

(Boom) Cliché 파괴 자체가 더 cliché
(Boom) 나에 대한 견해 전부 유지해
(Boom) 바뀐 건 없어, I'm not a changed man
내 행보는 여전히 그다음 level에만 대입해
목표치에 한 발씩
한발치 더 다다랐지
I'm the owner of my goal, 주인 잘 만난 복
I make it right, 영점 조준 clear

정적을 깨 버리지
나의 trigger, fire (Fire)
저 끝까지 과녁을
더 위로 올려 (My amigo)
Filling up my truck
Yeah, you want that ride (Boom)
Hit you like a truck
I'ma make you fly

(Boom) Vamos, I know that you want it
(Boom) Lobos, we cannot stop hunting
(Boom) Ra-ta-ta-ta, I'ma make it
Boom, boom, chk, chk, boom
(Boom) Vamos, I know that you want it
(Boom) Chaos, we so catastrophic
(Boom) Ra-ta-ta-ta, I'ma make it
Boom, boom, chk, chk, boom

깊이 더 파고들어
My bullet goes 탕탕탕
이건 la vida loca
이건 good shot, shot, shot
깊이 더 파고들어
My bullet goes 탕탕탕
이건 la vida loca
Boom, boom, chk, chk, boom",Very Positive,0.824
JYP Entertainment,Stray Kids,Truman,Unknown,245925,"I sketch visions of my future
But sometimes the wrong shades slip in the picture, feel like a failure, a loser
But oh, my God, reminds me, I'm human
Head high, I keep on moving living real, like Truman, I'm the true man
We're all same, no difference
Fail, fear, bad days make me more different, I born freak
This is my own movement
We don't care 'cause we're blessed

I don't play, you know, we keep it hunnid
Cop, coppin' all that 쉿, whenеver I want it (Ooh, ooh)
It's that, it's that beast mode as Rеngar calls it
Got trophies in the bag, 'cause of STAY, we lock in (Yeah, yeah)

Ride a Benz, raise my hands, salute fans
Gas is running, hit the pedal, we going fast
We so advanced, we the first and the last
We so advanced, we the first and the last

Woke up 5AM, tryna catch a plane, we don't waste time
Since I was a kid, young ambitions got me out of school
No more following orders, now I make my own rules
Still got that fire, bright and shining like a jewel (Yeah)
This is our crew, (Okay) we'll show what's new (What's new?)
We got the juice, (Woo) we got the moves (Yeah, yeah)
Let's groove tonight, alright, got LV shoes
You wouldn't know what I'm about (Let's go, ayy)
Working our way up, we go (Go)
Cooking up races, I know that we taking our time like Charles Leclerc (Woo)
I masticate all of my enemies
Call me Pac-Man, I eat up the road (Grr)
I'll finish you like I eat the last chip in the bag
Like you got nothing to show, that's how I roll

I don't play, you know, we keep it hunnid
Cop, coppin' all that 쉿 whenever I want it
It's that, it's that beast mode as Rengar calls it
Got trophies in the bag, 'cause of STAY, we lock in (Yeah, yeah)

Ride a Benz, raise my hands, salute fans
Gas is running, hit the pedal, we going fast
We so advanced, we the first and the last
We so advanced, we the first and the last

(Yeah) Way out punk
구태의연한 척 하품 나오기일수 no 배려 텅 (Ah)
빈 그릇 코 박고 practice what you doin' now, 차렷 son
꼭두각시 행세에 배 잡고 웃음도 참아, you done? (You done?)
Okay, okay, you said it's fancy, I can see your 뻥 (Ah)
껌뻑 하면 떨어지는 쟤들은 펑펑 (펑펑)
Look at you, 했었잖아 말을 떵떵
Lotta pain but I keep my 태도 비수에 싹 토해내고 jump up (Oh)
Lay down, 내 선은 비스듬, this system full of wisdom
Don't tryna follow us, long distance
Our eyes, 여전히 shine crimson

I don't play, you know, we keep it hunnid
Cop, coppin' all that 쉿 whenever I want it
It's that, it's that beast mode as Rengar calls it
Got trophies in the bag 'cause of STAY, we lock in (Yeah, yeah)

Ride a Benz, raise my hands, salute fans
Gas is running, hit the pedal, we going fast
We so advanced, we the first and the last
We so advanced, we the first and the last

Yeah, woo
Hey
Yeah, yeah, yeah, yeah
Hey",Very Negative,0.5073
JYP Entertainment,Stray Kids,Social Path,Unknown,234863,"Gave up my youth
For my future
I just want to
Rise up stronger

Where am I right now, now, now, now, now?
終わらない night, night, night, night, night
日が昇れば 明日が来るさ
I won't miss it (Now or never)
諦めてた みんなが言う青春は
たくさん誘惑耐え抜いた 甘く見てたなら
You're wrong, 溶鉱炉 crystal, 強くなってく金属
固さを増し 強固だね 二度ない瞬間へ向かってんね

I know it's gon' be lonely
'Cause everyone keeps turnin' me down
Countless new surroundings
Cold eyes keep lookin' me down
I'm still in the crowd, alien of the town
Yeah, they want me to give up right now
They're making me laugh, it's so loud
Waking the demon that's hiding inside

You only get to live one life, I know, I'm ready
""Take that chance no matter what,"" thеy tell me
I cannot explain this feeling
Yеah, this path was meant to be my dream
Look back, the ashes prove my
Passion always burns eternally
No regrets, I love this feelin'
Down on this road, call it the social path

I'm tossin', turnin' in my bed
The voices in my head again
I gotta shake 'em off now (Now or never)
Never knew I'd see so many people come and go
I see the mirror, it's only me
Evil thoughts takin' over, I'ma let it go
I fight myself, it's only me

I know it's gon' be lonely
'Cause everyone keeps turnin' me down
Countless new surroundings
Cold eyes keep lookin' me down
I'm still in the crowd, alien of the town
Yeah, they want me to give up right now
They're making me laugh, it's so loud
Waking the demon that's hiding inside

You only get to live one life, I know, I'm ready
""Take that chance no matter what,"" they tell me
I cannot explain this feeling
Yeah, this path was meant to be my dream
Look back, the ashes prove my
Passion always burns eternally
No regrets, I love this feelin'
Down on this road, call it the social path

No way
Back to the past
I'll step ahead
Go right in front of me
破れた地図繋ぎ 押し出されても
昔みたいに 上を走る
険しい場所 一人で
夜と向き合い I will rise up

Gave up my youth
For my future
I just want to
Rise up stronger

I'm gonna look back, the ashes prove my
Passion always burns eternally
No regrets, I love this feelin'
Down on this road, call it the social path",Very Positive,0.8241
JYP Entertainment,Stray Kids,Double Knot (English Ver.),Unknown,217999,"The thoughts inside my head, I think it's time to let them out
No question on which way to go, it doesn't matter now
I take a step, whichever destination, I'll be runnin'
Tighten up my laces 'cause I'm ready to be movin'

Now I'm free, get up
I know that I can go anywhere
Free, get up
You'll be surprised, I'll be everywhere
Free, get out
Anywhere now, I don't even care
Da-da-da-da, da-da-da-da-da

Straighten up your posture and walk
'Cause in the end, you're unstoppable
Stand up wherever you go
You'll make it with no trouble
Dramatic cutscene
Every scene is the best of the best 'cause my life is a five-star movie
I'm not done yet, so

Tight-tight, go brace yourself
I tighten my double knot
I tighten my double knot
Stray Kids

Anywhere I go now, go, go
My decision, my life, go, go
Anywhere I go now, go, go
The way I wanna go
Da-da-da-da, da-da-da-da

Blank-sided dice, no-sided coin, wherever it points
Now it doesn't matter 'cause I'm following the broken compass in the void
Even if you think you can't get enough
One out a hundred is just good enough, yuh
Mix every single color only just to watch it all end up black

Now I'm free, get up
I know that I can go anywhere
Free, get up
You'll be surprised, I'll be everywhere
Free, get out
Anywhere now, I don't even care
Da-da-da-da, da-da-da-da-da

I've been looking at a destination
Suddenly, my vision kept on getting wider
Looked around to see the many ways and possibilities
I keep getting stronger
Go, break all the, break all the rules, ah
Don't care about anything, brrah
I do whatever I want, so

Tight-tight, go brace yourself
I tighten my double knot
I tighten my double knot
Stray Kids

Anywhere I go now, go, go
My decision, my life, go, go
Anywhere I go now, go, go
The way I wanna go
Da-da-da-da, da-da-da-da

Don't even matter, ayy, ayy
Wherever I go, ayy, ayy
Whatever happens, I'ma do what I want, ah

Ooh
Double knot
Woo
Double knot
(Hey) Go, go, go, go
(Hey) Go, go
Double knot",Very Positive,0.8168
JYP Entertainment,Stray Kids,강박 (Red Lights),Unknown,206767,"I cannot breathe without you
Being right by my side, I'll die
So, can you please come over closer?
Hold me tight, right now
벗어나기 위해 몸부림쳐 봐야 there's no answer
해와 잠들 때까지 더 deeper
I really wanna know, yeah
난 이미 lost control, oh

I'm going crazy now 걷잡을 수 없이 난
다시 또 이 밤을 지새운다
The moment when I close my eyes
All I see is red lights

Shh, 알잖아 널 가만히 둘 수 없는 걸
알잖아 널 가만히 둘 수 없는 걸
도저히 널 가만히 둘 수 없는

Make you feel my love, oh-oh (Oh)
어둠이 뒤덮인 밤
Make you feel my love, oh-oh (Oh)
알잖아 널 가만히 둘 수 없는 걸

Now, tell me you hate me
더 이상 널 버틸 수 없어
But I know, you and me
어쩔 수 없어
도망치기 위해 몸부림쳐 봤자, set the mic up
달이 잠들 때까지 더 deeper
I really wanna know, yeah
난 이미 lost control, oh

I'm going crazy now, 걷잡을 수 없이 난
다시 또 이 밤을 지새운다
The moment when I close my eyes
All I see is red lights (Red lights, red lights)

알잖아 널 가만히 둘 수 없는 걸
알잖아 널 가만히 둘 수 없는 걸
도저히 널 가만히 둘 수 없는

I'm going crazy now, 걷잡을 수 없이 난
다시 또 이 밤을 지새운다 (도저히 널 가만히, 널 가만히)
The moment when I close my eyes
All I see is red lights, red lights, red lights
도저히 널 가만히 둘 수 없는

Make you feel my love, oh-oh (Oh)
어둠이 뒤덮인 밤
Make you feel my love, oh-oh (Oh)
알잖아 널 가만히 둘 수 없는 걸",Very Negative,0.4357
JYP Entertainment,Stray Kids,특 (S-Class),Unknown,200667,"여긴 Seoul 특별시
수많은 기적을 일으켰지
가려진 별들 사이 떠오르는 특별 (별, 별, 별, 별)

별난 것투성이
변함없지
번화하는 거리
거리거리마다 걸리적거리는 거
Clean it up, clean it up, get back
겉만 번지르르 텅텅 빈 깡통
Kick it, kick it, kick it

Swerving
I'm speeding on Serpent Road
Luxurious like I'm an S-Class
Best of the best on first class
I'm up above the world, so high
I'll be there shining day and night
They wonder how my spotlight is so bright

Counting stars
특별의 별의 별의 별의 별의 별의 별의
별난 놈 (That's me)
별의 별의 별의 별의 별의 별의 별
일이 my work (Bling, bling, everyday)
빛깔 뻔쩍 빛깔 뻔쩍
빛깔 뻔쩍해 class는 특
빛깔 뻔쩍 빛깔 뻔쩍
빛이 번져 더욱 빛나는 star

힙합 스텝 큼지막이 밟지 특출난 게 특기
내 집처럼 드나들지 특집
작업실은 안 부러워 특실
득실득실거려 독보적인 특징
두리번두리번 어중떠중 띄엄띄엄 보는 애들이
뻔쩍뻔쩍 빛나는 것들만 보면 달려 버릇이, no, no
빛나는 걸 쫓기보단 빛나는 쪽이
되는 게 훨씬 폼 잡기 편해, shine like a diamond, 'kay?

Swerving
I'm speeding on Serpent Road
Luxurious like I'm an S-Class
Best of the best on first class
I'm up above the world, so high
I'll be there shining day and night
They wonder how my spotlight is so bright

Counting stars
특별의 별의 별의 별의 별의 별의 별의
별난 놈 (That's me)
별의 별의 별의 별의 별의 별의 별
일이 my work (Bling, bling, everyday)
빛깔 뻔쩍 빛깔 뻔쩍
빛깔 뻔쩍해 class는 특
빛깔 뻔쩍 빛깔 뻔쩍
빛이 번져 더욱 빛나는 star

I feel like the brightеst star
빛이 쏟아지는 밤
하늘을 바라보면
내 모습 수놓아져 있어, yeah, yeah
떨어지지 않고
한 자리에서 거뜬하게 stay해, yeah
빛날 광에 사람인
그게 바로 우리 소개말, wе're special, yeah

Stray Kids, 내 뒤의 팀은 특수부대
Stage 위 그 자체로 이건 특별 무대
관중들은 따로 필요 없지 축제
절제 따위 필요 없이 고삐 풀 때
Limited edition, 특이한 건 특별해져
불투명함은 분명하게 바꿔 거듭 되새겨
눈에 띄는 텐션 몰입하는 객석
우리 빛이 하나가 돼 여기 모든 곳을 밝혀

Counting stars, 특
(Counting stars, 특)
Feeling extra (Bling, bling, everyday)
빛깔 뻔쩍 빛깔 뻔쩍
빛깔 뻔쩍해 class는 특
빛깔 뻔쩍 빛깔 뻔쩍
빛이 번져 더욱 빛나는 star",Very Positive,0.5183
JYP Entertainment,Stray Kids,Do It,Unknown,200532,"Yo

그냥 해 눈동자 굴릴 time에 (Tick-tock)
Go get it, 밀어붙여 나다움에 (Woo)
실패 과정의 다른 이름, flawless
하고 싶은 대로 해도 패밴 없는 싸움, yeah (Ayo)
Let's make it fire, 굳이 나 tranquilo
Go digging, 파 내려가 곧장 길로
해야지 뭐 어째, no back step
뒷밴 없어도 배짱으로 hack it

Oh, baby, trust our instincts
Feel the rhythm of our bodies moving, baby
Right this instant
Oh (Oh, oh)
There ain't no time for thinking
Leave it all behind, we're gonna do it, baby
Come feel the rush, don't make a fuss
You gotta, you gotta, you gotta just

Do it, do it, do it, do it
Oh, na-na, na-na-na
Do it, do it, do it, do it
Oh, na-na, na-na-na
Just do whatever you wanna do
I guarantee that it's the best for you
Just do it, do it, do it, do it
Oh, na-na, na-na-na-na

그냥 해, 제발 간 보기 좀 그만해 (Hey)
내가 하려던 거 나 아니면 누가 해 (Hey)
고민을 전부 다 flex해 오늘 안에
어제의 나, 오늘의 나, 내일의 나대로 해
이게 game이라 하면 I'm a star player
Play my life on mono and stereo
위로 더 위로, crescendo, take me up
Do it, do it, 
do it

Oh, baby, trust our instincts
Feel the rhythm of our bodies moving, baby
Right this instant
Oh (Oh)
There ain't no time for thinking
Lеave it all behind, we'rе gonna do it, baby
Come feel the rush, don't make a fuss
You gotta, you gotta, you gotta just

Do it, do it, do it, do it
Oh, na-na, na-na-na
Do it, do it, do it, do it
Oh, na-na, na-na-na
Just do whatever you wanna do
I guarantee that it's the best for you
Just do it, do it, do it, do it
Oh, na-na, na-na-na-na

멈추는 건 foolish, yeah
하는 게 더 영리해
부딪히며 얻어내 hint
어차피 할 거 불평, shut it
멈추는 건 foolish, yeah
하는 게 더 영리해
부딪히며 얻어내 hint
어차피 할 거면 자신 있게 (Woo; Do it)

Do it, do it, do it, do it
Oh, na-na, na-na-na (Yeah, yeah)
Do it, do it, do it, do it
Oh, na-na, na-na-na (Ow)
Just do whatever you wanna do (Yeah)
I guarantee that it's the best for you (Oh)
Just do it, do it, do it, do it
Oh, na-na, na-na-na-na",Very Positive,0.8393
JYP Entertainment,Stray Kids,MEGAVERSE,Unknown,194408,"Un, deux, trois
Run along with the gods, jumping between every verse
The multiverse ain't ready for our universe
(Jump, force)
First, second, third, fourth wall
We're breakin' them all, unbeatable score
Our composition brings the competition
But we've already won in this megaverse
바삐 또 굴리는 발바닥
바삐 또 굴리는 혓바닥 터뜨려
Pop, pop, pop, 어디든 섭렵해 싹 다 다
Popstar, festa, 안 꿇어 무르팍
무릎 팍 치고 머리 팍 치고
윽박지르던 놈들은 다 닥치고
공점일 초마다 돌려보는 컷
헛것이라도 본 듯 입이 떠억

Speechless, wordless
I don't need your kindness
오직 내 걸 뱉고
나서야 속 편해
우리가 나왔다 (나와, 두두)
두 귀를 열어라
큰 대야를 준비해 그릇이 작으면
넘쳐흘러 감동의 눈물

Welcome to the Stray Kids Hot Megaverse
(Hoo)
Stray Kids
(Hoo)
Welcome to the Stray Kids Hot Megaverse

Mic 잡았다 큰 거 하나 온다 떠받들어라 atlas
닥치는 대로 집어삼켜 소화해 모든 song form, megaverse
결말을 뻔하게 만들어 결국 끝을 보지, Megatron
영향력은 증폭돼 속삭여도 megaphone (Woah)
같이 모여 퍼뜨려 hooligans
몰아치게 놔둬 out of the way
헛소리는 입에 조준 철컥
*We make the rules, nobody can hold me, yeah*
안 듣고 못 배겨 들어보고 새겨
비켜 삥 둘러 봤자 바뀐 패권 chapter
다음 거 my word, power
올라가, high, 찍고 바로 random, ayy
올라가지 저 밑에서
발버둥 치다가 왔지, ayy
Now 여기 위에서
말한 대로 내 위치는 top이지?

Speechless, wordless
입 벌린 채 눈 둘 곳 없어
You know we're getting fearless, reckless
은하계에 울려 퍼지는 우리 음악 소리
Hey, 생각하는 대로 행동 우리 feel로
듣고 따라 우린 만들어 현실로
Every time we move
The universe will follow

Welcome to the Stray Kids Hot Megaverse
(Hoo)
Stray Kids
(Hoo)
Welcome to the Stray Kids Hot Megaverse

웅장한 내 목소리 you better run
이 정도의 스케일 측정 단위 megaton
웬만해선 절대 누구에게 안 꿀려
Stray Kids

(Hoo)

This our megaverse, big bang, your body shakes
(Stray Kids everywhere all around the world)
'Cause we making bangers, yeah, yeah
(Stray Kids everywhere all around the world)
This our megaverse, big bang, everything shakes
(Stray Kids everywhere all around the world)
Welcome to the Stray Kids Hot Megaverse",Very Positive,0.6947
JYP Entertainment,Stray Kids,This & That,Unknown,188542,"This and that, this and that

Everything I do, multiply it by two
I got this and that, this and that
We could take a coupe or a truck, vroom, vroom
I got this and that, this and that
Cappuccino and americano
I'll take this and that, this and that
I'ma rip a show and then hit the studio
I do this and that, this and that

Groovy하게 걸어 look at me
이미 proved it, 두 마디로 끝냈지
머리를 cooling, 다음 단계로 still moving
Stop denying, 두 눈 감아봐도 분위기 늘 잔치
내비둬 그래도 찾아먹지 울 식성대로
오지랖 곱빼기 빼줘 요청란에 써놨어
잘 봐줘 나왔어
(우리가 나왔어)

See me rolling
골라서 내가 선택한 대로 flowing
원래 가고 싶은 대로 I run it, run it, run it
Yeah, we (이것저것 다)

Everything I do, multiply it by two
I got this and that, this and that
We could take a coupe or a truck, vroom, vroom
I got this and that, this and that
Cappuccino and americano
I'll take this and that, this and that
I'ma rip a show and then hit the studio
I do this and that, this and that

원해 더 멈출 수 없는 challenge
Hot and cold, 뭐든 괜찮아, no damage
I ain't getting no pain
I'll show you the way, I got no shame and I'm—
이것저것 ready 된 지 이미 오래됐지
Yeah, 지루함은 뺐지 그건 오래전에 패치
내 랩은 고기 패티 절대 빠질 수 없겠지
내 왼쪽 가슴속에 박힌 Stray Kids 배지

발자취에 남은 체취 채취 해서 꿈을 sketch
Let's get it 기횔 catch, 성공과의 matching
더 보여줄 거 없냐는 너에게-에게-에게-에게
(이것저것 다)

Everything I do, multiply it by two
I got this and that, this and that
We could take a coupe or a truck, vroom, vroom
I got this and that, this and that
Cappuccino and americano
I'll take this and that, this and that
I'ma rip a show and then hit the studio
I do this and that, this and that

We can go fast, wе can go slow
If you can't choose, you can have both
Can't stop us now (Go)

Everything I do, multiply it by two
I got this and that, this and that
Wе could take a coupe or a truck, vroom, vroom
I got this and that, this and that (Yeah)
Cappuccino and americano
I'll take this and that, this and that
I'ma rip a show and then hit the studio
I do this and that, this and that

Talking this and that
Talking this and that
This and that, this and that
(This and that)",Very Positive,0.8015
JYP Entertainment,TWICE,TAKEDOWN,Unknown,890928,"Takedown, takedown
Takedown, down, down, down (HUNTR/X girls to the world)
Takedown, takedown
Takedown, down, down, down (It's a takedown)

So sweet, so easy on the eyes, but hideous on the inside
Whole life spreading lies, but you can't hide, baby, nice try
I'm 'bout to switch up these vibes, I finally opened my eyes
It's time to kick you straight back into the night

'Cause I see your real face, and it's ugly as sin
Time to put you in your place, 'cause you're rotten within
When your patterns start to show
It makes the hatrеd wanna grow outta my veins

I don't think you're ready for thе takedown
Break you into pieces in a world of pain 'cause you're all the same
Yeah, it's a takedown
A demon with no feelings don't deserve to live, it's so obvious

I'ma gear up and take you down
Woah-oh, da-da-da, down
It's a takedown
Woah-oh, da-da-da, down
I'ma take it down
Woah-oh, da-da-da, down
It's a takedown
Woah-oh, da-da-da, down (Take it down)

It's a takedown, I'ma take you out, you break down like, ""What?""
It's a takedown, I'ma take you out, and it ain't gonna stop
정신을 놓고 널 짓밟고 칼을 새겨놔
You'll be beggin' and cryin', all of you dyin', never miss my shot

When your patterns start to show
It makes the hatred wanna grow out of my veins

I don't think you're ready for the takedown
당당하게 어둠 앞에 다가서 다 무너뜨려
Yeah, it's a takedown
A demon with no feelings don't deserve to live, it's so obvious

I'ma gear up and take you down
Woah-oh, da-da-da, down
It's a takedown
Woah-oh, da-da-da, down
I'ma take it down (Watch me do it, yeah)
Woah-oh, da-da-da, down
It's a takedown (Ooh)
Woah-oh, da-da-da, down (Ooh)

Oh, you're the master of illusion
나를 속이려 하지마
Look at all the masses that you're foolin'
But they'll turn on you soon, so how?
How can you sleep or live with yourself?
A broken soul trapped in the nastiest shell
영혼없는 네 목숨을 끊으러
And watch you die (You can try, but you can't hide)

It's a takedown, I'ma take you out, you break down like, ""What?"" (Oh, woah-oh, woah-oh)
It's a takedown, I'ma take you out, and I ain't gonna stop (Oh, woah-oh, woah-oh)
I'ma cut you up, you'll lose control, then rip out your heart (Oh, woah-oh, woah-oh)
You'll be beggin' and cryin', all of you dyin' (Oh, woah-oh)

I'ma gear up and take you down
Oh, woah-oh, da-da-da, down (La-la-la)
It's a takedown (Oh)
Oh, woah-oh, da-da-da, down (Yeah-yeah, yeah-yeah, yeah)
I'ma take it down
Oh, woah-oh, da-da-da, down (Ooh)
It's a takedown (Ooh)
Oh, woah-oh, da-da-da, down (Watch me do it, yeah)

Take it down",Very Negative,0.4645
JYP Entertainment,TWICE,I CAN’T STOP ME (English Version),Unknown,613630,"Ooh-ooh, ooh-ooh-ooh-ooh
(Li-Li-Lindgren)

I'm hearing all the alarms ring-a-ling
They go off every time that we're face-to-face
Why is it so hard to resist?
Temptation, sweet as honey, I know it's too late

I feel it deep inside, I'm gonna lose the fight
Eventually I know that I'll be crossing the line
I try warning myself 'cause I'm in need of help
Can't hold me back, already standing right at the edge, out of control

(Ha) Oh, I've been caught under the spot, spot, spotlight
I wanna cave in to the dark side calling to me
The ending's obvious, I know it's not right
I can't stop me, can't stop me (No, woah, woah)
(Ha) You pull me ovеr to the red, red, rеd line
I can't escape it, you're my weakness, and you're my vice
In the shadows, you're the only highlight
I can't stop me, can't stop me (No, woah, woah)

Ooh-ooh, ooh-ooh-ooh-ooh
Ooh-ooh, ooh-ooh-ooh-ooh
Ooh-ooh, ooh-ooh-ooh-ooh
I can't stop me, can't stop me

You're my forbidden fruit (Yeah, yeah)
Pretend that there's no rules (Ah)
I'm turning all the lights off (Tonight)
And spiraling into the abyss, losing myself (Yeah, yeah)

There ain't no turning back
Addicted to the feeling like I'm caught in a trance (In a trance)
It's like you flip a switch, your power over me (Ayy)
Is limitless and now all I can do is give in, out of control (Ooh, yeah)

(Ha) Oh, I've been caught under the spot, spot, spotlight
I wanna cave in to the dark side calling to me (Ooh, ooh, ooh)
The ending's obvious, I know it's not right
I can't stop me, can't stop me (No, woah, woah)
(Ha) You pull me over to the red, red, red line (Red line)
I can't escape it, you're my weakness, and you're my vice
In the shadows, you're the only highlight (I can't stop me, yeah)
I can't stop me, can't stop me (No, woah, woah)

Risky, risky, why you test me? This is an emergency
Help me, help me, somebody stop me, 'cause I know I can't stop me
Getting closer and closer, when I know I'm in danger
Need to get away from ya, you're like the devil on my shoulder

What's going on inside? (Ah-ah)
There's a war I'm trying to fight (Ooh-ooh)
Since it opened my eyes
I can't stop me, can't stop me, can't stop me (Ah)

(Ha) Oh, I've been caught under the spot, spot, spotlight (Ah)
I wanna cave in to the dark side calling to me (Ah, ah)
The ending's obvious, I know it's not right (Oh, oh, oh)
I can't stop me, can't stop me (No, woah, woah)
(Ha) You pull me over to the red, red, red line (*Woah-ooh*)
I can't escape it, you're my weakness, and you're my vice (*No, no*)
In the shadows, you're the only highlight (*Woo, ooh, ooh, ooh, ooh*)
I can't stop me, can't stop me (No, woah, woah; *Yeah, yeah, yeah*)

Ooh-ooh, ooh-ooh-ooh-ooh (Ah-ah)
Ooh-ooh, ooh-ooh-ooh-ooh (Ooh)
Ooh-ooh, ooh-ooh-ooh-ooh
I can't stop me, can't stop me (No, woah, woah)

Ooh-ooh, ooh-ooh-ooh-ooh
Ooh-ooh, ooh-ooh-ooh-ooh
Ooh-ooh, ooh-ooh-ooh-ooh",Very Negative,0.4644
JYP Entertainment,TWICE,The Feels,Unknown,508373,"Boy, I, boy, I, boy, I know (I know)
I know you get the feels (Yeah)
Boy, I, boy, I, boy, I know
Uh

I'm so curious ’bout ya, boy
Wanna keep it cool but I know
Every time you move, got me frozen, I
Get so shy, it's obvious (Yeah, yeah)
Catching feels like butterflies
If I say what's on my mind
Would I hit bullseye? (Woo)
Shoot, I’m ready, aim and fire (Fire)

Baby, I—, woah (Ow)
Feel like Cupid's alive
Ali-i-ive tonight
Yeah, tonight
If your heart beats the same way
Let me know (Yeah, let me know)
'Cause I'm boom-boom-boom
From head to toe and I (From head to toe)

I know love
It is such a funny thing
A mystery allure
Gotta get to know you more
'Cause I, I can feel a real connection
A supernatural attraction, ah
I got the feels for you
Yeah, yeah, yeah, yeah

You have stolen my heart
Oh, yeah (Oh, yeah)
Never let it go, oh, oh
No, never let it go, oh, oh, oh
Lightning straight to my heart
Oh, yeah (Oh, yeah)
I got all the feels for sure
Yeah, I got all the feels for ya, ah

Boy, I, boy, I, boy, I know
I know I get the feels
Boy, I, boy, I, boy, I know
I know you feel it too (Uh, uh)

Sway in the moonlight, dance in the dark (Yeah, yeah)
I, I know that I caught your eye (That's right)
Are we on the same vibe? (Same vibe)
I wonder what's on your mind
'Cause you got me good, and I wanna be ya boo
If it’s dumb, well, I wanna be a fool (Woo, woo, woo)
Underneath the neon lights, baby
Electricity tonight, baby

I know love
It is such a funny thing (Yeah)
A mystery allure
Gotta get to know you more (No)
’Cause I, I can feel a real connection (Connection)
A supernatural attraction, ah (Attraction, ah)
I got the feels for you
Yeah, yeah, yeah, yeah (Ah)

You have stolen my heart
Oh, yeah (Oh, yeah)
Never let it go, oh, oh
No, never let it go, oh, oh, oh
Lightning straight to my heart
Oh, yeah (Oh, yeah)
I got all the feels for sure
Yeah, I got all the feels for ya (Oh, yeah)

Boy, I, boy, I, boy, I know
I know I get the feels
Boy, I, boy, I, boy, I know
I know you feel it too
Boy, I, boy, I, boy, I know
I know I get the feels
Boy, I, boy, I, boy, I know
I know you feel it too (Feel it too)

You got my attention (Oh)
So, what's your intention? (Oh)
Yeah, tell me, baby
What’s the deal?
Oh, one look and I know it
Baby, my eyes reveal
That you, you, you give me the feels
Oh, yeah

You have stolen my heart
Oh, yeah (Oh, yeah)
Never let it go-oh-oh (Nah, nah)
No, never let it go, oh, oh, oh (Nah, nah)
Lightning straight to my heart
Oh, yeah (Nah, nah, I, I)
I got all the feels for sure
Yeah, I got all the feels for ya, ah

Boy, I, boy, I, boy, I know (The feels)
I know I get the feels (The feels; Boy, yeah)
Boy, I, boy, I, boy, I know (Ayy; Yeah, yeah, yeah)
I know you feel it too (Yeah, yeah, yeah)
Boy, I, boy, I, boy, I know (The feels; Come, boy, come, boy)
I know I get the feels (The feels)
Boy, I, boy, I, boy, I know (Ayy)
I know you feel it too (Yeah)",Very Positive,0.8839
JYP Entertainment,TWICE,CRY FOR ME (English ver.),Unknown,377020,"I know
Our love ain't anything to fight for
But I'll never break out of the cycle
I don't really wanna let you go (Never let go)
You don't know me
L-O-V-E or hatred
Hit you with a smile, not goodbye
All the while, I'll be sure to leave you wonderin'

Oh, on the outside I'll be all calm
Baby no more real love
Imma pretend we're going strong
Then at the end, break your heart
Bad boy, bad boy
Yeah, you really make me a mad girl, mad girl
Woah-oh-oh

I want you to cry, cry for me
Thе way I cried for you, baby, cry for me
Make your rain fall, cry for mе
But again
Somehow you keep me goin' round and round
All the walls I built around me come crashin' down
Makin' excuses, gotta drown 'em out
I want you to, I want you to, I want you to cry for me
Hmm, yeah

I don't know if I'm just
In too deep and I'm confused
All my friends hate your guts
But I'm still defending you (Ooh; Yah yah, yah yah)
I can't seem to cut you loose (Yah yah, yah yah; Mmm, yeah)
Ooh, don't know how you keep on laughin' everyday
Just a single tear from you, I'd be okay (Ooh)
Cry for me, let me please forgive you, oh (Yeah yeah)

Oh on the outside I'll be all calm
Baby just like real love (Real love)
Tellin' myself we're going strong
If it's the end, break your heart (Break your heart)
Bad boy, bad boy
Yeah, you really make me a sad girl, sad girl (Sad girl, sad girl)
Woah-oh-oh

I want you to cry, cry for me (Me)
The way I cried for you, baby, cry for me
Make your rain fall, cry for me
But again (Me, yeah)
Somehow you keep me goin' round and round (Oh)
All the walls I built around me come crashin' down (Oh)
Makin' excuses, gotta drown 'em out  (Oh)
I want you to, I want you to, I want you to cry for me

If love is a game
Don't want to play
You poison my veins
Then take it all away
I'm chasin' that taste (Ooh)
I want your kiss, yeah, yeah, yeah (Ooh)
I want you to cry, cry for me
Can you at least pretend? Baby, cry for me
Make your rain fall
Fall and fall now, yeah

I want you to cry, cry for me (Me)
The way I cried for you, baby, cry for me (Cry for me)
Make your rain fall, cry for me
But again (Me)
Somehow you keep me goin' round and round
All the walls I built around me come crashin' down (Down)
Makin' excuses, gotta drown 'em out (Gotta drown out)
I want you to, I want you to, I want you to die for me (For me)",Very Positive,0.532
JYP Entertainment,TWICE,Strategy,Unknown,350991,"Hey, boy, I'ma get ya
I'ma get you real good and I bet ya (It's Megan Thee Stallion)
Hey, boy, once I get ya
You'll be, oh, so glad that I met ya (And TWICE, ow)

Step one, do my highlight
Make me shine so bright in the moonlight
Step two, silhouette tight
Baby, even my shadow looks good, right?
Step three, when I arrive
Make you look my way with your heart eyes
Step four, got you on the floor
Make you say, ""More, more, more""

When I say hi
I'm feeling all your attention on me
Hi
No reason to be so shy with me
I ain't gonna bite, comе on over (No)
I know you wanna move a little closеr (Yeah)
I
Got a plan to get you with me (I)

Got you on my radar
Soon you're gonna be with me
My strategy, strategy
Will get ya, get ya, baby
Winning is my trademark
Soon you'll never wanna leave
My strategy, strategy
Will get ya, get ya, baby

Hey, boy, I'ma get ya
I'ma get you real good and I bet ya
Hey, boy, once I get ya
You'll be, oh, so glad that I met ya

When your cheeks go red (That's cute)
I wanna dance, you said (""Oh, cool"")
'Til I'm in your head (It's cruel)
And you can't forget
You're feeling things now, and you're confused
Watching my body getting loose
You don't know what you're gonna do
You're mine

When I say hi
I'm feeling all your attention on me
Hi
No reason to be so shy with me
I ain't gonna bite, come on over (No)
I know you wanna move a little closer (Yeah)
I
Got a plan to get you with me (I)

Got you on my radar
Soon you're gonna be with me
My strategy, strategy
Will get ya, get ya, baby
Winning is my trademark
Soon you'll never wanna leave
My strategy, strategy
Will get ya, get ya, baby (Real hot girl shh)

Do you like that? (Huh?)
When I smack it and you watch it bounce it right back? (Yeah)
He really lost it when he saw me do the right, left (Hmm)
I'm a man eater, you are just a light snack (Baow)
I got him pressed like he's workin' on his triceps (Hmm)
I'm a flirt, I'm a tease, they be hurt after me
Told him, ""Baby, what's a player to the G-A-M-E?""
Sayin' need the word by him bringing me to the beach
Jealous? Who? Girl, please
Left, right, left, right, do it to the beat (Do it to the beat)
Talk with my body, that's my strategy (Baow, baow)
Other girls try but I'm really hard to beat (But I'm really hard to beat)
He'll be mine off my strategy (Yeah, yeah)
Left, right, left, right, do it to the beat (Do it to the beat)
Talk with my body, that's my strategy (Baow, baow)
Other girls try but I'm really hard to beat (Yeah, I'm really hard to beat)
He'll be mine off my strategy (Yeah, yeah)

My strategy, strategy
Like gravity, gravity
One look at me, look at me
I bet ya, bet ya, bet ya, boy
You'll be down on your knees
Calling me up, begging me, don't leave
My strategy, strategy
Will get ya, get ya, get ya, boy (Ow)

Hey, boy, I'ma get ya
I'ma get you real good and I bet ya (I'ma get you real good and I bet ya)
Hey, boy, once I get ya (Hey, boy)
You'll be, oh, so glad that I met ya (Oh, so glad that I, ooh)
Hey, boy, I'ma get ya (Hey, boy, yeah)
I'ma get you real good and I bet ya (Good and I bet ya)
Hey, boy, once I get ya (Hey, boy)
You'll be, oh, so glad that I met ya (Oh, so glad that I met ya)

Hey, boy, I'ma get ya
I'ma get you real good and I bet ya",Very Positive,0.8288
JYP Entertainment,TWICE,What is Love?,Unknown,337434,"TWICE
What is love?

매일같이 영화 속에서나
책 속에서나
드라마 속에서 사랑을 느껴
Mm, 사랑을 배워
내 일처럼 자꾸 가슴이 뛰어
두근두근거려
설레임에 부풀어 올라
Mm, 궁금해서 미칠 것만 같아

Ooh, 언젠간 내게도
이런 일이 실제로 일어날까? (Ooh)
그게 언제쯤일까?
어떤 사람일까?

(I wanna know) 사탕처럼 달콤하다는데
(I wanna know) 하늘을 나는 것 같다는데
(I wanna know, know, know, know, what is love?)
사랑이 어떤 느낌인지
(I wanna know) 하루 종일 웃고 있다는데
(I wanna know) 세상이 다 아름답다는데
(I wanna know, know, know, know, what is love?)
언젠간 나에게도 사랑이 올까?

지금 이런 상상만으로도
떠올려만 봐도
가슴이 터질 것 같은데
Mm, 이렇게 좋은데
만일 언젠가 진짜로 내게
사랑이 올 때
난 울어버릴지도 몰라
Mm, 정말 궁금해, 미칠 것만 같아

Ooh, 언젠간 내게도
이런 일이 실제로 일어날까? (Ooh)
그게 언제쯤일까?
어떤 사람일까?

(I wanna know) 사탕처럼 달콤하다는데
(I wanna know) 하늘을 나는 것 같다는데
(I wanna know, know, know, know, what is love?)
사랑이 어떤 느낌인지
(I wanna know) 하루 종일 웃고 있다는데
(I wanna know) 세상이 다 아름답다는데
(I wanna know, know, know, know, what is love?)
언젠간 나에게도 사랑이 올까?

지금 세상 어느 곳에 살고 있는지
도대체 언제쯤 나와 만나게 될는지
언제 어떻게 우리의 인연은
시작될는지 모르지만 느낌이 어쩐지
진짜 좋을 것 같아 왠지
영화 드라마보다도 더 멋진 (멋진)
사랑이 올 거야, 내 예감 언제나 맞지 (Ooh-ooh)
어서 나타나봐, 나는 다 준비가 됐지, ready

(어디 있을까?) 찾아낼 거야
(어디 있을까?) 보고 싶어 죽겠어
더 이상 참을 수
없을 것만 같아

사탕처럼 달콤하다는데
하늘을 나는 것 같다는데
(I wanna know, know, know, know, what is love?)
사랑이 어떤 느낌인지
하루 종일 웃고 있다는데
세상이 다 아름답다는데
(I wanna know, know, know, know, what is love?)
언젠간 나에게도 사랑이 올까?

I wanna know (Ooh, what is love?)
I wanna know (I wanna know)
I wanna know, know, know, know, what is love?
(I wanna know, I wanna know, what is love?)
I wanna know
I wanna know
I wanna know, know, know, know, what is love?
I wanna know",Very Positive,0.8469
JYP Entertainment,TWICE,THIS IS FOR,Unknown,266032,"(Ha-ha-ha)

This is for all my ladies
Who don't get hyped enough (Hey, ladies)
If you've been done wrong, then this your song
So turn it up (Turn it up for me, uh, uh)

I wanna go where the baddest girls are from (Uh, uh)
Might be another planet, maybe that's where mother nature made me (Woo)
Something about that water tastes like fun (Yeah, yeah)
My girls make it rain confetti, sweet on your tongue

(Beep, beep, beep)
I'm outside your door, so let's go, don't let that
(Beep, beep, beep)
Have you feeling low when you're grown, you got the
(Key, kеy, keys) (You got it)
You already know and it shows tonight
It's you and me
How it should bе

This is for all my ladies
Who don't get hyped enough
If you've been done wrong, then this your song
So turn it up
One time for all my ladies
You looking good as what
So tell 'em bye, bye 'cause it's your time
To turn it up

Thi-thi-this for the girls with that light inside
They spin around you like satellite
Yeah, you the baddest all day and night
I'll give you flowers 'til the end of time
(Ooh) This your moment, go get it
(Ooh) Forget that boy and don't sweat it (No sweat)
(Oh) I'll always be your ride or die
So

(Beep, beep, beep)
I'm outside your door, so let's go, don't let that
(Beep, beep, beep)
Have you feeling low when you're grown, you got the
(Key, key, keys)
You already know and it shows 
tonight
It's you and me
How
 it should be

This is for all my ladies (Yeah)
Who don't get hyped enough (Woo-hoo; Hyped enough; Yeah)
If you've been done wrong, then this your song
So turn it up (Turn it up, oh-woah)
One time for all my ladies (All my ladies)
You looking good as what (Good as what)
So tell 'em bye, bye 'cause it's your time (Step out, done wrong)
To turn it up

All my ladies now (Now)
Oh, oh, oh, oh
Let's get down (Oh, let's get)
Come on, dip your hip into it
All my ladies now (Now)
Oh, oh, oh, oh (Ladies now)
Let's get down (Down)
Come on, dip your hip into it
All my ladies now (Ladies)
Oh, oh, oh, oh (This is for my ladies)
Let's get down (Yeah)
Come on, dip your hip into it
All my ladies now (Ladies)
Oh, oh, oh, oh (This is for my ladies)
Let's get down
Come on, dip your hip into it",Very Positive,0.7134
JYP Entertainment,TWICE,MOONLIGHT SUNRISE,Unknown,251077,"Oh, yeah
I guarantee I gotcha

I've been craving for your love
Can't see nobody but us
(Can't see nobody but us)
So I, so I, so I
See you from across the room
Make my way over to you
(My way over to you)
I'm trippin' over butterflies

Oh, yeah
Baby, I don't really mean to rush
But I'ma really need your touch
If I'ma make it through the night
I got the moonlight
Tequila sunrise
Uh, come take a shot on me
I gotcha

I don't know how to say this
I hope this song's on your playlist
This feeling's so hard to explain
I don't even know how to talk right now
It's ""I need you"" o'clock right now
I want you to hear me say

Moonlight sunrise
Baby, come be my starlight
Moonlight sunrise
Oh, baby, just to make you stay
Moonlight sunrise
Baby, let's do it all night
Moonlight sunrise
I guarantee I gotcha

Loving undefeated, on your knees pleading
Baby, you can hit up my line when you need it
Said that you tried? Baby, you succeeded
Got a craving, baby, can you feed it? (Hoo)
Took a trip under moonlight
Follow me to the sunrise
Every day, every night
Ayy, come with me, don't think twice

Oh, yeah
Baby, I don't really mean to rush
But I'ma really need your touch
If I'ma make it through the night
I got the moonlight
 (
Uh-uh
)
Tequila sunrise
 (
Uh-uh
)
Ha, come take a shot on me
I gotcha

I don't know how to say this
I hope this song's on your playlist
This feeling's so hard to explain
I don't even know how to talk right now
It's ""I need you"" o'clock right now
I want you to hear me say

Moonlight sunrise
Baby, come be my starlight
Moonlight sunrise
Oh, baby, just to make you stay
Moonlight sunrise
Baby, let's do it all night
Moonlight sunrise
I guarantee I gotcha

Cards out on the table, what you say?
I need you, you need me, you're mine
I'm your moonlight, you're my sunrise, babe
I guarantee I gotcha

Moonlight sunrise (Oh, oh, yeah)
Baby, come be my starlight
Moonlight sunrise
Oh, baby, just to make you stay (Oh, yeah)
Moonlight sunrise
Baby, let's do it all night
Moonlight sunrise (Oh, yeah)
I guarantee I gotcha (Oh-woah)
Moonlight sunrise (Oh)
Baby, come be my starlight (Ooh)
Moonlight sunrise (Moonlight sunrise)
I guarantee I gotcha
Moonlight sunrise (Moonlight)
Baby, let's do it all night (Sunrise)
Moonlight sunrise (Oh, yeah, yeah)
I guarantee I gotcha

Moonlight sunrise",Very Positive,0.787
JYP Entertainment,TWICE,TT,Unknown,232227,"이러지도 못하는데 저러지도 못하네
그저 바라보며, ""Ba-ba-ba-baby""
매일 상상만 해 이름과 함께 쓱 말을 놨네, baby
아직 우린 모르는 사인데
아무거나 걸쳐도 아름다워
거울 속 단 둘이서 하는 fashion show, show
이번에 정말 꼭꼭 내가 먼저 talk, talk
다짐뿐인 걸, 매번 다짐뿐인 걸

Na-na-na, na-na-na-na
콧노래가 나오다가 나도 몰래
눈물 날 것 같아, 아닌 것 같아
내가 아닌 것 같아 (I love you so much)

이미 난 다 컸다고 생각하는데
어쩌면 내 맘인데 왜 내 맘대로 할 수 없는 건 왜?
밀어내려고 (Oh) 하면 할수록 (Oh)
자꾸 끌려, 왜 자꾸, 자꾸 끌려, baby?

I'm like TT (Woah, woah), just like TT (Woah, woah)
이런 내 맘 모르고, 너무해, 너무해
I'm like TT (Uh), just like TT (Uh)
Tell me that you'd be my baby

어처구니 없다고 해 얼굴 값을 못한대
전혀 위로 안돼, ba-ba-ba-baby
미칠 것 같애 이 와중에 왜 배는 또 고픈 건데?
하루 종일 먹기만 하는데
맴매매매 아무 죄도 없는 인형만 때찌
종일 앉아있다가 엎드렸다 시간이 획획획
피부는 왜 이렇게 또 칙칙? 
자꾸 틱틱 거리고 만 싶지
(엄만 귀찮게 계속, 왜, 왜, 왜, 왜, 왜?)

Na-na-na, na-na-na-na
콧노래가 나오다가 나도 몰래
짜증날 것 같아, 화날 것 같아
이런 애가 아닌데 (I love you so much)

이미 난 다 컸다고 생각하는데
어쩌면 내 맘인데 왜 내 맘대로 할 수 없는 건 왜?
밀어내려고 (Oh) 하면 할수록 (Oh)
자꾸 끌려, 왜 자꾸, 자꾸 끌려, baby?

I'm like TT (Woah, woah), just like TT (Woah, woah)
이런 내 맘 모르고, 너무해, 너무해
I'm like TT (Uh), just like TT (Uh)
Tell me that you'd be my baby

혹시 이런 나를 알까요?
이대로 사라져 버리면 안돼요
이번엔 정말 꼭꼭 내가 먼저 talk, talk
다짐뿐인 걸, 매번 다짐뿐인 걸, woah-oh

이미 난 다 컸다고 생각하는데
어쩌면 내 맘인데 왜 내 맘대로 할 수 없는 건 왜?
밀어내려고 (Oh) 하면 할수록 (Oh)
내 맘대로 할 수 없는 건 왜?

I'm like TT (
Oh
; Woah, woah), just like TT (
Woah
; Woah, woah)
이런 내 맘 모르고, 너무해
 (
너무해, baby
)
I'm like TT (Uh), just like TT (Uh; 
No, woah
)
Tell me that you'd be my baby",Very Negative,0.6453
JYP Entertainment,TWICE,Heart Shaker,Unknown,205868,"Yeah, yeah, yeah, yeah, yeah
Come and be my love, come and be my love, baby
Yeah, yeah, yeah, yeah, yeah
Come and be my love, come and be my love, baby

멍하니 서서 막 고민고민 해
나 이거 진짜 잘하는 짓인지
Yeah, yeah, yeah, yeah (뭐 어때?)
No, no, no, no (미쳤어)
난 쯔위라고 해, 무작정 인사할까?
내 전화번호야, 쪽지를 주고 도망칠까?
Yeah, yeah, yeah, yeah (어떡해?)
No, no, no, no

지금이야 (Girl, you can do it)
눈이 마주치고 있잖아 (Love is timing)
놓치면 후회할지 몰라 (Love is coming, coming, 좀만 더 용길 내)
더는 망설이지마

이상하게 생각해도
어쩔 수 없어 반했으니까
You're my heart shaker, shaker (놓치기 싫어)
You're my heart shaker, shaker (어떡해?)
바보처럼 안 기다려
내가 말할래 반해버렸다고
네가 맘에 든다고 하루 종일 보고 싶다고
Would you be my love? (반해버렸으니까)

표정관리 해, 어색하지 않게
말투는 cool, cool, 긴장할 필요없어
Yeah, yeah, yeah, yeah (정신 바짝 차리고 집중해)
No, no, no, no (어떡해 똑바로 못 보겠어)

지금이야 (Girl, you can do it)
눈이 마주치고 있잖아 (Love is timing)
놓치면 후회할지 몰라 (Love is coming, coming, 좀만 더 용길 내)
더는 망설이지마

이상하게 생각해도
어쩔 수 없어 반했으니까
You're my heart shaker, shaker (놓치기 싫어)
You're my heart shaker, shaker (어떡해?)
바보처럼 안 기다려
내가 말할래 반해버렸다고
네가 맘에 든다고 하루 종일 보고 싶다고
Would you be my love? (반해버렸으니까)

너도 날 원하게 될 거야
날 사랑하게 될 걸
간절히 바라 너도 나와 같기를
Oh, yeah

망설이지마, 먼저 다가가
사랑을 말해, 주저 하지마
Come, baby, be my, be my, be my love (Hey, hey)
Come baby, bae, bae-bae, bae

이상하게 생각해도 (Woah, woah, yeah)
어쩔 수 없어 반했으니까 (Baby, baby)
You're my heart shaker, shaker (놓치기 싫어)
You're my heart shaker, shaker (어떡해?)
바보처럼 안 기다려 (Ooh, yeah)
내가 말할래 반해버렸다고 (Baby, yeah, no)
네가 맘에 든다고 하루 종일 보고 싶다고
사랑한다고 (반해버렸다고)

Yeah, yeah, yeah, yeah, yeah (Yeah, yeah, yeah)
You're mine (Be mine), you're mine (Be mine; Yeah, yeah, yeah)
Yeah, yeah, yeah, yeah, yeah
좋아한다고 말할래, 반했으니까",Very Negative,0.5838
JYP Entertainment,TWICE,MORE & MORE (English Version),Unknown,185418,"I know I want it
I don't wanna hide, pretending I don't want it
'Cause I deserve it (Deserve it)
I'm not worried
What you'll think of me when you see what's inside me
'Cause I know you (I know you)

Don't look away, look in my eyes (Hey)
Show me your heart, do not disguise (Hey)
You can run, but you cannot hide, no, no
Even if you tell me goodbye (Hey)
Whenever you open your eyes (Hey)
You'll think of me, you're hypnotized (Yeah, yeah)

You're gonna say more, more, more, more, more and more
Can't help but say more, more, more, and more
'Cause you can’t get enough
I wanna have more, more, more, more, more and more
(And you will say more, more, more, and more)
('Cause it's never enough) More

You'll be begging for more
(More and more)
'Cause you can't get enough, -nough
You'll be craving for more
(More and more)
'Cause it's never enough

Do you feel me?
Or do you still not understand how much you love me?
Boy, you need me, you want me
Stop pretending
I can see it in your eyes, you're already mine
'Cause I know you, I know you

Even if you cover your ears (Ah)
Push me away for years and years (Ah)
In your heart, I won't disappear (Be right there), no, no
If I ever call out your name (Ah)
Your heart will feel just like the same (Ah)
You are gonna be mine again
And once again!

You're gonna say more, more, more, more, more and more
Can't help but say more, more, more, and more
'Cause you can’t get enough
I wanna have more, more, more, more, more and more
(And you will say more, more, more, and more)
('Cause it's never enough) More

You'll be begging for more
(More and more)
'Cause you can't get enough, -nough
You'll be craving for more
(More and more)
'Cause it's never enough

(More)
(More)

I'm a greedy girl, sorry if you didn't know
Take my apology because I want you more and more
Gonna steal your heart, own it and won't let it go
By then you'll understand you can't say no, no
I'll be sneaking in your heart like a stray cat
Conquer it and put my mark on it like a tat
My love, so sweet the plan will never fall flat
And once again! (More)

You'll be begging for more (You're gonna say)
(More and more)
'Cause you can't get enough, -nough ('Cause it's never enough)
You'll be craving for more (More and more)
(More and more)
'Cause it’s never enough (More)",Very Positive,0.6307
JYP Entertainment,TWICE,I CAN’T STOP ME,Unknown,149401,"Ooh-ooh, ooh-ooh-ooh-ooh
(Li-Li-Lindgren)

알람이 울려대, ring, ring-a-ling
서로의 눈길이 닿을 때마다
알면서 빙빙 도는데
점점 다가가잖아, I know it's too late

마음속으로는 다 알고 있잖아
결국에는 선을 넘게 될 거라는 걸
I'm warning to myself, 너 그러면 안 돼
매분, 매초, 내 맘이 내 맘을 추월해 out of control

(Ha) 나를 감시하는 저 spot, spot, spotlight
비출수록 어둠 속으로 빨려들어
끝이 보이는데, I know it's not right
I can't stop me, can't stop me (No, woah, woah)
(Ha) 내 앞에 놓여진 이 red, red, red line
건너편의 너와 난 이미 눈을 맞춰
느끼고 싶어 짜릿한 highlight
I can't stop me, can't stop me (No, woah, woah)

Ooh-ooh, ooh-ooh-ooh-ooh
Ooh-ooh, ooh-ooh-ooh-ooh
Ooh-ooh, ooh-ooh-ooh-ooh
I can't stop me, can't stop me

눈감아 달라구 (Yah, yah)
딱 한 번만 no rules (Ah)
모른 척 해줘, lights off (Tonight)
나 참을 수 없을 거 같아, losing myself (Yeah, yeah)

이제는 turning back
불가능해 난 점점 더 깊은 어둠에 (깊은 어둠에)
너무나 짜릿해, 나 눈을 감을래 (Ayy)
다시는 돌아갈 수 없을 것만 같애 out of control (Ooh, yeah)

(Ha) 나를 감시하는 저 spot, spot, spotlight
비출수록 어둠 속으로 빨려들어 (Ooh, ooh, ooh)
끝이 보이는데, I know it's not right
I can't stop me, can't stop me (No, woah, woah)
(Ha) 내 앞에 놓여진 이 red, red, red line (Red line)
건너편의 너와 난 이미 눈을 맞춰
느끼고 싶어 짜릿한 highlight (I can't stop me, yeah)
I can't stop me, can't stop me (No, woah, woah)

Risky, risky, wiggy, 위기, this is an emergency
Help me, help me, somebody stop me 'cause I know I can't stop me
답은 알고 있잖아, 근데 가고 있잖아
이러고 싶지 않아 내 안에 내가 또 있나봐

나는 원하는데 (Ah-ah)
원하는 게 안돼 (Ooh)
Guilty, 난 싫은데
I can't stop me, can't stop me, can't stop me (Ah)

(Ha) 나를 감시하는 저 spot, spot, spotlight (Ah)
비출수록 어둠 속으로 빨려들어 (Ah, ah)
끝이 보이는데, I know it's not right (Oh, oh, oh)
I can't stop me, can't stop me (No, woah, woah)
(Ha) 내 앞에 놓여진 이 red, red, red line (Woah-ooh)
건너편의 너와 난 이미 눈을 맞춰 (No, no)
느끼고 싶어 짜릿한 highlight (Woo, ooh, ooh, ooh, ooh)
I can't stop me, can't stop me (No, woah, woah; Yeah, yeah, yeah)

Ooh-ooh, ooh-ooh-ooh-ooh (Ah-ah)
Ooh-ooh, ooh-ooh-ooh-ooh (Ooh)
Ooh-ooh, ooh-ooh-ooh-ooh
I can't stop me, can't stop me (No, woah, woah)

Ooh-ooh, ooh-ooh-ooh-ooh
Ooh-ooh, ooh-ooh-ooh-ooh
Ooh-ooh, ooh-ooh-ooh-ooh",Very Negative,0.7081
JYP Entertainment,TWICE,Alcohol-Free,Unknown,137957,"JYP

너와 있을 땐 내게
신기한 변화가 있는데
자꾸 미소 짓게 돼
아무 일도 없는데

자꾸 마법에 걸려
밤을 새워도 안 졸려
다른 생각 지워져
심장 소리는 커져
사랑이 참 쉬워져
그래서 빠지고 빠져
점점 너에게
That's what you do to me

나는 alcohol-free 근데 취해 (취해, 취해)
마신 게 하나도 없는데 (없는데)
너와 있을 때마다 이래 (이래, 이래)
날 보는 네 눈빛 때문에

너는 눈으로 마시는 내 champagne, 내 wine
내 tequila, margarita
Mojito with lime
Sweet mimosa, piña colada
I'm drunk in you
 (I'm drunk in you)
I'm drunk in you
 (I'm drunk in you)

너는 정말 특별해
전혀 독하지 않은데 (Yeah)
낮에 별이 뜨게 해
한 모금 마셨는데

자꾸 마법에 걸려 (걸려)
밤을 새워도 안 졸려 (졸려)
다른 생각 지워져
심장 소리는 커져
사랑이 참 쉬워져
그래서 빠지고 빠져
점점 너에게
That's what you do to me

나는 alcohol-free 근데 취해 (취해, 취해)
마신 게 하나도 없는데 (없는데)
너와 있을 때마다 이래 (이래, 이래)
날 보는 네 눈빛 때문에

Yo, alcohol 도수는 완전 0.0%
근데 마실 때마다 자꾸 길을 잃어
자고 일어나도 깨지가 않아
근데 이 기분 싫지가 않아
Easy to the mouth and tummy
Like a drink made of honey
이 술 이름은 도대체 뭐니
Makes the whole world bright and sunny

나는 alcohol-free 근데 취해 (취해, 취해)
마신 게 하나도 없는데 (없는데)
너와 있을 때마다 이래 (이래, 이래)
날 보는 네 눈빛 때문에

너는 눈으로 마시는 내 champagne, 내 wine
내 tequila, margarita
Mojito with lime
Sweet mimosa, piña colada
I'm drunk in you (I'm drunk in you)
I'm drunk in you (I'm drunk in you)",Very Positive,0.518
JYP Entertainment,TWICE,SET ME FREE (ENG),Unknown,134008,"Li-Li-Lindgren

I want it all and I ain't ever gonna settle
Even if all of this is just a fantasy
'Cause I been hiding how I feel for you forever
Now that it's off my chest, there's room for you and me

No, no, no, no, no
I won't ever let go
Don't wanna keep it secret
I'd rather keep you sleepless, you know

You make me wanna risk it all
I'm rolling high on a feeling
Gonna set me, set me, set me free (Oh-oh-oh-oh)
All these words like a waterfall
When I say it, I mean it
Gonna set me, set me, set me free

'Cause you bring out the best of me (Best of me)
All the things I'm ready to be (Everything)
Yeah, gonna set me, set me, set me free (Oh-oh-oh-oh)
I want all eyes on me (Uh)
And when we touch, everyone can see
Yeah, gonna set me, set me, set me free

Go and say that I'm a fool, bein' impulsive (Yeah, yeah)
But, baby, what's out of sight is never out of mind
Maybe I'm jumping into this with eyes wide open
'Cause you got me dreaming even in the morning light

No, no, no, no, no
I won't ever let go
Don't wanna keep it secret
I'd rather keep you sleepless, you know

You make me wanna risk it all
I'm rolling high on a feeling
Gonna set me, set me, set me free (Oh-oh-oh-oh)
All these words like a waterfall
When I say it, I mean it
Gonna set me, set me, set me free

'Cause you bring out the best of me (Best of me)
All the things I'm ready to be (Everything)
Yeah, gonna set me, set me, set me free (Oh-oh-oh-oh)
I want all eyes on me (Uh)
And when we touch, everyone can see
Yeah, gonna set me, set me, set me free

Uh, yeah
I'm here to tell you straight
No matter what they say
You got a hold on me
But I never been more free
You might make a couple mistakes
But I know that we'll always make up and you'll make me feel special
Everything that I need, I'm completed
Don't gotta ask questions 'cause this is official, uh

You make me wanna risk it all
I'm rolling high on a feeling
Gonna set me, set me, set me free (Oh-oh-oh-oh, woo)
All these words like a waterfall (Ooh)
When I say it, I mean it
Gonna set me, set me, set me free (Set me free)

'Cause you bring out the best of me (Best of me; Ooh, yeah)
All the things I'm ready to be (Everything)
Yeah, gonna set me, set me, set me free (Oh-oh-oh-oh, *gonna set me free*)
I want all eyes on me (Uh)
And when we touch, everyone can see (Yeah)
Yeah, gonna set me, set me, set me free",Very Positive,0.8341
JYP Entertainment,TWICE,I GOT YOU,Unknown,129516,"A little reckless around the edges
Call it young, dumb love and it's just enough
Keep me guessing (Keep me guessing)
How the story unfolds with you (You)
When I’m walking into the darkness
I know you'll be right there, lighting up the flares
When it's starless
I will follow you to the moon (Moon, ayy)

No, we’ll never fall apart (Never fall apart)
Even million miles apart (Million miles apart)
We were lightning from the start (Lightning from the start)
And it keeps me going to know that

Ooh
No matter what, you got me
I got you
And I wouldn't want it any other way
Ooh
No drop of doubt, I know deep down that
We'll make it through
Just like we always do

Ayy
Every second, every minute
Want you close to me like you're supposed to be
Ain't no limit (Ain't no limit), to what I would do for you
Oh, oh
And you know, you turn my whole world upside down
Catch me before I ever hit the ground
And I'd do the same for you
Oh, woah

No, we'll never fall apart (No, we’ll never fall a–)
Even million miles apart (Even million miles a–)
We were lightning from the start (We were lightning from the)
And it keeps me going to know that

Ooh
No matter what, you got me
I got you
And I wouldn’t want it any other way
Ooh
No drop of doubt, I know deep down that
We'll make it through
Just like we always do

Do-do-do, do-do, do-do, do, do
Do-do-do, do-do, do-do, do, do
Do-do-do, do-do, do-do, do, do
Oh-oh

Ooh
No matter what, you got me
I got you
And I wouldn’t want it any other way
Ooh
No drop of doubt, I know deep down that
We'll make it through
Just like we always do

Do-do-do, do-do, do-do, do, do (That we do)
Do-do-do, do-do, do-do, do, do (We do)
Do-do-do, do-do, do-do, do, do
Just like we always do",Very Positive,0.7352
SM Entertainment,NCT 127,Regular (English Ver.),Unknown,1326362,"Yeah, yeah (Yeah, yeah)

I like shinin', you be lyin'
I be grindin', you waste time
Know you wanna roll with me
'Cause you know I put it down
When I show up, I'm the one and only
No, no, no (No, no)
Yeah, pull up in the Jag
Haters gon' be mad

I be walkin' with the cheese
That's that queso (Queso, queso)
Diamonds drippin'
Better bring your raincoat (Oh; Splash)
I got them racks on me (*On me*)
I brought the whole lit team with me (Bang, bang)
I might pull up in a spaceship (Spaceship)
Hop out, it don't look like I live here (Pause)

And now we in a zone (Oh-oh-oh)
Stand too close, might catch a cold
Crib came with a gate and a code (Yeah, yeah)
Yeah, yeah, drippin' water faucet (Splash, woo, woo)

VVS my diamonds, I don't need no light to shine
Iced out both my wrists
Now I can barely see the time
I just made a million and I'm still not satisfied
'Cause I need that bag on the regular
I spend a bag on the regular

We make the world go (Brrah; Do-do, do-do-do, do-do-do)
My bank account go (Do-do, do-do-do, do-do-do)
We make the world go (Skrrt; Do-do, do-do-do, do-do-do)
Brrah
Dinero, peso, yen
Lo quiero, I want in (Yeah, yeah; Woo, woo)

I am too rich to compete
So don't compare to me (Yeah, yeah, yeah)
We are not the same
Only one of me (Hey, hey)
Hop out the coupe (Woo)
The sky is the roof (Roof)
My whole team ball (Ball)
We never lose (Yah)
Hundreds all blue (*Hundreds*)
We do what we do (Ball)

Hoppin' out casket-fresh
Looking like a fashion show, ayy (Oh)
Diamonds on my neck (*Neck*)
Looking like a water show, ayy (Let's go)
She gon' bust it, bust it, bust it
For a real one (A real one; Bust it, yeah, what?)
We gon' bring out the car
One way, no stop, to the stars
(Ah, yeah, yeah, yeah)
Crew fly, Dubai
No, it ain't two sides, too high
One way to Mars (Yeah)
You better watch yourself
I did it all by myself (Go)

And now we in a zone (Ice, ice)
Stand too close, might catch a cold (Stand too close)
Crib came with a gate and a code (Yeah, yeah, yeah)
Yeah, yeah, drippin', water faucet (Splash)

VVS my diamonds, I don't need no light to shine (Oh-oh-oh-oh)
Iced out both my wrists
Now I can barely see the time (Oh-oh-oh-oh)
I just made a million and I'm still not satisfied
'Cause that need the bag on the regular (Regular)
I spend a bag on the regular (Brrah)

We make the world go (*Do-do, do-do-do, do-do-do*)
My bank account go (*Do-do, do-do-do, do-do-do*)
We make the world go (Skrrt; *Do-do, do-do-do, do-do-do*)
(Brrah) Yeah, yeah
Dinero, peso, yen (Hol' up)
Lo quiero, I want it (Woo, woo)

Multi-colored diamonds like the rainbow, yeah, yeah-yeah
PLR your eyes, 번쩍 눈이 부셔
Your brain go
Yeah, 자체발광, we flash
주체 안돼, let's dance
 (
Let's dance
)
Yeah, this is real, this is a regular move
머리, 어깨, 무릎, 발, 무릎, 발
Let's get bounce

Oh-oh-oh-oh (Oh-oh-oh-oh, ooh, yeah)
Oh-oh-oh-oh (*Oh-oh-oh-oh-oh*)
Run it up, run it up, run it up (*Run it up*)
No competition in front of us (*Rah*)
We got the wave, we gettin' paid (Oh-oh-oh-oh)

VVS my diamonds, I don't need no light to shine (Oh-oh-oh-oh)
Iced out both my wrists
Now I can barely see the time (Oh-oh-oh-oh)
I just made millions of it, but I'm still not satisfied (Oh-oh-oh-oh)
'Cause I need that bag on the regular
I spend a bag on the regular

We make the world go (Brrah; Do-do, do-do-do, do-do-do)
(Oh, oh-oh, oh, oh-oh, oh) My bank account go (Do-do, do-do-do, do-do-do)
We make the world go (Skrrt; Do-do, do-do-do, do-do-do)
(Brrah)
Dinero, peso, yen
Lo quiero, I want it (Woo, woo)

Regular",Very Negative,0.4119
SM Entertainment,NCT 127,Highway to Heaven (English Version),Unknown,570574,"My body's callin', callin'
Can you pick up? (Can you pick up?)
One on one
Your body's talkin', talkin'
Say what you want (Say what you want)

Girl, who are you waiting for?
You know that you wanna go
Yeah

We'll take the highway to heaven
And I can't wait to love you all alone
(Oh yeah, yeah, yeah, oh yeah, yeah)
We'll take the highway to heaven
On the 101, let's see just where it goes
(Oh yeah yeah yeah yeah, oh yeah yeah)

Pull up!
Baby, you a bad girl, watch your mouth
When I'm with you it's a vibe, baby I can't lie
Hit my line, anytime (Line, time)
Girl, I wanna make you mine, spend some time
Look! Skrrt pull up in the coupe, beep-beep
Girl, I got your lovin' on repeat (Brra)
And I bet you never had it like this
Real good loving, light up your wrist

Last call, are you coming with me?
I got some things you want to see
Tell all your friends that you're busy, they know
They know we got the chemistryLove how your body feels on me
When you get back, let me get that

We'll take the highway to heaven
And I can't wait to love you all alone
(Oh yeah, yeah, yeah, oh yeah, yeah)
We'll take the highway to heaven
On the 101, let's see just where it goes
(Oh yeah yeah yeah yeah, oh yeah yeah)

We'll take the highway to heaven
Highway to heaven
(Oh yeah, yeah, yeah)
We'll take the highway to heaven
Highway to heaven
(Oh yeah, yeah, yeah)

Baby you should know, I won't let you go
I'll show you the world if you say so
Oh, she's so bad (So bad)
I'll make it last
And baby, I can't leave you alone
[Chorus: All, Jaehyun, Doyoung, 
Haechan]
We’ll take the highway to heaven
And I can’t wait to love you all alone (
I can’t wait to love ya
)
(Oh yeah yeah yeah yeah oh yeah yeah)
We’ll take the highway to heaven (
Highway
)
On the 101 let’s see just where it goes (
Let’s see where it goes)
(Oh yeah yeah yeah yeah oh yeah yeah)
[Refrain: All, 
Taeil
, 
Doyoung
]
We'll take the highway to heaven (
Highway, yeah, highway
)
Highway to heaven
(Oh yeah, yeah, yeah)
We'll take the highway to heaven (
Take the highway
)
Highway to heaven
(Oh yeah, yeah, yeah)
We'll take the highway to heaven (
Highway, yeah, yeah
)
We'll take the highway to heaven",Very Positive,0.786
SM Entertainment,NCT 127,Cherry Bomb,Unknown,166754,"빨리빨리 피해, right
Cherry bomb, feel it, yum
빨리빨리 피해, right
Cherry bomb, feel it, yum
빨리빨리 피해, right
Cherry bomb, feel it, yum
빨리빨리 피해, right
Cherry bomb (Feel it, yum)

I'm the biggest hit, I'm the biggest hit on this stage
I'm the biggest hit, I'm the biggest hit on this stage
I'm the biggest hit, I'm the biggest hit on this stage
(I'm the biggest hit, I'm the biggest hit on this stage)

시간이 됐지 반드시, I'ma do ma thang
대기실 앞은 바글거려 다들 눈 못 떼
모두 따라와, yo, hands up in the air
We back, get away, 이제 막 터질거야 everywhere
나를 삼켜봐 그리곤 느낀 stomach
꽤 오래 절여진 cherry bomb, 언제, 언제 터질지 몰라Popping your head like Kingsman chip
No fireman, 이건 fireworks, cherries in the sky high

I'm the biggest hit, I'm the biggest hit on this stage
I'm the biggest hit, I'm the biggest hit on this stage
If you are happy and you know it, clap your hands, yo (In this beat)
If you are happy and you know it, clap your hands (In this beat)

빨리빨리 피해, right
Cherry bomb, feel it, yum
빨리빨리 피해, right
Cherry bomb, feel it, yum
빨리빨리 피해, right
Cherry bomb, feel it, yum
빨리빨리 피해, right
(Cherry bomb)

I'm the biggest hit, I'm the biggest hit

모두 다 쉿
터지기 직전의 thrill (It tastes like a cherry bomb)
쉽게 보다가는 큰일 나
이미 넌 빠져들어 가
팽창하는 지금 폭발 직전인
기분 죽이네 do-do that, 노랠 불러야지, na-na-na
꽂힌 안전핀들 다 뽑아냈지 (Na-na-na-na-na-na)
다 깜짝 놀라겠지 모두가 we gonna make it, ah-ha

I'm the biggest hit, I'm the biggest hit on this stage
I'm the biggest hit, I'm the biggest hit on this stage
If you are happy and you know it, clap your hands, yo (In this beat; clap your hands like)
If you are happy and you know it, clap your hands  (In this beat; clap your hands like this)

빨리빨리 피해, right
Cherry bomb, feel it, yum
빨리빨리 피해, right
Cherry bomb, feel it, yum (Clap your hands like this)
빨리빨리 피해, right
Cherry bomb, feel it, yum
빨리빨리 피해, right

끝이 어디인지
어디까지 갈 수 있는지 (Yeah, yeah)
이제 시작해 just the half of it
뒷걸음질 치는 모습 it's over
떠들기 바쁜 세상 속에
갇혀 헤매고 싶지는 않아
(단 한번의 불꽃으로 내 전불 태워)
I'm the biggest hit, I'm the biggest hit (Yeah)

Uh, hard rock, scalp, head shot, pop, no talk
어딜가나 숙이는 삶 주변 탐색하는 자들께 박수
Ayy (Ayy), 너네 덕에 분명히 정신을 차렸네
쫓기는 거 싫어서 이젠 앞에서 말해
허리는 너 앞에서 안 굽힐게 keep watching
맨날 보기를 바래 hater-hater talk-talk 뭘 먹어도
너네껀 소화 잘돼 take a fist or stone or a gunshot
독해져버린 nine 받아봐, cherry bomb (And now, the breakdown)


I'm the biggest hit, I'm the biggest hit on this stage
I'm the biggest hit, I'm the biggest hit on this stage
I'm the biggest hit, I'm the biggest hit on this stage (Yeah, yeah)
If you are happy and you know it, clap your hands, yo (In this beat)
If you are happy and you know it, clap your hands
If you are happy and you know it, clap your hands, yeah

빨리빨리 피해, right
Cherry bomb, feel it, yum
빨리빨리 피해, right
Cherry bomb, feel it, yum (Clap your hands like this)
빨리빨리 피해, right
Cherry bomb, feel it, yum
빨리빨리 피해, right
(Cherry bomb, feel it, yum)

Na-na-na-na-na-na (Ayy)
I'm the biggest hit, I'm the biggest hit on this stage (Ayy)
Na-na-na-na-na-na (Ayy)
I'm the biggest hit, I'm the biggest hit on this stage (Ayy)
(Oh) Na-na-na-na-na-na
어서 빨리 피해 right, cherry bomb
(Oh) Na-na-na-na-na-na
어서 빨리 피해 right, cherry bomb

I'm the biggest hit, I'm the biggest hit on this stage",Very Positive,0.5767
SM Entertainment,NCT 127,Cherry Bomb (English Version),Unknown,146701,"빨리빨리 피해 right
Cherry bomb, feel it, yum
빨리빨리 피해 right
Cherry bomb, feel it, yum
빨리빨리 피해 right
Cherry bomb, feel it, yum
빨리빨리 피해 right
Cherry bomb (Feel it, yum)

I'm the biggest hit, I'm the biggest hit on this stage
I'm the biggest hit, I'm the biggest hit on this stage
I'm the biggest hit, I'm the biggest hit on this stage
(I'm the biggest hit, I'm the biggest hit on this stage)

Roll on in tonight, do it right, do it how you want
Long night, daylight, stay here 'til the-'til the sun
I'm about to throw my hands up in the air
Get that everywhere, give it up, flip it back like we don't care
If you wanna roll inside with our clique
Then lay your pretty hand in my hand, give it, give it a kiss, uh, huh-huh
All we do is party, it ain't something to miss
That's why all the world be spinning 'round a-all of it, ah-ha

I'm the biggest hit, I'm the biggest hit on this stage
I'm the biggest hit, I'm the biggest hit on this stage
If you are happy and you know it, clap your hands, yo (In this beat)
If you are happy and you know it, clap your hands (In this beat)

빨리빨리 피해 right
Cherry bomb, feel it, yum
빨리빨리 피해 right
Cherry bomb, feel it, yum
빨리빨리 피해 right
Cherry bomb, feel it, yum
빨리빨리 피해 right
(Cherry bomb)

Nothin' but love
Come take a sip from this cup (*It tastes like a cherry bomb*)
Lose yourself and just let it go
Follow me who needs control
If you wanna roll inside with our clique
Then lay your pretty hand in my hand, give it, give it a kiss, uh, huh-huh
All we do is party, it ain't something to miss (Na-na-na-na-na-na)
That's why all the world be spinning 'round a-all of it

I'm the biggest hit, I'm the biggest hit on this stage
I'm the biggest hit, I'm the biggest hit on this stage
If you are happy and you know it, clap your hands, yo (In this beat; clap your hands like)
If you are happy and you know it, clap your hands  (In this beat; clap your hands like this)

빨리빨리 피해 right
Cherry bomb, feel it, yum
빨리빨리 피해 right
Cherry bomb, feel it, yum
 (Clap your hands like this)
빨리빨리 피해 right
Cherry bomb, feel it, yum
빨리빨리 피해 right

Where will it end?
I don't know, but I can tell you where it's 'bout to go (Yeah, yeah)
Just getting started, this ain't half of it
They done messed around, let us get in, it's over
Going up and the sky's the limit
We about to set it all on fire
(With this one single flame I'm changing this game)
I'm the biggest hit, I'm the biggest hit (Yeah)

Uh, hard rock, scalp, head shot, pop, no talk
All the guys singing this song wasting time fittin' into your box
Ayy, okay, okay, spilling it out like chardonnay
Right hand to God, we gonna get it, ain't no other way
Pulling it off, I pray so my people keep, keep watching me now
Who cares about a hater, hater talk, talk, I hear what you sayin'
But so what? Won't say it to my face so I'm off, like a gunshot
You'll love it, put me on, now we gone, cherry bomb (And now, the breakdown)


I'm the biggest hit, I'm the biggest hit on this stage
I'm the biggest hit, I'm the biggest hit on this stage
I'm the biggest hit, I'm the biggest hit on this stage (Yeah, yeah)
If you are happy and you know it, clap your hands yo (In this beat)
If you are happy and you know it, clap your hands
If you are happy and you know it, clap your hands, yeah

빨리빨리 피해 right
Cherry bomb, feel it, yum
빨리빨리 피해 right
Cherry bomb, feel it, yum
 (Clap your hands like this)
빨리빨리 피해 right
Cherry bomb, feel it, yum
빨리빨리 피해 right
(Cherry bomb, feel it, yum)

Na-na-na-na-na-na (Ayy)
I'm the biggest hit, I'm the biggest hit on this stage (Ayy)
Na-na-na-na-na-na (Ayy)
I'm the biggest hit, I'm the biggest hit on this stage (Ayy)
(Oh) Na-na-na-na-na-na
어서 빨리 피해 right, cherry bomb
(Oh) Na-na-na-na-na-na
어서 빨리 피해 right, cherry bomb

I'm the biggest hit, I'm the biggest hit on this stage",Very Positive,0.7716
SM Entertainment,NCT 127,영웅 (英雄; Kick It),Unknown,107257,"(Yah!) Let me introduce you to some
New thangs (Ayo)
New thangs (Ay what?)
New thangs (Hoo)
Bass kick swingin' like I'm Bruce Lee (Nah nah no)
Bruce Lee (Ayo)
Bruce Lee (You what?)
Shimmy shimmy shimmy 불이 붙네 (You know that)
불이 붙네 이 무대 위로 뜰 땐 (You know that, ha!)
난 앞으로 찔러 좌우 Bruce Lee (Ayo)
날아다녀 하루 종일 Bruce Lee (Ha! Say what?) yeah-yeah-eh

Comin' up 지금 여기로
Baby 이 느낌은 이해 못 해 머리론
Fighting for all day
아무 생각 말고 너의 이야기대로 걸어

어두운 어제가 오늘을 삼켜버리기 전에
내 목소린 더 퍼져야 해 소리치면 돼
내겐 no more trauma

Baby we go wild (Eh-eh)
127 squad (Eh-eh-eh)
난 앞으로 질러 pow
좌우로 내질러 pow

난 앞으로 찔러 좌우 new thangs (Ayo)
New thangs (Ay what?)
New thangs (Hoo)
우리가 어딜 가든 축제 (Nah nah no)
들어 축배 (Ay yah)
Like my birthday (You what?)
모두 감아 차올리지 높이 (You know that)
Where ma roof at, 지붕이 우주에 (You know that, ha!)
난 앞으로 찔러 좌우 Bruce Lee (Ayo)
날아다녀 하루 종일 Bruce Lee (Ha! Say what?)

Yah, got that drip 흘러넘쳐 guts (Guts)
잃어버린 겁 (Yah!) 어디서든 make it poppin'
Keep it movin' (Move) like Jeet Kune (Woo-like it)
내 앞을 막을 땐 Samuel Jackson 돼 wassup?
배배 꼬인 놈 baby you just gotta watch (Watch)
Enter The Dragon
 
난 영화같이
(Yah)
걸음걸이마저 martial arts이
Looking that errbody looking at me
Cams, action, movie, shhh
쓰러뜨려 하나씩 (쉿)
Blows away 자비는 없지 ruthless
Droppin' the bomb on my enemies
And I'm gonna kick it like Bruce Lee

수많은 날들의 같은 장면을 반복한 끝에
어제의 날 무너뜨리고 소리치면 돼
내겐 no more trauma

Baby, we go wild (Eh-eh)
127 squad (Eh-eh-eh)
We ain't not never gonna stop
끝이 안 보여도 가

난 앞으로 찔러 좌우 new thangs (Ayo)
New thangs (Ay what?)
New thangs (Hoo)
난 앞으로 찔러 좌우 Bruce Lee (Nah nah no)
날아다녀 하루 종일 Bruce Lee (Ayo, you what?)

My world 만들어가 yeah
상상조차 할 수 없었던
아주 극적인 장면 그 깊은 곳에
눈앞에 펼쳐질 새로운 세상들
손안에 잡힐 듯 내 안으로 들어와
어둠 끝에 다시 난 새로 태어나

(Ah! Na-na-na-na na-na-na-na)
(Ok-ok-okay)
(Na-na-na-na na-na-na-na)
(Ok-okay)

난 앞으로 찔러 좌우 new thangs (Ay what?)
New thangs (Hoo)
New thangs (Woo)
우리가 어딜 가든 축제 (Ayo)
들어 축배 (You what?)
Like my birthday (Ay)
Shimmy shimmy shimmy 불이 훅
Shimmy shimmy shimmy 훅
높이 where ma roof at, 지붕이 우주에
난 앞으로 찔러 좌우 Bruce Lee (Ayo, ha!)
날아다녀 하루 종일 Bruce Lee (Say what?)
날아다녀 하루 종일 Bruce Lee",Very Negative,0.6991
SM Entertainment,NCT 127,Fact Check (불가사의; 不可思議),Unknown,91379,"That's in the vibe
Hold up (Hold up, hold up, hold up)
Yeah

Iconic move, my motion
늘 뭔가 색다른 옷 전시해
Soul, emotion
Bad kid with a strong ego
깎아내려 봐도 (Glow)
싹 다 보란 듯이 GOAT (GOAT)
That's my check, full with the facts
접어 의심 그냥 보고 fact check (Fact check)

띄워 question, question, question marks in everywhere
How you do that? 아마 그건 DNA
Mona Lisa never cry, don't you see?
Tap, tap, you tappin' all day, 내 패는 stand, blackjack (Ah)

Check the facts, go check that
Check the facts, go check that
Check the stats, go check that
Check that, check that
Check the facts, go check that
Check the facts, go check that
Check the stats, go check that
Check that, check that (Let's go)

Ooh
난 불가사의
Check that, check that
Go ask the world and check that

Check that, check that
I'm fine, 그냥 제패
난 프레임을 깨 like Banksy
또 한 번 저질러 get back, get back (Oh)
걸어둬 날 루브르에
Next to the Lisa, touché
이 시간이 살아
숨 쉬게 영원히

띄워 question, question, question marks in everywhere
I don't answer, 와서 직접 보게 해
어떻게 봐도 늘 빛나는 gem
깎아내려 봐 더 정교해질 뿐야, babe (Ah)

Check the facts, go check that
Check the facts, go check that
Check the stats, go check that
Check that, check that
Check the facts, go check that
Check the facts, go check that
Check the stats, go check that
Check that, check that (Let's go)

Ooh
난 불가사의
Check that, check that
Go ask the world and check that
Ooh
난 불가사의
Check that, check that
Go ask the world and check that

한계 따위 없어 난
날 끝없이 새겨 새롭게 피워내
Something different 모든 틀은 깨져
모든 시간 속에 우릴 숨 쉬게 할 테니까 (속에 우릴 숨 쉬게 할 테니까)

그리 놀랍지도 않게
내가 태우던 밤 내가 발화점
Paint like Gogh 나를 담아낼 수 있게
더 뭐든 갈았지 no fake show
Ready or not? (Ready or not?)
Do or we die? We 'bout to fly (Woah)
나를 믿어봐 더 take it slow
Come and check it 작품은 나

Check the facts, go check that
Check the facts, go check that
Check the stats, go check that
Check that, check that
Check the facts, go check that
Check the facts, go check that
Check the stats, go check that
Check that, check that (Let's go)

Ooh (
Ooh
)
난 불가사의
Check that, check that (Check that, aight)
Go ask the world and check that (Check that, ooh yeah)
Ooh (
You know that facts
)
난 불가사의 (
We back
)
Check that, check that (Alright)
Go ask the world and check that",Very Positive,0.4733
SM Entertainment,NCT 127,Baby Don’t Like It (나쁜 짓),Unknown,88675,"Baby, is it me, or are you doing something to me?
웃을 때는 shining but 네 속은 왠지 lying
위험하게 넌 beautiful 서서히 온 넌 my dilemma
습관처럼 이미 나는 없는 네 손 찾아
무서운 건 바로 너의 말투야
소름 끼치는 건 네가 웃을 때야
주제와 주체가 전부 너야 uh no
근데 문제는 그렇게 나는 싫지 않아 oh no
I like it when we get closer, when it gets risky
니가 손을 꽉 잡아야 시작된 느낌
When I'm with you danger seems like a good thing
오답인지 정답인지 you decide for me, girl

My baby don't like it when you come around
당연히 너같이 위험한 여자를
겁내는 게 당연할지도 몰라
나 어쩌면 너에게 더
빠져들어갈지도 몰라

참을성이 없네 정말 날이 샐 때까지
너를 괴롭혀줄 테니까
가까이 와 내게 보여줘 봐 너의 fantasy를
내가 아주 친히 예뻐해 줄 테니까 right
넌 나를 두려워해야 해 내가 그걸 원해
넌 나를 치고 때리고 넌 날 망쳐주길 바래
그림이란 역할을 줄게 난 freaking honest
몸 몸이 막 반응을 해 난 만족을 못해
나는 네 heartbeat 가지고 놀려 해 알아주길 바래 heartbeat
들리지 않을 정도로 희미해 봐
Cosplay Snow White 마음에 들어 내가 hobbit할게
더 까칠하게 굴어봐 느낌이 와 babe
I love it, love it, love it, love it, love it too
내가 던질 테니까 받아줘 beach volleyball
하는거야 going so high 배는 채워도
밤 새 놀아보는 거야 피곤은 접어둬
I love it, love it, love it, love it too
나를 보여줬으니 너도 보여줘
나를 안아줬으면 해
너 때문에 걸린 애정 결핍증은 어떡해

도대체 나도 내가 왜 이러는지
나 또 왜 나쁜 짓 하고 싶은지

My baby don't like it when you come around
당연히 너같이 위험한 여자를
겁내는 게 당연할지도 몰라
나 어쩌면 너에게 더
빠져들어갈지도 몰라",Very Negative,0.4919
SM Entertainment,NCT 127,Chain,Unknown,75982,"微かに羽ばたきするbutterfly
Let go, let grow, let spread out
Like a water-drop ripple out in waves
今ここから始まる連鎖 (Brr-ah)

Chain (Brr-ah)
Reaction
(Hey, oh-woah-yeah-yeah-yeah)
拡がる連鎖
Chain
Reaction (Brr-ah, yeah)
繋がる連鎖 (Yeah)

この世界中 轟かす
全てが so effectiveな
Rhythm, beat, melody
We make you so crazy, now
What's up? Flash!
反応するaffective 変化はelectric
Yeah, it's so electric, yeah (Oh-oh-oh)

まだほんの生まれたてのfactor (It's a factor)
共鳴しだす心がmedium (*By the medium*)
Make a wish, 現実に変えていく (*We want to*)
(Get me started, 今始まる連鎖)

Chain (Brr-ah)
Reaction
拡がる連鎖
Chain
Reaction
今ここから世界が繋がる

Ding-ding, 心が hit, hit 繋がる
Drill, drill 邪魔するwall, let's break it down (Chain)
Make a wish, 現実に変えていく
Get me started, 今始まる連鎖

We make it, 未来を make it
小さな蝶が 起こす奇跡
羽ばたきを嵐へ we can change
Stop waiting, get ready
We can make the story
Baby, now you gonna be crazy
今を don't waste it and choose it, yeah
Yeah, 信じて just do it
(隔離された世界に 風穴空けるその意思)
何度も打ち込めよ決意 殻を破れ

ビリビリ痺れる beat が
轟く世界を揺るがす どこまでも
小さな一歩も step by step
Yeah, bass to the beat, going ""Brr-ah, brr-ah, brr-ah""
Hey, are you ready to go?
Yeah, there is no fear
Yeah, there is no fear (Yeah)

まだほんの生まれたてのfactor (It's a factor)
共鳴しだす心がmedium (*By the medium*)
Make a wish, 現実に変えていく (*We want to*)
(Get me started, 今始まる連鎖)

Ding-ding, 心が hit, hit 繋がる
Drill, drill 邪魔するwall, let's break it down (Chain)
Make a wish, 現実に変えていく
Get me started, 今始まる連鎖

散らばる点を 結んだ線が (Oh, yeah)
円になり (Touch me right) 縁となる, oh yeah
僕らは new age (Through the dark)
(We will become the one, ひとつになれる)

世界が 生まれ変わろうとしてる
Do you feel it?
Woah-oh-oh-oh (Make the chain)
We are the one

Chain (Chain)
Reaction
拡がる連鎖
Chain (Yeah)
Reaction
繋がる連鎖 (Chain)

Ding-ding, 心が hit, hit 繋がる
Drill, drill 邪魔するwall, let's break it down (Chain)
Make a wish, 現実に変えていく
Get me started, 今始まる連鎖

(Ah-ah-ah-ah-ah)
I wanna see ya, you do
So fine, yeah (Yeah, yeah)
Sync dreams, the one makes you start (Oh-ooh, yeah)
I wanna see
(Get me started) *今始まる連鎖*",Very Positive,0.8504
SM Entertainment,NCT 127,Sticker,Unknown,65699,"(Incoming)
Sticker tagging, tagging, tagging, tagging (Brrah)

I got what you need, 원하는 걸 골라 붙여
I can show you need, hip 하지 나란 sticker
Bang, bang, 한껏 힘을 준 애들 좀 봐 봐 (Hey, girl)
NCT, we will show you the vibe, hi
우리들의 로고를 총 모양으로, woo, woo

Baby (Yeah, yeah, yeah)
겁을 내지 말아 줘 (Yeah, yeah, yeah)
Think about 네 별이, oh (Yeah, yeah, yeah)
잠식되지 않아 정말
난 더 환하게 널 만들어 (Yeah, yeah, yeah)
두 세계 융화라는 거 (Yeah, yeah, yeah)
지구 말로는 그거 L-O-V-E, oh (Yeah, yeah, yeah)
네 맘이 시키는 대로 말해 뜻대로 움직여도 된다는 말이야

우리끼린 달달하게 팍 팍 sugar (Hey)
눈치 따윈 보지 말고 (
네가 boss란 말이야
)
걱정하지 말고 그냥 팍, 팍 믿어 (Ooh)
너만 그래도 돼 (원해 그럼 너의 것이야)

Hoo, 내 옆에 너 꼭 붙어 있어봐
Like a sticker, sticker, sticker (Ho!)
내 작품의 주인공은 너니까
Like a sticker, sticker, sticker (Yeah, yeah)
골 아픈 세상은 신경 꺼 (꺼)
너와 나의 역사만 써 내려가 (Hoo, hoo)
사랑한단 말 말곤 아껴 둬 (*Oh*)
내 말 맞다면 throw your hands up

Okay, 섣불리 말고 세게 붙여
Know that I ain't falling off (Falling off)
애착심이 솟구치네 (Let's go)
Who put this all together? I'm the sticker for your love
그니까 보인다면, uh
들린다면 바로 대답해 like

Baby (Baby) (Yеah, yeah, yeah)
이끌리는 느낌 쎄 (Yeah, yеah, yeah)
Talk about 너의 중력, oh (Yeah, yeah, yeah)
너무 세게 당겨 난리
아주 까리한 내 태도가 (Yeah, yeah, yeah)
정신도 못 차리는 걸 (Yeah, yeah, yeah)
거부할 수 없다고 baby girl, oh (Yeah, yeah, yeah)
*You treat me like a boy, 꿈을 좇는 어른 아이처럼 말이야*

Fallin' into my love, my sugar (Hey)
들어봐 봐 이건 절대 (입에 발린 말이 아니야)
커져왔던 내 모든 감정들은 (Ooh)
널 맞이하기 위한 것 (*네가 boss란 그 말이야*)

Hoo, 내 옆에 너 꼭 붙어 있어봐
Like a sticker, sticker, sticker (Oh-ah-ah-ah-ah; Ho!)
내 작품의 주인공은 너니까
Like a sticker, sticker, sticker (*Yeah-yeah*)
**골 아픈 세상은 신경 꺼** (*Oh*; 꺼)
**너와 나의 역사만 써 내려가** (Hoo, hoo)
사랑한단 말 말곤 아껴 둬 (*Yeah*)
내 말 맞다면 throw your hands up

모든 고민들은 bye, bye, bye (Yeah, yeah, yeah)
흘러가는 대로 bye, bye, bye (Yeah, yeah, yeah)
말해 뭐해 이미 우린 (Yeah, yeah, yeah)
정해져 있는 걸
낮과 밤의 존재처럼
자연스러운 걸

You will gotta be only one I love (Yeah, yeah, yeah)
This mellow-drama
너 없인 관객이 하나도 없는 (Yeah, yeah, yeah)
그런 monodrama
우리 같이 둘만의 파티를 열어 (Yeah, yeah, yeah)
오직 너만 V.I.P
걱정 마 준비가 됐어 곧바로 천국을 봐봐
*Let's go, let's go*

Roll up to the party, roll up, roll up
Roll up to the party, roll up, roll up
Roll up to the party
Roll up, roll up to the party (Roll up to the party)
Roll up to the party
Roll up, roll up to the
Yeah, yeah, yeah

Hoo, 내 옆에 너 꼭 붙어 있어봐 (Yeah, oh-oh, yeah)
Like a sticker, sticker, sticker (Oh, yeah)
내 작품의 주인공은 너니까
Like a sticker, sticker, sticker (Ay, yeah)
골 아픈 세상은 신경 꺼 (*꺼*)
너와 나의 역사만 써 내려가 (Hoo, hoo)
사랑한단 말 말곤 아껴 둬 (*사랑한단 말 말곤 아껴 둬, woah, yeah*)
내 말 맞다면 throw your hands up

Like a sticker, sticker, sticker",Very Negative,0.4312
SM Entertainment,NCT 127,Simon Says,Unknown,59674,"Ooh (Ayy)
Yeah, Simon says

Hurry up, 거리에 (Haha) 널린 flat hoop들
멈춘 순간 널 향해 조준 다 쏜다
Hands up, 뒤돌아, hands up, 흔들어
숨이 가득 차도 여기 법 계속 달려
왜 또 눈치만 보고 서있나?
우두커니? (우두커니)
왜 또 겁먹은 표정을 짓나?
이걸 원해? (주문을 외워, I'm God)

주문을 외워, I'm God (Yeah)
너희를 홀려 like, ""Wow"" (Flippin')
NCT, we all so sexy (I know)
NCT noise, you can't break me (Yeah)
누가 날 욕해? Who? (Who?)
Bless me, ""Ah-choo"" (Ah-choo)
Simon says, ""Be cool"" (Be cool)
Don't be such a fool (Nah, hm)

Simon says, 우린 real vibe killer
(Killer, killer, killer)
Simon says, 우린 real vibe killer
(Killer, killer, killer)

너네들은 다 mine, mine, mine, mine, mine
너네들은 다 mine, mine, mine, mine, mine (너네들은 다)
필요 없어 그딴 말, 말, 말, 말, 말
We don't pay no mind, mind, mind, mind, mind (Yeah)

꽉 막힌 차 사이로 (No) 길을 여는 siren
니 맘에 그 체증을 밤새 뚫고 달려 (That was nice)
누구보다 빨라 (Yeah), 전부 뒤에 가있어 (Hoo)
거침없어 모든 건 내게 달려 (Yeah)
점점 분위기는 high, high, high, high (In the street)
우릴 막는 소린, bye, bye, bye, bye (You need me)
신경 다 끄고, 놀아 밤새 (Yeah, you know this)
누가 뭐라 하든 상관 안 해

주문을 외워, I'm God (주문을 외워, I'm God)
너희를 홀려 like, ""Wow"" (홀려 like, ""Wow"")
NCT, we all so sexy (Yeah)
NCT noise, you can't break me (Can't break me)
누가 날 욕해? Who? (Who?)
Bless me, ""Ah-choo"" (Choo)
Simon says, ""Be cool"" (No)
Don't be such a fool (Haha)

Simon says, 우린 real vibe killer
(Killer, killer, killer; You think you know it all?)
Simon says, 우린 real vibe killer
(Killer, killer, killer)

너네들은 다 mine, mine, mine, mine, mine
너네들은 다 mine, mine, mine, mine, mine
필요 없어 그딴 말, 말, 말, 말, 말
We don't pay no mind, mind, mind, mind, mind

두려워하지 마 (**Don't tell me**)
널 막는 건 너 일 뿐, yeah
착각하지 마 (두려워하지 마)
우린 오늘 break the rules
눈을 뜨고 깨어나 이 순간
깊숙이 빠져들어가
*현실과 꿈의 사이* (Ayy, yeah)
*진짜 널 찾는 그 순간* (**Can't burn me**)

Simon says, 우린 real vibe killer
(A real vibe killer)
Simon says, 우린 real vibe killer
(A real vibe killer)

너네들은 다 mine, mine, mine, mine, mine (너네들은 다)
너네들은 다 mine, mine, mine, mine, mine (Don't stop)
필요 없어 그딴 말, 말, 말, 말, 말 (Ayy)
We don't pay no mind, mind, mind, mind, mind

We don't pay no attention",Very Negative,0.4312
SM Entertainment,NCT 127,소방차 (Fire Truck),Unknown,58270,"Get it lifted
What, what, what, what? (Fire truck)

어딜 봐, Mr. Fireman on the floor (On the floor)
불을 지펴봐, 이 열기를 식혀줄게 (Hot)
불만이 가득 찬 곳 더 화끈하게
저 siren소리에 느끼는 내 기분은
Mm, 애써빼는 척은 곤란해 (곤란해)
미지근한 분위기는 no, thanks (No, thanks)
흔들리는 내 달궈진 backseat (Backseat)
태운 뒤 빈틈없이, we get lit (We get lit; Ah)

Ayy, ayy, ayy, ayy-ayy
Hands up if you feeling the vibe now
Ayy, ayy, ayy, ayy-ayy
One step, two steps

오늘밤 너와 나
모두 다 빠져들지
언제든 달려가
소방차, you can call me
몸을 움직여, pick it up
리듬 느끼는 대로 넌 흔들어
*뜨거워지는 순간 크게 소리쳐*

What, what, what, what? (Fire truck)
What, what?
What, what, what, what?

Yeah, be anywhere, everywhere, 부르기만 하면 돼
Look at, look at how, 그냥 불장난 같아
Blink하면 나타나, just blink for me
시원하게 네 화를 풀려줄테니
Just hold up, 자꾸만 밀면 다쳐, get higher
열긴 마치 rocket처럼 뜨거워
이 공간은 폭발하기 십초전
Ah

Ayy, ayy, ayy, ayy-ayy
Hands up if you feeling the vibe now
Ayy, ayy, ayy, ayy-ayy
One step, two steps

짜릿한 이 음악
네 맘 확 불태우지
외쳐봐, 소방차
어디든 달려가지
Maximum으로 turn it up
리듬에 맞춰 넌 흔들어 (No)
*전율 느끼는 순간 크게 소리쳐*

What, what, what, what? (Fire truck)
Ayy, ayy, ayy, ayy, ayy, ayy, ayy (What, what?)
Ayy, ayy, ayy, ayy, ayy, ayy (What, what, what, what? Fire truck)
What, what?
What, what, what, what? (Fire truck)

멈추지 마
밤이 새도록
Maximum으로 turn it up
(Max-maximum으로 turn it up)
All right
이 음악속에
모든 걸 던져
Dance, my party people

What, what, what, what? (소방차)
소방차
소방차
소방차
What, what, what, what? (소방차)
소방차",Very Negative,0.7034
SM Entertainment,NCT 127,질주 (2 Baddies),Unknown,55361,"Yes, ah
Hmm, ah
Two baddies, two baddies, one Porsche
Two baddies, two baddies, one Porsche
몰라 난 네가 뭐라는지
있는 그대로의 멋을 봐
돈 and manner

Uh, one of a kind, 파급은 나
Look in my eyes, yeah
내가 그린 기린 그림 속에서 move, yeah
창밖을 봐 문을 열어
바로 지금, yeah
I gotta go, 시간은 gold
We are the next, yeah
We pulling up, and we cutting the line
빛이 안 나, it isn't mine
타이밍 맞춰서 보이는 sign
Open the keys, open the mind
Too fast ㅠㅠ
움직임은 Blue's Clues
Everybody jealous
따라 해보던가 new rules

(Oh) 위험한 생각에 맞서봐 (Oh)
이번엔 피하지 않아 난 (Oh)
Let's get away right now
더 빠르게 yeah, yeah
그려낸 모습을 마주하게
Zero to 백 on the highest speed
가는 길 앞엔 아무도 없지
내 삶은 나를 위한 고속도로, ayy
*Fill up the tank, pour that gasoline on me, rah*

Two baddies, two baddies, one Porsche
Two baddies, two baddies, one Porsche
몰라 난 네가 뭐라는지
있는 그대로의 멋을 봐
돈 and manner
Two baddies, two baddies, one Porsche
Two baddies, two baddies, one Porsche
네가 날 본다면 알잖아
우린 다채로운 색을 봐 rainbow shade

Show me, baby, what's your style?
최고를 느껴본 다음
너의 세상은 달라질 거야
You gon' wanna come and wow
다른 건 필요 없어
자꾸만 화려해질 거야 넌
Now, you wanna ride these wheels
우린 계속 타
너도 원하겠지 feel (원해 feel)
Yeah, we got no time to kill
배기음이 말해 많이 바빠 일

(Oh) 더 위로가 점점 위로 가 (Oh)
널 잃지 마 끝까지 달려가 (Oh)
고민하지 마 불안할 뿐이야
Better get out of my way, you know

Two baddies, two baddies, one Porsche (Two baddies)
Two baddies, two baddies, one Porsche
몰라 난 네가 뭐라는지
있는 그대로의 멋을 봐
돈 and manner
Two baddies, two baddies, one Porsche (Two baddies)
Two baddies, two baddies, one Porsche
네가 날 본다면 알잖아
우린 다채로운 색을 봐 rainbow shade

열린 도로 속에 하얗게
밝혀진 길이 여길 펼쳐 놔
가려진 세상에서 벗어나
Run through the highway
Woah-woah, 끝이 없이 밟는 중
Wanna go to the moon?
무한대로, baby, 가속되는 소리
Nothing can stand in our way, oh

Zip-zip, show me, zip it up
What you got? (Hey, hey)
Zip-zip, show me
주파수 맞추고 (Oh, hey!)
Vroom-vroom, noise
저리 가라고 (Hey)
Why don't we just drive away? Oh-woah

Two baddies, two baddies, one Porsche (Yeah)
Two baddies, two baddies, one Porsche (Ayy-yeah)
몰라 난 네가 뭐라는지
있는 그대로의 멋을 봐
돈 and manner
Two baddies, two baddies, one Porsche (Two baddies)
Two baddies, two baddies, one Porsche
네가 날 본다면 알잖아
우린 다채로운 색을 봐 rainbow shade

Na-na-na-na, na-na-na-na (Oh)
Zip-zip it, z-zip it and close
Na-na-na-na, na-na-na-na
Two baddies, two baddies, one Porsche
Na-na-na-na, na-na-na-na
Zip-zip it, z-zip it and close
Na-na-na-na, na-na-na-na-na
*Uh, two baddies, two baddies, one Porsche*",Very Positive,0.4948
SM Entertainment,NCT 127,Lemonade,Unknown,45259,"Lemonade (Lemonade, lemonade)
Lemonade (Lemonade, lemonade)

제대로 건드렸어, you
또 뒤로 숨어서 넌 typing
너무 쉽게 보여, clue
그만 떠들어댈, timing
Yeah, uh
드러내 real name
가짜는 걸러내 쳐야 해
Barricade, haters come, mm
왜 나를 찾아보다 밤새?
I got you, 인정해 선을 넘은 관심

Woof, 서둘러 숨겨봐도 탄로 날 걸 proof
거짓 변명 따윈 던져 to the roof (Roof)
I'm sippin' all day
너넨 다 투명해 그저 내 눈엔 lemonade

Taste like lemonade, 휘저어 난 hurricane
안들려 니 목소리는 noise (Skrrt)
Taste like lemonade, 짜릿하지 everyday
삼켜버려 got me feeling good (Ha)
Taste like lemonade
, 휘저어 난 hurricane
안들려 니 목소리는 noise (You know, uh-huh)
Taste like lemonade
, 짜릿하지 everyday
삼켜버려 got me feeling good

달려가 like 소방차 (
Uh-huh
)
무대를 터트려 like Cherry Bomb (
Cherry Bomb
)
태가 나잖아 Irregular, uh
You can't catch me 'cause I don't wait (Wait), hold up (Hold up), uh

되고 싶겠지, like me, 질릴 때까지, bite me
네가 아무리 copy, 해도 영원히 발 밑
I just spit (Uh-yeah)
I don't quit (Uh-yeah; No, no)
No counterfeit (No way)
*감히 흉내 못내 day and night*

Woof, 안달이 나겠지 다 탐을 내 ma' juice (Juice)
약한 너와 달리 굳건한 ma' crew (Crew, ah-ooh)
I'm sippin' all day
따분한 masquerade, 그저 내 눈엔 lemonade

Taste like lemonade, 휘저어 난 hurricane
안들려 니 목소리는 noise (Skrrt)
Taste like lemonade, 짜릿하지 everyday
삼켜버려 got me feeling good (Let's go)
Taste like lemonade
, 휘저어 난 hurricane
안들려 니 목소리는 noise (You know, uh-huh)
Taste like lemonade
, 짜릿하지 everyday
삼켜버려 got me feeling good

이제와 뭘 해도 넌 nothing (Nothing to say; Uh)
크게 의미 없는 punch (Yeah)
시작부터 차이 나는 game (Ah)
Always winning, never lose
뻔히 보이는 plot (What's coming?)
너의 결말은 knock down, yeah
And we ain't never ever comin' down
고갤 들어 지켜봐

Sip it, sip it down
Ready, ready for it now
NCT, work it out
Ice, ice we gon' chill it out

Taste like lemonade, 휘저어 난 hurricane
안들려 니 목소리는 noise (Skrrt)
Taste like lemonade, 짜릿하지 everyday
삼켜버려 got me feeling good (Let's go)
Taste like lemonade
, 휘저어 난 hurricane
안들려 니 목소리는 noise (You know, uh-huh)
Taste like lemonade
, 짜릿하지 everyday
삼켜버려 got me feeling good

Woof, 안달이 나겠지 다 탐을 내 ma' juice
약한 너와 달리 굳건한 ma' crew (Yeah, my crew)
I'm sippin' all day, 짜릿함 배가 돼
It's like a flavor, like lemonade",Very Positive,0.389
SM Entertainment,NCT 127,Favorite (Vampire),Unknown,41914,"Oh, yeah, yeah (Ah)
Ah, yeah, ah, yeah (Ah, darlin', darlin')
You're my favorite, girl
Oh, yeah (Shee)

열병같이 다가와
날 멸망 시켜 (Ain't afraid at all)
내 세계 산산이 부서져
너를 탐하게 되고
Uh, 불장난이라 해 (Quit that)
가시를 가졌네 (Hands down)
파편이 돼 버린 crown (Take that)
그 순결한 독 난 깨물었고 들이마셔

널 사랑함은
불완전함 위태로움
비틀거리고
증오 속에 미쳐도

사랑해 또 사랑해
더 지독하게 아프고 싶어, 이 운명 속에
거친 눈빛, 존재 전부
Girl, you're my favorite
눈물 쏟고, 무너지고
열기 속에 입 맞추면
폭풍처럼, you're my favorite
후회 없이, baby

까만 밤 when you coming with a storm
삼켜 버릴 듯 와봐
Just watching you never satisfy my soul
넌 아직 나를 몰라
Uh, 장미는 붉은데 (See that)
여리진 않았네 (Hands down)
심장은 조각난 걸 (Take that)
이 파국의 밤, 널 원한 대가 받아들여

어떻게 너를
바라지 않을 수 있어?
My heart when you touch
전율로 몸부림쳐

사랑해 또 사랑해
더 지독하게 아프고 싶어, 이 운명 속에
거친 눈빛, 존재 전부
Girl, you're my favorite
눈물 쏟고, 무너지고
열기 속에 입 맞추면
폭풍처럼, you're my favorite
후회 없이, baby

더 뜨거워져도 돼, 천국을 가져온 너, oh, no
You'll always be my favorite
Girl, you know that you got me, I can't even lie (Ooh, no, *no*)
내가 제일 좋아한 (No, you'll always be my favorite)

사랑해 또 사랑해 (Yeah)
더 지독하게 아프고 싶어, 이 운명 속에
거친 눈빛, 존재 전부
Girl, you're my favorite
눈물 쏟고 무너지고 (Ooh, babe)
열기 속에 입 맞추면
폭풍처럼, you're my favorite
You are my favorite, you are my favorite, ayy

Favorite
You are, you are, you are (Your love, your love)
You're my favorite
사랑해, 사랑해, my",Very Positive,0.7786
SM Entertainment,NCT 127,無限的我 (무한적아; Limitless),Unknown,41587,"어젯밤 내 세계를 뒤 흔들었던 꿈이
악몽인지 혹은 나 아직 꿈속인지?
날 이끈 빛을 따라간 꿈 속 미로
그 곳에서 발견한 또 하나의 (통로)

(Ho) 공간이 열려 from the bottom up
낯선 암흑 속 집요한 call
마침내 날 닮은 너를 봐
난 너고 넌 나야

날 두드리고 깨우는
그 빛과 소리를 따라가
전율이 흘러
마침내 알게 돼

Oh, baby, it's you (You)
이제 시작이야, 무한의 나
동의 처음과 서의 끝 쪽부터 (Oh-oh-oh)
빛은 암흑 속 퍼질 수록 강해져 가
눈을 떠 봐, oh-oh
점점 커져가 나의 노래가
봤니? 뜨겁고 터질듯한 세계
들리니? 우리는 하나가 돼
Baby, I don't want nobody but you

Ho, ho, wake me up
Thirsty, thirsty for love
Wake me, wake me up
Thirsty, thirsty, woo

다들 꿈을 쫓았어 다 속은 채
대부분 자기만 진짜라고 해
혹은 숨어버려 등을 돌린 채
반복되는 매일들은 잔혹해

(Ho) 거짓은 들러붙어, 끈적해
회색 빛 도시, it ain't got a chance
언제 오나 싶던 먼 미래
하, 지금 눈앞에

짧고 강렬했던 푸른 섬광 (섬광)
깨어난 일곱 번째 감각
 (감각)
하나는 둘이 되고 때론 100이 돼
굳어버린 세상 유연하게

무거워진 세상을 다 바꿔 (바꿔)
자유로운 우리를 봐, 자유로워
그 안에 오직 너만 허락된 (허락된)
내 마음을 가져가는 자 그게 너인데
공감이 난 필요해, 미치도록 원해
네가 필요해, 서로를 온전히
느낄 수 있게 해줄
그게 필요해, 네가 필요해

Oh, baby, it's you (You)
이제 시작이야, 무한의 나
동의 처음과 서의 끝 쪽부터 (Oh-oh-oh)
빛은 암흑 속 퍼질 수록 강해져 가
눈을 떠 봐, oh-oh
점점 커져가 나의 노래가
봤니? 뜨겁고 터질듯한 세계
들리니? 우리는 하나가 돼
Baby, I don't want nobody but you

나를 도와줘, 잘 할 수 있게
가끔 난 길을 잃곤 해
우린 결국 이어져 있단 걸
너도 알잖아
사막을 넘어, 넘어 (Oh, oh)
찾아낸 큰 바다처럼 (큰 바다처럼)
무한의 너란 존재

Oh, baby, it's you
이제 시작이야, 무한의 나 (No, no, no)
동의 처음과 서의 끝 쪽부터 (Ooh-woah; *Oh-oh-oh*)
빛은 암흑 속 퍼질 수록 강해져 가
눈을 떠 봐, oh-oh
점점 커져가 나의 노래가 (나의 노래가)
봤니? 뜨겁고 터질듯한 세계 (Ayy)
들리니? 우리는 하나가 돼
Baby, I don't want nobody but you

Ho, ho, wake me up (Oh)
Thirsty, thirsty for love (Oh, wake me up)
Wake me, wake me up (Oh, oh-oh)
Thirsty, thirsty (Yeah, yeah, it's you)",Very Positive,0.6625
SM Entertainment,Red Velvet,Bad Boy (English Version) [Bonus Track],Unknown,547477,"Ooh
Mm-mm, ooh-ooh
Mm-mm, mm-mm (Hey)

Who that, who that, who that is? (Woo)
Coming in the back, back, talking slick (Uh-huh)
Tell me 'cause I like that, I like that
Yeah, I know what to do with trouble (Uh-huh, uh-huh)
Oh, he don't, he don't, he don't know (Know)
I can take 'em head to head, go toe to toe (Toe to toe)
Oh, if you play, I fight back, I fight back
I'll show you who's in control (Ooh)

'Cause I
I know how to make the devil cry (Oh, right)
Break 'em down, looking in my e-e-eyes
That's what I'm doing here toni-i-ight (Ooh-ooh-ooh, ooh, oh-oh)

Every time I come around, 'nother bad boy down
I got 'em like, ooh, ooh (Ooh-eh-oh-eh-oh)
Hit 'em with my love like, ooh, ooh (Ooh-eh-oh-eh-oh)
But they come back another round
Just one look from me, lights out, watch 'em hit the ground
Got 'em like, ooh-ooh (Ooh-eh-oh-eh-oh)
Hit 'em with my love like, ooh, ooh (Ooh-eh-oh-eh-oh)
I shot another bad boy down

Ooh-woah-oh, oh-oh-oh
Ooh-woah-oh, oh-oh-oh
I shot another bad boy down
Ooh-woah-oh, oh-oh-oh
Ooh-woah-oh, ooh-woah-oh, oh (Oh, woah)

Put you 'round my finger, I'ma tell you what you wanna hear
Running through your mind, get you hooked, I'll have you shedding tears (Ooh)
Oh, no, boy, this ain't a fair fight
I'm winning you over, alright
Oh, baby, my apologies (Woo)
I don't mean to leave you hanging on a string
*The more you wanna fight that* (Fight that), *you fight that* (Fight that)
*The more I will pull you right back* ('Cause I)

'Cause I
I know how to make the devil cry (Devil Cry)
Break 'em down, looking in my e-e-eyes
That's what I'll do to you toni-i-ight (Tonight)

Every time I come around (When I come around), 'nother bad boy down ('Nother bad boy down)
I got 'em like, ooh, ooh (Ooh-eh-oh-eh-oh)
Kill 'em with my love like, ooh, ooh (Ooh-eh-oh-eh-oh)
But they come back another round
Just one look from me, lights out, watch them hit the ground
Got 'em like, ooh, ooh (Ooh-eh-oh-eh-oh)
Hit 'em with my love like, ooh, ooh (Ooh-eh-oh-eh-oh)
I shot another bad boy down (Bad boy down)

You're gonna know what it feels like
To be free and open your mind
Falling in deep, so hard to breathe
It's only a matter of time
But, baby, I think you should know
I ain't like all the others
 (Ain't like others)
I'm making you fall
*I'm making you fall to your knees*

Every time I come around (Woo), 'nother bad boy down (Oh-oh, oh-oh-oh)
I got 'em like, ooh, ooh (Ooh-eh-oh-eh-oh)
Kill 'em with my love like, ooh, ooh (Ooh-eh-oh-eh-oh)
But they come back another round (Ooh, ooh, ooh-ooh-ooh)
Just one look from me, lights out, watch me hit the ground (Just one look from me)
Got 'em like, ooh, ooh (Ooh-eh-oh-eh-oh)
Kill 'em with my love like, ooh, ooh (Ooh-eh-oh-eh-oh)
I shot another bad boy down",Very Positive,0.8403
SM Entertainment,Red Velvet,Bad Boy,Unknown,197023,"Ooh
Mm-mm, ooh-ooh
Mm-mm, mm-mm (Hey)

Who that, who that, who that boy? (Woo)
수많은 사람 속 눈에 띈 (Uh-huh)
무심한 그 표정, I like that
내 호기심을 자극하지 (Uh-huh, uh-huh)
Oh, 시크한 스타일은 덤
입은 옷은 신경 쓴 듯 안 쓴 듯 (안 쓴 듯)
관심 없는 말투, I like that
외면해 봐도 끌려 (Ooh)

달라
도도한 날 웃게 하잖아 (Oh, right)
알잖아 요즘 내가 hot
날 보는 시선 너도 느껴봐 (Ooh, oh)

홀린 듯 날 따라와, 모두 환호해
너도 곧, ooh, ooh (Ooh-eh-oh-eh-oh)
아닌 척해도 넌, ooh, ooh (Ooh-eh-oh-eh-oh)
한 번 내기를 해볼까
너무 쉽겐 오지 마, 재미없잖아
거기서, ooh, ooh (Ooh-eh-oh-eh-oh)
밀고 당겨볼까, ooh, ooh (Ooh-eh-oh-eh-oh)
시작할게 bad boy down

Ooh-woah-oh, oh-oh-oh
Ooh-woah-oh, oh-oh-oh
지금부터 bad boy down
Ooh-woah-oh, oh-oh-oh
Ooh-woah-oh, ooh-woah-oh, oh (Oh, woah)

잠깐 이리 와봐, 너에게만 할 말이 있어
가까이 좀 와, 고갤 숙여 키를 낮춰봐 (Ooh)
다른 건 신경 쓰지 마
내 목소리에 집중해
상황은 좀 달라져 (Woo)
주위를 맴도는 내가 궁금해
*너도 알게 될 거야* (뭘까?), *알 거야* (말해)
*이미 늦어버렸단 걸* (맞아)

맞아
사실 꽤나 자신 있어 난 (Right)
지는 게임 하진 않아, ha, ah, ah
벌써 반쯤은 넘어왔잖아 (Fine)

홀린 듯 날 따라와 (날 따라와), 모두 환호해 (모두 환호해)
너도 곧, ooh, ooh (Ooh-eh-oh-eh-oh)
아닌 척해도 넌, ooh, ooh (Ooh-eh-oh-eh-oh)
한 번 내기를 해볼까
너무 쉽겐 오지 마, 재미없잖아
거기서, ooh, ooh (Ooh-eh-oh-eh-oh)
밀고 당겨볼까, ooh, ooh (Ooh-eh-oh-eh-oh)
시작할게 bad boy down (Bad boy down)

혼란스런 맘이겠지
상상조차 못할 거야
헤어나려 노력해도
어떤 작은 틈도 없어
정답은 정해져 있어
자연스럽게 넌 따라와 (넌 따라와)
난 널 선택해
*난 널 선택했어 이미*

홀린 듯 날 따라와 (Woo), 모두 환호해 (Oh-oh, oh-oh-oh)
말했지, ooh, ooh (Ooh-eh-oh-eh-oh)
결관 항상 같아, ooh, ooh (Ooh-eh-oh-eh-oh)
거봐? 내가 또 이겼어 (Ooh, ooh, ooh-ooh-ooh)
너무 쉽겐 오지 마, 재미없잖아 (쉽겐 오지 마)
이제 넌, ooh, ooh (Ooh-eh-oh-eh-oh)
벗어날 수 없어, ooh, ooh (Ooh-eh-oh-eh-oh)
내겐 쉽지 bad boy down",Very Negative,0.73
SM Entertainment,Red Velvet,Psycho,Unknown,162392,"Ooh, ooh
Hey, yeah (Mm)
Yeah
Psycho

널 어쩌면 좋을까?
이런 맘은 또 첨이라
Up and down이 좀 심해, 조절이 자꾸 잘 안돼
하나 확실한 건, I don't play the game
우리 진짜 별나대
그냥 내가 너무 좋아해
넌 그걸 너무 잘 알고, 날 쥐락펴락해
나도 마찬가지인걸 (Oh, oh)

우린 참 별나고 이상한 사이야
서로를 부서지게 (
부서지게
)
그리곤 또 껴안아
(
그리곤 또 껴안아
)

You got me feeling like a psycho, psycho
우릴 보고 말해 자꾸, 자꾸
다시 안 볼 듯 싸우다가도, 붙어 다니니 말야
이해가 안 간대, 웃기지도 않대
맞아, psycho (Psycho), psycho (Psycho)
서로 좋아 죽는 바보 (바보), 바보 (바보)
너 없인 어지럽고 슬퍼져, 기운도 막 없어요
둘이 잘 만났대, hey, now, we'll be okay (Woo)

Hey, trouble, 경고 따윈 없이 오는 너
I'm original visual, 우린 원래 이랬어, yeah
두렵지는 않아 (흥미로울 뿐), it's hot, let me just hop
어떻게 널 다룰까? Ooh, ooh, ooh
어쩔 줄을 몰라 너를 달래고
매섭게 발로 차도
가끔 내게 미소 짓는 널 (Ha, ha)
어떻게 놓겠어? Oh (Ooh, ooh)

우린 아름답고 참 슬픈 사이야
서로를 빛나게 해 (Tell me now)
마치 달과 강처럼
(그리곤 또 껴안아, yeah)

You got me feeling like a psycho, psycho
우릴 보고 말해 자꾸, 자꾸
다시 안 볼 듯 싸우다가도, 붙어 다니니 말야
이해가 안 간대, 웃기지도 않대
맞아, psycho, psycho (맞아, psycho, psycho)
서로 좋아 죽는 바보, 바보 (바보, 바보)
너 없인 어지럽고 슬퍼져, 기운도 막 없어요
둘이 잘 만났대, hey, now, we'll be okay

Don't look back, 그렇게
우리답게 가보자
난 온몸으로 널 느끼고 있어
Everything will be okay, ooh

(You got me feeling like a psycho) Like a psycho, psycho
우릴 보고 말해 자꾸, 자꾸 (보고 말해 자꾸)
다시 안 볼 듯 싸우다가도 (Ooh), 붙어 다니니 말야
둘이 잘 만났대, hey, now, we'll be okay

Hey, now, we'll be okay (We'll be okay), hey, now, we'll be okay (We'll be okay)
Hey, now, we'll be okay (We'll be okay), hey, now, we'll be okay (Hey)
It's alright (It's alright; Oh)
It's alright (Ooh, oh)
Hey, now, we'll be okay (Ayy), hey, now, we'll be okay (Okay, yeah)
Hey, now, we'll be okay (Ayy), hey, now, we'll be okay (Okay)
It's alright (Oh, woah, oh)
It's alright (우린 좀 이상해)

Psycho",Very Negative,0.6511
SM Entertainment,Red Velvet,러시안 룰렛 (Russian Roulette),Unknown,127995,"La, la, la, la, la-la, la, la
La-a-a-a, la, la, la, ah-ah-ah-ah
La, la, la, la, la-la, la, la
La-a-a-a, la, la, la

날카로운 secret 둘러싼 얘긴 베일 속에
점점 더 깊은 h-h-hush, 맘을 겨눠 이제
여긴 온통 어두운 밤하늘색
그림자조차 길을 잃게 해

Oh, 넌 항상 love is game, 쉽게 즐기는
가벼움일 뿐이라고
뭐 이렇게 못된 얘기로 자꾸
피해 가려고만 하니 왜?

커지는 heart b-b-beat 빨라지는데
너답지 않게 heart b-b-b-beat 거려 나를 볼 때
마지막 남은 순간까지 점점 다가오지 crazy
아찔하게 겨눈 Russian roulette (Ah, ah, ah-yeah)

La, la, la, la, la-la, la, la (넌 이미)
La-a-a-a, la, la, heart b-b-beat-beat
마지막 남은 순간까지 내게 맡기게 될 거야 넌
달콤한 너의 Russian roulette

반짝인 secret 더 이상 외면하진 못해
버튼은 내가 p-p-push, 받아들여 이제
네 맘 온통 내 모습 채워지게
꿈 꿀 때조차 나를 찾게 돼

Oh, 아직 넌 love is game, 내게 말해도
흔들려 네 목소리도
장난스레 스친 눈빛 너머로
어쩔 줄 모르는 네 모습

커지는 heart b-b-beat 빨라지는데
너답지 않게 heart b-b-b-beat 거려 나를 볼 때
마지막 남은 순간까지 점점 다가오지 crazy
아찔하게 겨눈 Russian roulette (Ah, ah, ah-yeah)

La, la, la, la, la-la, la, la (넌 이미)
La-a-a-a, la, la, heart b-b-beat-beat
마지막 남은 순간까지 내게 맡기게 될 거야 넌
달콤한 너의 Russian roulette

이토록 깊은 꿈이 넌
처음일 걸
내 맘이, 이 밤이
아른거리는 game you can't control

커지는 heart b-b-beat 빨라지는데
터질 듯한 heart b-b-b-beat key는 내가 쥘게
마지막 남은 순간까지 점점 다가오지 crazy
아찔하게 겨눈 Russian roulette (Ah, ah, ah-yeah)

La, la, la, la, la-la, la, la (넌 이미)
La-a-a-a, la, la, heart b-b-beat-beat
마침내 빼낼 수도 없게 박혀, 네 심장 더 깊은 곳
달콤한 너의 Russian roulette

커지는 heart b-b-beat 빨라지는데
La, la, la, la, la-la, la, la
La-a-a-a, la, la, la, ah-ah-ah-ah
커지는 heart b-b-beat 빨라지는데 (La, la, la, la, la-la, la, la)
La-a-a-a, la, la, ah-ah-ah-ah
Heart b-b-beat-beat",Very Positive,0.3952
SM Entertainment,Red Velvet,RBB (Really Bad Boy) [English Version],Unknown,100360,"Hey, no (Alright, alright)
Bad boy, bad boy (Yeah, yeah, oh-ooh)
Alright, one, two, five, uh

Kickin' it with my girls, let's party (Ha)
Sipping on milk and chocolate sundaes (Hey)
Having such a good-ass time, now all I need is that one guy
One, one, one, one
One-one-one-one-one-one-one-one

Ah, ah, ah (Alright, hey)
All the girls say, all the girls say
All the girls say, all the girls say
Ah, ah, ah (Ooh, yeah, yeah, yeah)
All the girls say, all the girls say
All the girls say, all the girls say (Oh, oh my God)

(Hey, oh my God)
Oh my God, he's a really bad boy
He's a really bad boy
He's a really bad boy
Hey, oh my God (Oh my God)
He's a really bad boy
He's a really, really, really, really
Really bad boy (Hey, yeah, yeah, yeah)

You're so bad, boy (Ah, ah, ah)
You're so bad, boy (Ah, ah, ah)
You're so bad, bad, bad, bad (Hey, yeah, yeah)
Bad, bad, bad, bad boy (Hey, yeah, yeah)

Bang, bang, pow, he's a really bad boy
How he plays with hearts instead of playing with his toys
And I don't really care 'cause I'm really in love (Boy)
Mine, mine, mine, mine

Ah, ah, ah (Alright, hey)
All the girls say, all the girls say
All the girls say, all the girls say
Ah, ah, ah (No)
All the girls say, all the girls say
All the girls say, all the girls say (Oh, oh my God)

(Hey, oh my God)
Oh my God, he's a really bad boy (Oh my God, oh my God)
He's a really bad boy
He's a really bad boy (Oh my God)
*Hey, oh my God* (Oh my God)
He's a really bad boy
He's a really, really, really, really
Really bad boy (Oh)

You're so bad, boy (Ah, ah, ah)
You're so bad, boy (Ah, ah, ah)
You're so bad, bad, bad, bad (Hey, yeah, yeah)
Bad, bad, bad, bad boy (Hey, yeah, yeah)

I know that I need someone to, uh
Look after me and all I do
But no one else makes me smile the way you do
You're a bad boy, and you're bad for me
You're a bad boy, and you're bad for me
And I know that I need someone to
(You're a bad boy, and you're bad for me)
(You're a bad boy, and you're bad for me)
Look after me and all I do
(You're a bad boy, and you're bad for me)
(You're a bad boy, and you're bad for me)
But no one else makes me smile the way you do
(*You're a bad boy, and you're bad for me*)
(*You're a bad boy, and you're bad for me*)
Woah, woah
(*You're a bad boy, and you're bad for me*)
*You're a bad boy, and you're bad for me*

Oh my God, he's a really bad boy
He's a really, really, really, really
Really bad boy

Oh my God, he's a really bad boy (Ah, ah, ah)
He's a really bad boy (Ah, ah, ah)
He's a really bad boy, uh
Oh my God, he's a really bad boy (Hey yeah, yeah)
He's a really bad boy (Hey yeah, yeah)
He's a really bad boy, uh

Oh my God, he's a really bad boy
He's a really bad boy
He's a really bad boy (He's a really bad boy)
Oh my God, he's a really bad boy (He's a really bad boy)
He's a really, really, really, really
Really bad boy (Woah)

Mmm",Very Positive,0.4425
SM Entertainment,Red Velvet,피카부 (Peek-A-Boo),Unknown,97248,"Mm, yeah
Yeah

Oh, gosh, 난리야 (Oh, gosh)
맞아, 난 좀 기분파
헤 금방 또 사랑에 빠져 (헤 금방 또 사랑에 빠져)
Yeah, yeah, yeah, yeah
새 것만 좋아해요
반짝거리죠
다들 그렇잖아요, 맞죠?

Peek-a-boo, 설렐 때만
사랑이니까? (La, la, la, la, la)
내 친구 모두 소리쳐
""넌 정말 문제야"" (I'm fine, fine, fine, fine, fine, fine)

Peek-peek-a-peek-a-boo (Ow)
Peek-peek-a-peek-a-boo
흥-흥이 난 여우
그-그런 나라구
Peek-peek-a-peek-a-boo

I said, ""One, two, three, play the game again""
버튼을 눌러보자 쿵푸만큼 빨리
중간에 내 맘 변해도 놀라지 말기
혹시 끌리지 않니? 그럼 excuse me
자, 전화해요 밤새
또 놀러 가요 함께
Restart a game
돌진해, 롤링해, 블랑카 (Ha-ha-ha-ha-ha)

오늘 저녁도 (Let's go)
놀이터는 붐비고
지루해질 틈조차 없죠
Yeah, yeah, yeah
빙글빙글 돌아요 (Oh-oh-oh)
다들 똑같죠
Oh, 마침내 마주친 눈빛

Peek-a-boo, 새로워요
사랑인가요? (La, la, la, la, la)
내 친구 모두 소리쳐, ""넌"" (모두 소리쳐, ""넌"")
""정말 문제야"" (I'm fine, fine, fine, fine, fine, fine)
*My boo, boo, boo, peek-a-boo, boo, boo, boo*

Peek-peek-a-peek-a-boo
Peek-peek-a-peek-a-boo
Peek-peek-a-peek-a-boo
술래는 너로 정해졌어
재밌을 거야, 끼워줄게
(Peek-peek-a-peek-a-boo)
저 달이 정글짐에 걸릴
시간까지 노는 거야 (
Yeah
)
Peek-peek-a-peek-a-boo
[Bridge: Wendy, 
Seulgi
]
Peek-a-boo, 이상해
어라 넌 좀 달라
이런 게임 멈추고
너를 다시 보게 돼
무섭지 않아, 난
새로운 얘기가
펼쳐질 거라는 걸
방금 느꼈으니까 (Yeah, yeah, yeah, yeah, yeah, yeah)

Peek-peek-a-peek-a-boo (Yeah, yeah, yeah, yeah)
Peek-peek-a-peek-a-boo (La, la, la, la, la)
흥-흥이 난 여우
그-그런 나라구 (La, la, peek-a-boo)
Peek-peek-a-peek-a-boo (No, no, no)
술래는 너로 정해졌어
재밌을 거야, 끼워줄게 (Yeah, yeah, yeah)
(Peek-peek-a-peek-a-boo)
저 달이 정글짐에 걸릴
시간까지 노는 거야 (Na-na-na-na, ooh)
(Peek-peek-a-peek-a-boo)
술래는 너로 정해졌어 (A peek-a-boo, boo, boo)
재밌을 거야, 네가 좋아 (A peek-a-boo, boo, boo)
(Peek-peek-a-peek-a-boo)
저 달이 정글짐에 걸릴 (A peek-a-boo, boo, boo)
시간이지만 더 놀자 (Yeah, yeah)
Peek-peek-a-peek-a-boo

Peek-a-boo
Peek-a-boo
Peek-a-boo",Very Positive,0.6815
SM Entertainment,Red Velvet,Dumb Dumb,Unknown,79798,"Dumb-dumb-dumb-dumb-dumb-dumb
Dumb-dumb-dumb-dumb-dumb-dumb
Dumb-dumb-dumb-dumb-dumb-dumb
Dumb-dumb-dumb-dumb-dumb-dumb
Dumb-dumb-dumb-dumb-dumb-dumb
Dumb-dumb-dumb-dumb-dumb-dumb
Dumb-dumb-dumb-dumb-dumb-dumb
Dumb-dumb-dumb-dumb-dumb-dumb

너 땜에 하루 종일 고민하지만
널 어떡해야 좋을지 잘 모르겠어 난, oh
Baby, baby, baby, baby, baby, you
Play me, play me, play me, play me, play me
그-그-그, 그 눈빛은 날 아찔하고 헷갈리게 해
내 이성적인 감각들을 흩어지게 해, oh
Baby, baby, baby, baby, baby, you
Crazy, crazy, crazy, crazy, crazy (Crazy, yeah)

마네킹 인형처럼
하나부터 열까지 다 어색하지 (Ha-ha-ha)
평소같이 하면 되는데
또 너만 보면 시작되는 바보 같은 춤

눈, 코, 입, 표정도
팔, 다리, 걸음도
내 말을 듣지 않죠
Dumb-dumb-dumb-dumb-dumb-dumb-dumb-dumb
심장의 떨림도
날뛰는 기분도
맘대로 되질 않죠
Dumb-dumb-dumb-dumb-dumb-dumb-dumb-dumb

Dumb-dumb-dumb
Dumb-dumb, dumb-dumb-dumb-dumb
Dumb-dumb-dumb-dumb
Dumb-dumb-dumb-dumb-dumb-dumb-dumb-dumb-dumb
Dumb-dumb-dumb
Dumb-dumb-dumb-dumb-dumb-dumb
Dumb-dumb-dumb-dumb
Dumb-dumb-dumb-dumb-dumb-dumb-dumb-dumb-dumb

낭만적인 영화를 난 꿈꿔왔지만
네 사랑은 내 손에 늘 땀을 쥐게 해, oh
Baby, baby, baby, baby, baby
You make me crazy, crazy, crazy, crazy, hey

마네킹 인형처럼
하나부터 열까지 다 어색하지 (Ha-ha-ha)
평소같이 하면 되는데
또 너만 보면 시작되는 바보 같은 춤 (No)

Dumb-dumb-dumb-dumb-dumb-dumb
Dumb-dumb-dumb-dumb-dumb-dumb (Ooh-ooh)
Dumb-dumb-dumb-dumb-dumb-dumb
Dumb-dumb-dumb-dumb-dumb-dumb (Na-ah, ah, ah, ah)
Dumb-dumb-dumb-dumb-dumb-dumb
Dumb-dumb-dumb-dumb-dumb-dumb
Dumb-dumb-dumb-dumb-dumb-dumb
Dumb-dumb-dumb-dumb-dumb-dumb

You need to ""Beat It,"" that boy Michael Jackson ""Bad""
난 너의 ""Billie Jean""이 아냐, don't you ""Leave Me Alone""
하지만 애매한 반응 난 원해 ""Black or White""
포기 못해 나의 ""Man in the Mirror""
""Why You Wanna Trip on Me,"" 넌 너무 짓궂지
Boy, you make me ""Scream,"" 너에게 왜 이러지
하긴 너의 ""Love,"" 정말 ""Never Felt So Good""
그건 아마 짜릿하다 못해 watching the ""Thriller""
 (
Hey
)

난 너에게서 헤어날 수 없나 봐
미워도 싫지가 않잖아
저 언니처럼 되고 싶은데
넌 자꾸 나를 귀엽다고 하는 걸까 왜? No

남동생 로봇처럼
하나부터 열까지 다 어색하지 (Ha-ha-ha)
어떡하지? 고장났나 봐 (—하지? 났나 봐)
숨을 쉬는 방법도 다 까먹었어 나

눈, 코, 입, 표정도 (Oh no)
팔, 다리, 걸음도 (걸음도)
내 말을 듣지 않죠
*Dumb-dumb-dumb-dumb-dumb-dumb-dumb-dumb*
심장의 떨림도
날뛰는 기분도
맘대로 되질 않죠
*Dumb-dumb-dumb-dumb-dumb-dumb* (Dumb, dumb, dumb, oh)

Dumb-dumb-dumb-dumb, dumb-dumb-dumb (Baby, dumb, yeah)
Dumb-dumb, dumb-dumb-dumb-dumb, dumb-dumb
Dumb-dumb-dumb-dumb-dumb-dumb
Dumb-dumb-dumb-dumb-dumb-dumb
Dumb-dumb-dumb-dumb-dumb-dumb
Dumb-dumb-dumb-dumb-dumb-dumb (I must be)
Dumb-dumb-dumb-dumb-dumb-dumb
Dumb-dumb-dumb-dumb-dumb-dumb (Oh, oh, oh, oh, oh)",Neutral,0.5734
SM Entertainment,Red Velvet,빨간 맛 (Red Flavor),Unknown,73343,"(Red-ed-ed-ed)

빠-빠-빨간 맛, 궁금해, honey
깨물면 점점 녹아든 strawberry 그 맛
Corner candy shop 찾아봐, baby
내가 제일 좋아하는 건 여름 그 맛

야자나무 그늘 아래 졸고 싶고
뜨거운 여름밤의 바람은 불고
너무 쉽게 사랑 빠져버릴 nineteen
우린 제법 어울리고 또 멋져

좋아
첫눈에 반해버린 (Ah)
네가 자꾸만 생각나
내 방식대로 갈래

빠-빠-빨간 맛, 궁금해, honey
깨물면 점점 녹아든 strawberry 그 맛
Corner candy shop 찾아봐, baby
내가 제일 좋아하는 건 여름 그 맛, yeah

Red-red-red flavor
Red, red-red-red flavor
Red-red-red flavor
Red, red-red-red flav

일곱 개의 무지갯빛 문을 열어
너의 세상은 짜릿해 멋있어 (Mm)
태양보다 빨간 네 사랑의 색깔
내가 가질래, 내 멋대로 할래

날 봐 (봐)
넌 뭘 생각하는데? (Ah)
오늘 뭘 할 수 있을까?
내 맘대로 상상해

빠-빠-빨간 맛, 궁금해, honey (Honey, yeah)
깨물면 점점 녹아든 strawberry 그 맛 (점점 녹아든 strawberry 그 맛)
Corner candy shop 찾아봐, baby (Yeah-eh-eh, yeah)
내가 제일 좋아하는 건 여름 그 맛, yeah

복숭아 juice, sweet and sour mix mood
네게 주고픈 칵테일을 brew (Red)
귓속이 쨍 코가 맹
상상 그 이상 기분 up and bang (Red)
Bet you wanna, bet you wanna dance like this
외쳐보자 좋아해요 솔직히
긴장해 땀이 뚝뚝 귀엽지?
사랑에 빠져 그을려 우린 red, red, ah

말 안 해도 알아주면 안돼?
내 맘은 더 커져 가는데
다 흘려버린 아이스크림같이
이러다 녹을지 몰라

그러니 말해 (그래, 그래, 말해)
그러니 말해 (그래, 그래, 말해)
너의 색깔로
날 물들여줘, 더 진하게, 강렬하게 (*Yeah, yeah*)

빠-빠-빨간 맛, 궁금해, honey (Honey)
깨물면 점점 녹아든 strawberry 그 맛 (Berry 그 맛)
Corner candy shop 찾아봐, baby
내가 제일 좋아하는 건 여름 그 맛 (-일 좋아하는 건 여름 그 맛)

내가 제일 좋아하는 건 여름의
너",Very Positive,0.707
SM Entertainment,Red Velvet,Cosmic,Unknown,57896,"Moonshine

외딴 별 그 funny story (It's electric)
그 소란스런 landing, 너를 만난 별난 사건
첫 번째 별은 차가워 (Yeah), 몇 번째 은하를 건너 (Uh)
멋대로 불시착한
그대란 낯선 이방인을 버려둘까?
솔직히 너무 신경 쓰여 재미 삼아 놀려줄까?

Hey, what did you do to my mind? 네가 궁금해져 (네가 궁금해져)
밤새 질문할 수도 있어 (When the stars align)
오늘 밤이 맑다면 내일 떠나겠단 너 (Out of space)
I got a plan, just you and I

조금 더 머무르면 어때?
나의 별이 조금 외롭대
아껴둔 노래를 들려줄게
Love is cosmic
I'm riding on your rhythm
Through the solar system, come with me (Ayy, yeah)
우린 이 밤을 건너 둘이
Cosmic love, woah-oh

Riding your rhythm
Through the solar system
널 더 알고 싶어
Cosmic love, woah-oh

이런 감정 처음이라
곰곰이 생각해 봐도 물음표야 (낯선 이 소동도, ah)
너에게도 내가 낯설지 외계인 보듯 보던 걸
상처받을 수도 있어

내 별의 시간은 천천히 흘러가 (천천히 흘러가)
넌 서두르지 않아도 돼, yeah (When the stars align)
어쩜 우린 주인 없는 꿈을 찾는 여행자
 (Out of space)
헤매이던 작은 유성

조금 더 머무르면 어때?
나의 별이 조금 외롭대
아껴둔 노래를 들려줄게
Love is cosmic
I'm riding on your rhythm
Through the solar system, come with me (Ayy, yeah)
우린 이 밤을 건너 둘이
Cosmic love, woah-oh

너는 성큼 다가와
그을린 손 내밀며, oh
함께 떠나자 해
보지 못한 것들 찾자 해

I just can't say goodnight
Oh, woah-oh
I can never say goodnight
'Cause your love is cosmic
I'm riding on your rhythm
Through the solar system, come with me (Ayy, yeah)
우린 이 밤을 건너 둘이
Cosmic love, woah-oh (Love, woah-oh)

오늘 밤 떠나
숨겨진 별 찾아 (Oh)
이름 붙일 거야
Cosmic love, woah-oh
Riding your rhythm (이 밤을 타고)
Through the solar system (Oh)
널 더 알고 싶어
Cosmic love, oh yeah",Very Positive,0.5203
SM Entertainment,Red Velvet,Chill Kill,Unknown,49765,"Ooh, woah (Moonshine)
Ooh-oh, yeah

어디서 왔니 홀연히
고요했던 세상의 crash
Chill kill의 등장 마치 thunder
그 짜릿함에 미쳤어
달콤해진 오류 불완전의 찬미
뭐가 겁났겠어? Always and forever
너무 쉬운 넌 내 거라
맘대로 껴안고 멋대로 보냈어 (Ooh)

다시 네가 보고 싶어
죽도록 후회하잖아
Yeah, don't care if it hu-hu-hurts, 네게 어울리는 perfect soul
다시 널 붙잡을 수 있을까?

(Hey) Don't think about tomorrow
(Yoo-hoo) 넌 여전히 반짝여
변할 거야 이제서야
눈물이 흘러 얼음을 녹여
What a chill kill, I know you will
Bring me lightning like a winner
여기서 널 기다려 happy ending으로
What a chill kill

긴 밤 등대를 켜
네가 길 잃지 않게 (I'm here)
혹독한 밤이라
온 세상은 숨죽여
날 잘못 길들여, 나 밖에 몰랐지
왜 그리 잘했니? 내가 자격 있니 (Oh, yeah, together)
넌 자꾸 멀리멀리 도망치며, 미워한다고 외쳐
그 말의 끝에 망설였잖아, 눈을 맞춰줬잖아 (Don't run away)

거칠고 서툰 nights were young
차갑던 밤을 데우자
Yeah, 봐 봐 많이 달라졌지, 내가 제법 변했지
널 한 번 더 안을 수 있을까?

(Hey) Don't think about tomorrow
(Yoo-hoo) 넌 여전히 반짝여
변할 거야 이제서야
눈물이 흘러 얼음을 녹여
What a chill kill, I know you will
Bring me lightning like a winner
여기서 널 기다려 happy ending으로
What a chill kill

Say, say, say
Now, are you ready, ready? (You ready?)
Say, say, say
Now, are you ready? (Uh, yeah)

너 때문에
울지 않아, ah, ah, ah
너 때문에
웃을 수밖에 없던 거야 (Up in the sky)
Yeah, it's love
오렌지빛 해는 거의 저물어
너의 온기만 필요해
Until the end ('Til the end of time, yеah, yeah)
End of time

(Hey) Don't think about tomorrow
(Yoo-hoo) 넌 끝없이 반짝여 (Oh, yеah-yeah)
변할 거야 이제서야
눈물이 흘러 그 얼음을 녹여 (그 얼음을 녹여)
Don't think about tomorrow (Oh, yeah)
Forget about your sorrow
변할 거야 너는 날 못 떠나
눈물이 흘러 그 얼음을 녹여 (그 얼음을 녹여)

Don't think about tomorrow (What a chill kill, I know you will)
넌 끝없이 반짝여 (Bring me lightning like a winner; 할 거야)
변할 거야 난 이제야",Very Negative,0.5263
SM Entertainment,Red Velvet,Feel My Rhythm,Unknown,46625,"Ooh-woah-ah, ah-ah
Ah-ah-ah, yeah
Oh-woah, oh-woah, oh-oh-woah
Red Velvet

무도회를 뒤집어 (뒤집어)
작은 소란을 또 일으켜
This is gonna be a crazy night
(To-na-na-na-na-na-night)
등장부터 인사까지 파격적이게
우리 살짝 놀아볼까? 솔직하게, babe, babe
지금부터 시작해 볼게
시작해 볼게, feel my vibe and sway

꽃가루를 날려
폭죽을 더 크게 터트려
우릴 오만과 편견에 가두지 마
자유로워 지금

Feel my rhythm, come with me
상상해 봐 뭐든지
노래를 따라서 저 달빛에 춤을 춰
바로 지금 (Play my rhythm)
Follow, follow my heartbeat
해가 떠올 때까지
Feel my rhythm, 멈추지 말아 줘
이 순간을 놓지 마, baby

차는 old and classic (*Just ride*)
이제 조금 낯선 다른 차원까지 (*Get loud*)
상상할 수 없던 곳 시간 속 예고 없이 등장해
이 밤은 멋지고, 우린 fun and wild and brave
시선을 끄는 네 motion, g-give me a new direction
끝없는 black hole처럼, 빠져드는 sweet emotion
너를 태운 채 (Sway) 어디로든 떠날래? (Way)
온 세상 모든 경계를, 다 휘저을래 (Oh, yeah)

꽃가루를 날려 (흩날려)
Champagne을 더 크게 터트려 (마음껏)
더는 어제와 내일에 가두지 마
자유로워 지금

Feel my rhythm, come with me
상상해 봐 뭐든지
노래를 따라서 저 달빛에 춤을 춰
바로 지금 (Play my rhythm)
Follow, follow my heartbeat
해가 떠올 때까지
Feel my rhythm, 멈추지 말아 줘
이 순간을 놓지 마, baby

Ah-ah-ah-ah (Oh-oh-oh-oh)
온 세상이 멈추는 순간
What a, what a feeling, 어서 내 손을 잡아 (*Alright*)
본 적 없던 film, 빠져드는 you and I (*You and I*)
Next time, 시계를 돌려, 어디로 가볼까?
Come on, 또다시 시작해
You and I, uh-uh
Woah-woah-woah-woah, ooh

Feel my rhythm, come with me (
Oh, yeah, yeah, yeah
)
상상해 봐 뭐든지 (
Ah-ah-ah
)
노래를 따라서 저 달빛에 춤을 춰
바로 지금 (Play my rhythm)
Follow, follow my heartbeat
해가 떠올 때까지 (해가 떠올 때까지)
Feel my rhythm, 끝나지 않는 꿈
이 순간을 놓지 마, baby",Very Positive,0.7529
SM Entertainment,Red Velvet,Queendom,Unknown,42099,"Queens
Ah-yeah, ah-yeah, ah-yeah, ah-yeah
Du-ru-ru-ru-ru, uh-huh
Ah-yeah, ah-yeah, ah-yeah, ah-yeah (Yeah)

Hey, here we go again, 눈부신 햇살 아래
아이처럼 활짝 웃는 너 (Hmm, yeah)
Oh, hey, 같은 꿈속에 우릴 계속 불러 댄
먼 기억 너머의 wonderland

We are queens in the red castle
Don't need crown, 타고났지 dazzle
함께 만들어 온 paradigm
확실히 다른 stereotype
볼수록 빛나는 pose
Problems? 저 하늘 위로
던져, we are makin' the rules

'Cause we are queens and kings, 손을 더 높이
모일수록 아름답게 shining, bling, bling
비가 내려도, strong and beautiful
모두 다른 색깔로 완성한 rainbow

La-di-da-doo-ba-ba-di-da
La-di-da-doo-ba-ba-di-da
다시 한번 시작해볼까
That's our queendom, yeah
La-di-da-doo-ba-ba-di-da
La-di-da-doo-ba-ba-di-da
너와 손을 맞잡은 순간
That's our queendom, ooh

We-we-we strong, nothing missing
Wake up, 답은 simple
Be boss (Oh-oh-oh), 불어 whistlе
더 큰 세상이 너를 주목해
Yeah, 축제를 열어볼까 (볼까)
난 너의 손을 잡아 (잡아)
기다린 지금이야 (지금)
너답게 펼쳐봐, ah-ah-ah

놀러와 my carnival
Climax? 지금부터야
Watch out, we are makin' thе rules (Oh, yeah-eh)

'Cause we are queens and kings, 손을 더 높이
모일수록 아름답게 shining, bling, bling
비가 내려도, strong and beautiful
모두 다른 색깔로 완성한 rainbow

더 크게 외쳐, we do it better
어둠을 헤쳐 빛을 따라가 (Nah)
새로운 color 이름은 ""together""
 (
Hmm
)
It's now or never, we got forever (*Yeah*)

'Cause we are queens and kings, 손을 더 높이 (Oh, oh-oh-oh, oh, oh)
모일수록 아름답게 shining, bling, bling (Oh yeah, uh-huh)
비가 내려도 (No, no), strong and beautiful (Ooh, woah)
모두 다른 색깔로 완성한 rainbow

La-di-da-doo-ba-ba-di-da (Oh, yeah)
La-di-da-doo-ba-ba-di-da (Oh, yeah)
다시 한번 시작해볼까
That's our queendom, yeah (Oh, oh)
La-di-da-doo-ba-ba-di-da (Uh-uh, yeah)
La-di-da-doo-ba-ba-di-da (Oh, woah)
너와 손을 맞잡은 순간
That's our queendom, yeah",Very Positive,0.7372
SM Entertainment,Red Velvet,Ice Cream Cake,Unknown,33939,"La-la-la-la-la, la-la-la-la
La-la-la-la-la, la-la-la-la

Oh, 햇살 눈부신 한가론 휴일
예쁜 새하얀 원피스를 입고, oh, oh
난 집을 나섰지, 콧노래 나오지
La-la-la-la-la, la-la-la-la

넌 나를 바라봐, 넋을 놓고 또 봐
네 맘을 사로잡아 버린 그 순간, oh
떨리는 목소리, 네 맘엔 북소리
또 반짝이는 종소리가 울리지

La-la-la-la-la, la-la-la-la
La-la-la-la-la, la-la-la-la (Three, two, one)
La-la-la-la-la

주세요 달콤한 그 맛, ice cream cake
특별해질 오늘에 어울리는 맛으로
입가에 묻은 ice cream에
네 가슴 두근거려, 내게 다가오겠죠?
It's so tasty
Come and chase me
못 참겠어
I scream, you scream, gimme that, gimme that ice cream

Oh, vanilla, chocolate, honey, with a cherry on top
매일 다양하게 보여줄게 너에게만
무지갤 그려대는 저 분수대 보다 난
사랑을 그려내는 네게 좀 더 끌릴 거야

넌 나를 데리고 떠나, 어서 떠나
조그만 스쿠터에 태워봐, oh, 날
Uh, 네 허릴 감싸는 내 손에 오늘이
다 가도 맘이 두근두근 거리지

La-la-la-la-la, la-la-la-la (Three, two, one)
La-la-la-la-la

주세요 달콤한 그 맛, ice cream cake
특별해질 오늘에 어울리는 맛으로
입가에 묻은 ice cream에
네 가슴 두근거려, 내게 다가오겠죠?
It's so tasty
Come and chase me
못 참겠어
I scream, you scream, gimme that, gimme that ice cream

I scream, you scream, gimme that, gimme that ice cream
I scream, you scream, gimme that, gimme that (Ice cream)

Pops, 내 입안에 녹아 내리는 중
잔뜩 넣어 내 입안이 녹아 내리는 줄
Baby boy, 다른 남자들은 아무것도 몰라
You-you-you-you're so fine 해서 안 튀는 옷만 골라
Never get me wrong, my boo, I have no 관심 in that bag
지루한 월화부터 수목까지, man, I wanna pass
날 보는 네 시선에 see some good vibe
기분 좋은 느낌이야, 너와 눈이 마주치는 순간

Gimme that, gimme that, gimme that
Gimme that, gimme that, gimme that ice cream

어서요 부드런 그 맛, ice cream cake
오직 널 기다리며 촛불을 켜둘게요
따스한 맘에 ice cream cake
녹아버리기 전에 내게 입맞춰줘요
It's so tasty
Come and chase me
네 입술이
달콤하게 녹아요, 나는 눈을 감아요
달콤한 그 맛, ice cream cake
특별해질 오늘에 어울리는 맛으로
입가에 묻은 ice cream에
네 가슴 두근거려, 내게 다가오겠죠?
It's so tasty
Come and chase me
못 참겠어
I scream, you scream, gimme that, gimme that ice cream

I scream, you scream, gimme that, gimme that ice cream
I scream, you scream, gimme that, gimme that, your lips",Very Positive,0.6842
SM Entertainment,Red Velvet,#Cookie Jar,Unknown,33706,"最近いらいら 問題山積み
かなり疲れ気味
絶対無理無理 結構ぎりぎり
そんな事ばかり

(Give me) 誰か足りない
甘いのが欲しい
(Give me) 君の心
今すぐに欲しい

Ta-ta-ta-ta-take it, お望み通り
どれでも全部, ooh-ooh-ooh
Ty-ty-type it, 扉を search it
夢のような trip
#Cookie Jar

(Oh-oh-oh) Put your hand in the cookie jar
(Oh-oh-oh) 何処でも行けるわ
ドキドキが加速してくの
#Cookie Jar
(Oh-oh-oh) Put your hand in the cookie jar
(Oh-oh-oh) 溶けちゃいそうな チョコバー
キラキラな世界に飛べそう
#Cookie Jar

大胆不敵に ワガママ放題
可愛いは正義 (Yeah)
マシュマロみたいに 気分はふわふわ
隣には王子 (Ooh-ooh-ooh, ooh)

(Give me) 誰かそんな
甘い恋がしたい
(Give me) 君と探そう
秘薬のレシピ

Ta-ta-ta-ta-take it, お望み通り
どれでも全部 ooh, ooh, ooh
Ty-ty-type it, 扉を search it
夢のような
#Cookie Jar

(Oh-oh-oh) Put your hand in the cookie jar
(Oh-oh-oh) 魔法をかけるわ
トキメキが弾けちゃうでしょう
#Cookie Jar
(Oh-oh-oh) Put your hand in the cookie jar
(Oh-oh-oh) 甘酸っぱい candy pop
カラフルに世界を染めよう
#Cookie Jar

一口頬張れば
止まらない, ooh-ooh-ooh
心が欲しがるわ
止まらない, ooh-ooh-ooh
(Sugar rush) 目が回る
(Sugar rush) Feel so good
*君と二人だけの秘密だから
Hush, hush, hush*
#Cookie Jar

(Oh-oh-oh) Put your hand in the cookie jar
(Oh-oh-oh) 何処でも行けるわ
トキメキが弾けちゃうでしょう
(Cookie Jar)
(Oh-oh-oh) *Put your* hand in the cookie jar
(Oh-oh-oh) *溶けちゃいそうな チョコバー*
**キラキラな世界に飛べそう** (Ooh)
(#Cookie Jar)
(Oh-oh-oh) Put your hand in the cookie jar (**Put your hand in the jar**)
(Oh-oh-oh) 魔法をかけるわ (**かけるわ**)
トキメキが弾けちゃうでしょう
(#Cookie Jar)
(Oh-oh-oh) **Put your hand in the cookie jar** (*チョコチップ バニラ ミントに*)
(Oh-oh-oh) **甘酸っぱい candy pop** (*진짜 よりどりみどり*)
カラフルに世界を染めよう (世界を染めよう)

#Cookie Jar",Very Positive,0.4523
SM Entertainment,Red Velvet,Power Up,Unknown,33560,"Ba-banana, ba-ba, banana-nana
Ba-banana, ba-ba, banana-nana
Ba-banana, ba-ba, banana-nana
Ba-banana, ba-ba, banana-nana

Oh, 아무것도 안 했는데, 왜
시간은 벌써 삼시?
Ice americano 마셔도, 왜
더 후끈후끈하니? (Hey)
태양은 우릴 놀리고
아스팔트 온도 오십도 (*Wow*)
원해요 에너지
차갑거나 아예 뜨겁게

Summer magic, 반짝인 그 ocean 위로
난 벌써 날아 (Ah, ah)

Go, go, airplane, 번개처럼 날아라
Kauai 파도 속 나를 던져 버리게
Yeah, yeah, yeah, yeah, yeah, yeah
(Let's power up, yeah) 까맣게 다 타버릴 거예요

Ba-banana, ba-ba, banana-nana
Ba-banana, ba-ba, banana-nana
Ba-banana, ba-ba, banana-nana, ba
(Let's power up, yeah) 놀 때 제일 신나니까요

Oh, 좋아하는 걸 원해봐요
(I want it, I want it, want it, want it, yeah)
매일 그대 열정은 타오르죠
(I'll take it, I'll take it, take it, take it, yeah)
그런 게 우리의 천재적인 파워야
즉흥적 본능적 맞아 그게 필요해
떠나요, 오늘 밤 짜릿함을 찾으러 (Ah)
Level up (Ah)

엔진 소리, 들뜬 맘의 background music
봐, 벌써 날아 (Ah, ah)

Go, go, airplane, 태양 위로 날아라
Diving to the sky, 완전 소름 돋았어
Yeah, yeah, yeah, yeah, yeah, yeah
(Let's power up, yeah) 까맣게 다 타버릴 거예요
Go, go, airplane, 번개처럼 날아라
Kauai 파도 속 나를 던져 버리게
Yeah, yeah, yeah, yeah, yeah, yeah
(Let's power up, yeah) 까맣게 다 타버릴 거예요

Ba-banana, ba-ba, banana-nana
Ba-banana, ba-ba, banana-nana
Ba-banana, ba-ba, banana-nana
Ba-banana, ba-ba, banana-nana, ba
(Let's power up, yeah) 놀 때 제일 신나니까요 (Yeah, yeah, yeah, yeah, yeah)

선생님은 내게 말씀하셨죠 (Huh, uh)
놀 때도 일할 때도 즐겁게 해 (Right)
그래, 난 유달리 반짝거렸죠 (Huh)
뜨거움도, 새로움도, it's mine

Go, go, airplane, 번개처럼 날아라
Kauai 파도 속 나를 던져 버리게
Yeah, yeah, yeah, yeah, yeah, yeah
(Let's power up, yeah) 까맣게 다 타버릴 거예요 (Yeah, yeah, yeah, yeah, yeah)
Go, go, airplane, 태양 위로 날아라 (Yeah)
Diving to the sky, 완전 소름 돋았어 (Yeah, yeah, yeah, yeah)
Yeah, yeah, yeah, yeah, yeah, yeah
(Let's power up, yeah) 까맣게 다 타버릴 거예요

Ba-banana, ba-ba, banana-nana
Ba-banana, ba-ba, banana-nana
Ba-banana, ba-ba, banana-nana, ba
(Let's power up, yeah) 놀 때 제일 신나니까요",Very Positive,0.5977
SM Entertainment,aespa,Life’s Too Short (English Version),Unknown,241574,"All of this discussion, talkin' about nothing
You would ever say to my face
You think your words are Gospel, but they're only trouble
I ain't got the time to waste

You need to get a life 'cause life's too short
You must be bored out your mind
You should really take that nonsense somewhere else
'Cause you've got to realize

I'm doin' me regardless
And I don't care what you say about it
And it don't matter if you like it or not
I'm having all this fun, so why would I ever stop?
Doin' me regardless (Ooh-ooh-ooh)
No, I don't care what you say about it (Ooh-ooh-ooh)
And I'ma do it any way that I want
I'm having all this fun, so why would I еver stop?

Some peoplе are so mean, all behind a phone screen
When we're tryna live our lives
Why you gotta be so vicious? Be about your business
'Stead of getting up in mine

You need to get a life 'cause life's too short
You must be bored out your mind
You should really take that nonsense somewhere else
'Cause you've got to realize (You've got to realize)

I'm doin' me regardless
And I don't care what you say about it
And it don't matter if you like it or not
I'm having all this fun, so why would I ever stop?
Doin' me regardless (Ooh-ooh-ooh)
No, I don't care what you say about it (Ooh-ooh-ooh)
And I'ma do it any way that I want
I'm having all this fun, so why would I ever stop?

I'm doin' me regardless (Ooh-ooh-ooh, ooh-ooh-ooh)
Doin' me regardless (Ooh-ooh-ooh, ooh-ooh-ooh)
Why would I ever stop?

Oh, well, it won't turn your glitter into gold
So why are you wasting your time?
Mm, you should find some better seeds to sow (Seeds to sow)
They might grow one day, but either way

I'm doin' me regardless
And I don't care what you say about it
And it don't matter if you like it or not
I'm having all this fun, so why would I ever stop?
Doin' me regardless (I don't care; ooh-ooh-ooh)
No, I don't care what you say about it (What you say about it, babe; ooh-ooh-ooh)
And I'ma do it any way that I want
I'm having all this fun, so why would I ever stop?

Doin' me regardless (Ooh-ooh-ooh, ooh-ooh-ooh)
Yeah-yeah, yeah, yeah, yeah, yeah, yeah (Life's too short)
Doin' me regardless (Ooh-ooh-ooh, ooh-ooh-ooh)
Regardless, baby, baby, baby (Life's too short)
Why would I ever stop?

Doin' me regardless (Ooh-ooh-ooh, ooh-ooh-ooh)
Doin' me regardless (Ooh-ooh-ooh, ooh-ooh-ooh)",Very Negative,0.6919
SM Entertainment,aespa,LEMONADE,Unknown,220768,"Woo

I go in all the way
Don't step on the brakes
I take my drama straight
I'll make it lemonade
겁 없이 walk my way
던져 on my stage
I take my karma straight
I'll make it lemonade

Wait, hold up, nо

I can't control my mind
손끝에 crushin', 고민은 juicy
다 삼켜버린 다음
Apologies in advance if I show up and I get
Way too loud, 깨어나
Me, myself, and I, that's all mine
With a blessing, 치워버려 all doubts
You probably shouldn't talk right now
Like zip, I don't care
I can take whatever, put it all over my body, 그게 fashion
(Woo, uh-huh)
서로 다른 세계들에 다가서면 일어나는 action
Dirty dancin'
I'ma go hot, don't know what happened
'Cause my day to day's in a different lane
At a speed that you're never catching, yeah

I go in all the way
Don't step on the brakes
I take my drama straight
I'll make it lemonade
겁 없이 walk my way
던져 on my stage
I take my karma straight
I'll make it lemonade

No way, no way
I ain't got no ETA
T-A, T-A (Woo)
I'll make it lemonade
No way, no way (Yeah, yeah)
I ain't got no ETA
T-A, T-A (Yeah, yeah)
I'll make it lemonade

Wait, oh, my God, stop

얽혀버린 문젤 다 mixing
Like a hurricane, 휘저어 pieces
All the lemons, 난 갈아 마셔 다
I don't care if you say I'm freaky
무표정으로 난 savour
Muchas gracias, mi amor
전부 삼켜내 like a piece of cake
Make me, what you still waiting for? Yeah

I go in all the way
Don't step on the brakes
I take my drama straight
I'll make it lemonade
겁 없이 walk my way
던져 on my stage
I take my karma straight
I'll make it lemonade

No way, no way
I ain't got no ETA (Yeah, yeah)
T-A, T-A (Yeah; Woo)
I'll make it lemonade (I'll make it lemonade; Yeah)
No way, no way (Yeah, yeah)
I ain't got no ETA (ETA)
T-A, T-A (Yeah, yeah)
I'll make it lemonade

Ain't no emergency contact (Oh)
모든 건 날 위한 party (Oh)
Bring me that new flavor, you know
더 큰 세상으로 welcome back to my world

I'ma stand all on my own
어디라도 now I can go
새롭게 open the door
I need more (More lemonade)

I go in all the way (Yeah; The way)
Don't step on the brakes (The brakes)
I take my drama straight (Yeah)
I'll make it lemonade (I'll make it lemonade)
겁 없이 walk my way
던져 on my stage
I take my karma straight
I'll make it lemonade

No way, no way (No way)
I ain't got no ETA (ETA)
T-A, T-A (Okay; Woo)
I'll make it lemonade (I'll make it lemonade)
No way, no way (Yeah, yeah)
I ain't got no ETA (No ETA)
T-A, T-A (Yeah, yeah)
I'll make it lemonade

Wait, hold up, stop",Very Positive,0.7272
SM Entertainment,aespa,Supernova,Unknown,202888,"I'm like some kind of supernova
Watch out

Look at me go
재미 좀 볼
빛의 core
So ho-o-ot, ho-o-o-ot
문이 열려
서로의 존재를 느껴
마치 discord
날 닮은 너 너 누구야 (Incoming; Drop)

사건은 다가와, ah, oh, ayy
거세게 커져가, ah, oh, ayy
That tick, that tick, tick bomb
That tick, that tick, tick bomb
감히 건드리지 못할 걸
누구도 말이야
지금 내 안에선
Su-su-su-supernova

Nova
Can't stop hyperstellar
원초 그걸 찾아
Bring the light of a dying star
불러낸 내 우주를 봐 봐
Supernova

Ah, body bang (Bang, bang, bang, bang, bang, bang)
Make it feel too right

휩쓸린 에너지, it's so special
잔인한 queen 이며 scene 이자 종결
이토록 거대한 내 안의 explosion
내 모든 세포 별로부터 만들어져 (Under my control, ah)

질문은 계속돼, ah, oh, ayy
우린 어디서 왔나, oh, ayy
느껴 내 안에선 (Huh)
Su-su-su-supernova

Nova
Can't stop hyperstellar
원초 그걸 찾아
Bring the light of a dying star
불러낸 내 우주를 봐 봐
Supernova

보이지 않는 힘으로
네게 손 내밀어 볼까
가능한 모든 가능성
무한 속의 너를 만나
It's about to bang, bang
Don't forget my name

Su-su-su-supernova
사건은 다가와, ah, oh, ayy
거세게 커져가, ah, oh, ayy
질문은 계속돼, ah, oh, ayy
우린 어디서 왔나, oh, ayy
사건은 다가와, ah, oh, ayy
거세게 커져가, ah, oh, ayy
Tell me, tell me, tell me, oh, ayy
우린 어디서 왔나, oh, ayy
우린 어디서 왔나, oh, ayy
[Chorus: All, 
Giselle
, 
Winter
, 
Ningning
, *Karina*]
Nova (Nova)
Can't stop hyperstellar (Hyperstellar)
원초 그걸 찾아
Bring the light of a dying star (Light of a dying star)
불러낸 내 우주를 봐 봐 (All the way)
Supernova (*Hey-huh*)
[Refrain: All, 
Karina
, 
Giselle
, 
Ningning
]
사건은 다가와 ah, oh, ayy (Nu star)
거세게 커져가 ah, oh, ayy
질문은 계속돼 ah, oh, ayy (Nova)
우린 어디서 왔나 oh, ayy
사건은 다가와 ah, oh, ayy (Yeah-yeah-yeah-yeah-nova)
거세게 커져가 ah, oh, ayy (Nova)
질문은 계속돼 ah, oh, ayy (Bring thе light of a dying star)

Supernova",Very Positive,0.4027
SM Entertainment,aespa,Dirty Work,Unknown,188737,"World domination, I don't gotta say it
전엔 없던 돌연변이 같아
저주야 난 다수로 볼 땐
Set 'em on fire, 스스로 밝혀
And I don't really care if you like me, like me
I don't really wanna play nicely, nicely
오답을 고른 게 정답인 선택
Open your eyes, come and bite me

Sharp teeth, bite first
Real bad business, that's dirty work (Yeah)
Real bad business, that's dirty work
Real bad business, that's dirty work
Bold eyes, cold stare
Real bad business, that's dirty work
Real bad business, that's dirty work (Yeah)
Real bad business, that's dirty work

Work, work, work, work (Yeah)
Work, work, work
Real bad business, that's dirty work
Real bad business, that's dirty work

I'm not an it girl, more like a hit girl
Mafia ties going back to the old world
Fear in their eyes, I'm always watching
Call me the reaper, I'm knock, knock, knocking
It's me, it's me, a little baddie
Just 'cause I'm pretty doesn't mean I don't do hard things
Hard things, make me feel like a thunder
Let me think, 뭐를 하든 I will like it, like it

Sharp eyes, fierce look
Real bad business, that's dirty work (Yeah)
Real bad business, that's dirty work (Yeah)
Real bad business, that's dirty work (Work)
Hold tight, get tough
Real bad business, that's dirty work
Real bad business, that's dirty work (Yeah)
Real bad business, that's dirty work (Na)

We don't see you as a threat
얄팍한 rule, 따윈 한 겹의 glass
내 맘대로 해, 깨트려 내
쉽게 난 두 발로 그 위를 pass, yeah
Kick up the dust, let 'em talk about it
Crawl out the mud, let 'em know about it
번뇌를 깨우는 음률 속에
두 눈을 봐, well, you already found it

Drop it low, low, low, low, low, low
Work it out, work it out
Drop it low, low, low, low, low, low
Work it out, work it out
Drop it low, low, low, low, low, low
Work it out, work it out
Drop it low, low, low, low, low, low
Work it out, work it out (Work it)

Sharp teeth, bite first
Real bad business, that's dirty work
Real bad business, that's dirty work (Yeah)
Real bad business, that's dirty work (Yeah)
Bold eyes, cold stare
Real bad business, that's dirty work
Real bad business, that's dirty work (Yeah)
Real bad business, that's dirty work (Yeah)

(Work it out, work it out) Work (Work), work (Work), work (Work), work (Work; Yeah)
(Work, work, work it out) Work (Work), work, work
(Work it out, work it out) Real bad business, that's dirty work
(Work, work, work it out) Real bad business, that's dirty work
(Work it out, work it out) Work, work (Work), work (Work), work (Work, work; Yeah)
(Work, work, work it out) Work, work, work (Yeah)
(Work, work, work it out) Real bad business, that's dirty work
(Work, work, work it out) Real bad business, that's dirty work

Mm",Very Negative,0.773
SM Entertainment,aespa,Better Things,Unknown,164572,"Oh, oh-oh, got better things to do with my time
Better things to do with my time, do with my time than you
Oh-oh, I got better things to do with my time
Better things to do with my time, do with my time

I wasn't ever sure that I loved you
But I was always sure you would let me down
Wasn't ever sure if I trust you
But I'm so goddamn sure my energy is just too precious to waste
So now you, now you wanna

Know me, wanna know me
Wanna know all about me, wanna know about me
But he can't have me 'cause I left him alone
You know you wanna know me, wanna know me
Wanna know all about me, wanna know about me
But he can't have me 'cause I'm gone, no-no, know

That I, I-I got better things to do with my time
Better things to do with my time, do with my time than you
Oh-oh, I got better things to do with my time
Better things to do with my time, do with my time than you (Break it down)
Oh-oh, I, better things to do with my time
Better things to do with my time, do with my time than you (Yes)

Wasn't ever sure if I loved you
But I was always sure you woulda loved me back
You had me right, right, right at my weakest, yeah
Now you're hurtin', I can see you're mad
'Cause you never gonna get that back, now I know you wanna

Know me, wanna know me
Wanna know all about me, wanna know about me
But he can't have me 'cause I left him alone (I left him alone)
I know you wanna know me, wanna know me
Wanna know all about me, wanna know about me
But he can't have me 'cause I'm gone, no-no, know

That I, I got better things to do with my time
Better things to do with my time, do with my time than you
Oh-oh, I got better things to do with my time
Better things to do with my time, do with my time (Break it down)

I'm sorry that it hurts you
No, I'm sorry I ain't sorry
​aespa, big girls makin' money
​aespa, you're our number one fan now
You can only see me at our sold-out shows (Sold-out show)
Will I ever go back? (No)
Will I ever trip up? (No)
Will I ever pull up on him? (No)
Watch and see, 'bout to throw another rhythm on him (Oh, that I)

I, I-I got better things to do with my time
Better things to do with my time, do with my time than you (Yes)
Oh-oh, I got better things to do with my time
Better things to do with my time, do with my time (Break it down)

(Hey) I got better
(Hey) Things to do
With my time
(Hey) I got better
(Hey) Things to do
With my time

I'm sorry that it hurts you
No, I'm sorry I ain't sorry
​aespa, big girls makin' money
​aespa, you're our number one fan now
You can only see me at our sold-out shows (Sold-out show)
Will I ever go back? (No)
Will I ever trip up? (No)
Will I ever pull up on him? (No)
Watch and see, 'bout to throw another rhythm on him",Very Positive,0.8251
SM Entertainment,aespa,Hold On Tight,Unknown,158882,"Baby, you and me are a twisted fantasy
Buckle up and take a seat, hold on tight (Tight)

Situation critical, it's heavy
A million blocks of obstacles, you help me (Help me)
See a different POV
 (
Givin' back all my
)
Faith in a catastrophe (It's alright)

Keep on movin' (Movin', movin')
Beat the system, autopilot cruisin' (Cruisin')
Tunnel vision victory, no losin' (Losin', losin')
Heaven knows it's one hell of a rideBetter hold on tight, better hold on tight
For your life

Baby, you and me are a twisted fantasy
Bodies running on a dream, up all night (All night)
Wired differently, a chaotic energy
Buckle up and take a seat, hold on tight (On tight)

Wе were built to be two еnemies (Enemies)
I know, I know
But somehow I know we're meant to be (Be)
I know, I know
This world's a battlefield, I will be your shield
We got something real, worth disrupting the peace
We'll disrupt the peace (Ah)

Yeah, keep on movin' (Movin', movin')
Beat the system, autopilot cruisin' (Cruisin')
Tunnel vision victory, no losin' (Losin', losin')
Heaven knows it's one hell of a rideBetter hold on tight, better hold on tight
For your life

Baby, you and me are a twisted fantasy
Bodies running on a dream, up all night (All night)
Wired differently, a chaotic energy
Buckle up and take a seat, hold on tight (For your life)
Baby, you and me are a twisted fantasy
Bodies running on a dream, up all night (All night)
Wired differently, a chaotic energy
Buckle up and take a seat, hold on tight (On tight)

La, la-la-la, la-la-la, la-la-la
La-la-la, la-la-la, hold on tight
La, la-la-la, la-la-la, la-la-la
La-la-la, la-la-la, hold on tight",Very Positive,0.5831
SM Entertainment,aespa,Drama,Unknown,145515,"Yeah, yeah
I'm the drama

Ziggy, ziggy zag, I'm new
'Cause I go biggie, biggie bad, it's true
날카로운 눈 안에 비친 toxic
내 본능을 당겨, zoom
Hold up, what? (Oh my god)
You say, what? (다쳐 넌)
You better watch out, 우린 이미 거센 boom
달려가고 있어, vroom
I li-li like me when I roll
Li-li-like me when I'm savage
Li-li-like me when I go
Li-li-like it when I baddest
Hold up, 빛을 따라서
달아 다 다 달려나가, run
Go finally, ra-ta-ta-ta
다음 세계를 열어 난

One, two, it's time to go
후회 없어 난
맞서 난 깨버렸지
날 따라서 움직일 rules
손끝으로
세상을 두드려 움직여
Yeah, I'm coming
I bring, I bring all the

Drama-ma-ma-ma
I bring drama-ma-ma-ma
With my girls in the back
Girls in the back (Drama)
Trauma-ma-ma-ma
I break trauma-ma-ma-ma
With my world in the back
나로 시작되는 drama (All that)

Drama-ma-ma-ma (Bring that)
Drama-ma-ma-ma
With my girls in the back
Girls in the back, yeah (I break)
Trauma-ma-ma-ma (We them)
Trauma-ma-ma-ma
With my world in the back
나로 시작되는 drama

Drama-ma-ma-ma
Drama-ma-ma-ma
Three, two, one (Drama-ma-ma)
You know I've been kinda like

Onе, two, three (Yeah, yeah)
깜짝 놀랄 다음 scenе (What? What?)
키를 거머쥔 (Uh)
주인공은 나-ah-ah-ah (Yeah)
Four, three, two (Yeah)
Going down, 쉽게 through (Uh)
Déjà vu 같이 (No)
그려지는 이미지
날 굳이 막지 말아
이건 내 drama
도발은 굳이 안 막아
Uh, I'm a stunner

One, two, it's time to go
타오르는 날 (타는 날)
느껴 난 and I love it
새로워지는 rules
난 눈을 떠 (두 눈을 떠)
시작된 걸 (넌) 알아 (Now)
It's coming
I bring, I bring all the

Drama-ma-ma-ma
I bring drama-ma-ma-ma
With my girls in the back
Girls in the back (Drama)
Trauma-ma-ma-ma
I break trauma-ma-ma-ma
With my world in the back
나로 시작되는 drama

Into the real world
다가온 climax (Woah)
두려워하지 마 (Oh)
You and I (Oh, yeah)
함께 써 내려가는 story (Story, yeah)
날 가로막았던, no (Oh)
한계를 뛰어 넘어, every day
Oh, I'ma make it my way
Out of the way, yeah (Oh, yeah)
I bring, I bring all the

Drama-ma-ma-ma
I bring drama-ma-ma-ma (Oh)
With my girls in the back
Girls in the back (Drama)
Trauma-ma-ma-ma (Trauma-ma-ma)
I break trauma-ma-ma-ma (Trauma-ma-ma)
With my world in the back (With my world, yeah)
나와 함께하는 drama (All that)

You know I'm savage
거침없는 baddest
나를 둘러싼 thrill
거친 여정 속의
Drama (Drama-ma-ma)
내가 깨트릴 모든 trauma (Drama-ma-ma)
지금 시작되는 drama

Yeah, yeah
너로 시작될 my drama",Very Positive,0.8183
SM Entertainment,aespa,Armageddon,Unknown,136831,"Armageddon
Shoot
I'ma get 'em
Shoot

Watch, uh (Hey), I'ma bite back, uh
짙은 어둠이 막아설 땐, uh
한 걸음 앞으로 날아든, it's bad
사라진 feedback, 시작된 code black, huh
깊어가, 혼란스러운 밤
악몽은 또 짙게 번져가
뭔갈 숨기려고 해, I got it, I got it
혼돈을 타고 덮쳐, killing like—

Bang, chitty, bang, bang, chitty, bang, bang
'Cause I wanna see, I wanna see truly
Bang, chitty, bang, bang, chitty, bang, bang
내게 다가와, 다가와

I'ma get it done (Oh-ayy-oh-ayy-oh)
널 향해 겨눠, get it, gone (Oh-ayy-oh-ayy-oh)
이젠 널 끝내, better run
끝을 모르는 너와 나, you gonna, gonna (Uh)
깨트려 거침없이 done (Go way up, way up)
Full shot, pull it up, Armageddon

I'ma get 'em
Shoot
I'ma get 'em
(Pew, pew, pew)

Hey, ya (Yeah)
또 다른 나 (Ah, ah)
우릴 막지 마 (Oh)
We never play nice (Shoot)
Uh, 완벽한 pair, 넌 똑같은 soul
Three to get ready, 우린 shoot and go
겁 없이 누벼
날 이끄는 way, yeah, yeah

Bang, chitty, bang, bang, chitty, bang, bang
Yes, I'm gonna see, I'm gonna see, want it
Bang, chitty, bang, bang, chitty, bang, bang
답이 들려와, 들려와

I'ma get it done (Oh-ayy-oh-ayy-oh)
널 향해 겨눠, get it, gone (Oh-ayy-oh-ayy-oh)
이젠 널 끝내, better run
끝을 모르는 너와 나, you gonna, gonna (Uh)
깨트려 거침없이 done (Go way up, way up)
Full shot, pull it up, Armageddon

I'ma get 'em

또
어둠을 몰아내고
시작을 꽃피운 너와 나의 story
더 완벽해진 우리 (Armageddon)
정의해 이젠
나만의 ""complete""
내 모든 걸 이끌어, do it all myself
완전한 나를 이뤄내, ooh (Drop)

Throw it back, throw it back, throw it back
Born like a queen, born like a king, yeah (Ah-ah)
Throw it back, throw it back, throw it back (Uh-huh)
불러

I'ma get 'em done (Done, yeah) (Oh-ayy-oh-ayy-oh; Uh)
널 향해 겨눠, get it, gone (겨눠, get it, gone) (Oh-ayy-oh-ayy-oh)
이젠 널 끝내, better run (Better run)
끝을 모르는 너와 나, you gonna, gonna (Yeah)
깨트려 거침없이 done (깨트려 거침없이 done; Go way up, way up)
Full shot, pull it up, Armageddon (Pull it up, Armageddon)

Armageddon (Wah)
Oh-ayy-oh-ayy-oh-ayy-oh, warning all night long
Armageddon (Wah, wah)
Oh-ayy-oh-ayy-oh
끝과 시작의 Armageddon",Very Positive,0.5978
SM Entertainment,aespa,Whiplash,Unknown,132609,"Yeah

One look, give 'em whiplash
Beat drop with a big flash
집중해, 좀 더 think fast
이유 넌 이해 못 해, uh
왜 이제야, know I did that, uh
Day one, know I been bad, uh
Don't stop, 흔들린 채
무리해도 can't touch that (Can't touch that)

Under pressure, body sweating, can you focus? (Yeah)
어디서나 거침없어, I'm the coldest
오직 나만이 이 판을 바꿀 changer
Just close your eyes, breathe in and visualize

One look, give 'em whiplash
Beat drop with a big flash
집중해, 좀 더 think fast
이유 넌 이해 못 해, uh
왜 이제야, know I did that (Yeah)
Day one, know I been bad
Don't stop, 흔들린 채 (Yeah)
무리해도 can't touch that (Can't touch that)

Whip-whiplash
Whip-whiplash
Whip-whiplash
Whip-whiplash
Whip-whiplash
Whip-whiplash
Whip-whiplash
One look, give 'em whiplash

Fancy
이건 참 화려해 it's glowing and it's flashy (Yeah)
알아 적당함이 뭔지 keep it classy
따라 하지 넌 또 하나부터 열까지 (Yeah)
아닌척하지, yeah

Under pressure, body sweating, can you focus? (Hoo)
I deliver, I can promise, I'm the coldest (Cold)
외면해도 소용없지, don't you blow it
Just close your eyes, breathe in and visualize

시작되는 순간 끝나버린 판단
기횐 오직 one time, unforgettable
찾아낸 the right light, 사라지지 않아
눈에 새긴 one time, unforgettable

One look, give 'em whiplash (Shee)
Beat drop with a big flash
집중해, 좀 더 think fast
이유 넌 이해 못 해, mm
왜 이제야, know I did that (Yeah)
Day one, know I been bad, uh
Don't stop, 흔들린 채 (Yeah)
무리해도 can't touch that (Can't touch that)

I'm the highlight, 비춰 red light
Yeah, tonight, it's all 'bout me (All about me)
You know it's my site, 거친 next sigh
만들어갈 history

One look, give 'em whiplash (Uh, whip-whip; shee)
Beat drop with a big flash (Yeah)
따라와 어서 move fast (Move, move, move)
이유 넌 이해 못 해, uh (Yeah)
왜 이제야, know I did that (Yeah; did that)
Day one, know I been bad, uh (Been bad)
Don't stop, 흔들린 채 (Yeah; woo)
다가와도 can't touch that (Can't touch that; can't touch that)

Whip-whiplash
Whip-whiplash
Whip-whiplash
Whip-whiplash
Whip-whiplash
Whip-whiplash
Whip-whiplash

One look, give 'em whiplash",Very Positive,0.5639
SM Entertainment,aespa,Next Level,Unknown,125429,"I'm on the next level, yeah
절대적 룰을 지켜
내 손을 놓지 말아
결속은 나의 무기 (Grrah)
광야로 걸어가알아 네 home ground (Yeah, yeah, yeah)
위협에 맞서서
제껴라 제껴라 제껴라

Ooh-wee, ooh-wee
상상도 못한 black out, 유혹은 깊고 진해 (Too hot, too hot)
Ooh-wee, ooh-wee
맞잡은 손을 놓쳐 난 절대 포기 못해

I'm on the next level
저 너머의 문을 열어
Next level
널 결국엔 내가 부셔 (결국엔 내가 부셔)
Next level
KOSMO에 닿을 때까지
Next level
제껴라 제껴라 제껴라

La-la-la-la-la-la (Ha, ha)
La-la-la-la-la-la
La-la-la-la-la-la
La-la-la-la-la

I see the NU-EVO (Yah)
적대적인 고난과 슬픔은 (은 널)
널 더 popping
진화시켜
That's my ​​nævis, it's my ​​nævis
You lead, we follow (Yeah, yeah, yeah)감정들을 배운 다음
Watch me while I make it out

Watch me while I work it out
Watch me while I make it out
Watch me while I work it out
Work it, work it, work it out

감당할 수 없는 절망도
내 믿음을 깨지 못해 (Watch me while I work it)
더 아픈 시련을 맞아도
난 잡은 손을 놓지 않을게, oh (Watch me while I work it)

Beat drop
​nævis calling

(æ) 절대로 뒤를 돌아보지 말아
(æ) 광야의 것 탐내지 말아
(æ) 약속이 깨지면
모두 걷잡을 수 없게 돼
언제부턴가 불안해져 가는 신호
널 파괴하고 말 거야 (We want it)
Come on, show me the way
To KOSMO, yeah, yeah

Black Mamba가 만들어낸 환각 quest
​aespa, æ를 분리시켜놓길 원해 그래
중심을 잃고 (No) 목소리도 잃고 (No)
비난받고 사람들과 멀어지는 착각 속에
​nævis 우리 æ, æ들을 불러봐
​aespa의 next level, P.O.S를 열어봐 (Oh)
이건 REAL WORLD, 깨어났어
We against the villain, what's the name? (Black Mamba)

Ooh-wee, ooh-wee
결국 난 문을 열어 그 빛은 네겐 fire (Too hot, too hot)
Ooh-wee, ooh-wee
난 궁금해 미치겠어 이다음에 펼칠 story, ha (Like this)

I'm on the next level
저 너머의 문을 열어
Next level
널 결국엔 내가 부셔 (결국엔 내가 부셔)
Next level
KOSMO에 닿을 때까지
Next level
제껴라 제껴라 제껴라
I'm on the next level
더 강해져 자유롭게
Next level
난 광야의 내가 아냐 (광야의 내가 아냐)
Next level
야수 같은 나를 느껴
Next level
제껴라 제껴라 제껴라, ha",Very Positive,0.4877
SM Entertainment,aespa,Savage,Unknown,110383,"Oh my gosh, don't you know I'm a savage?

I'm a killa', 너를 깰 æ
아직도 가리고 환각을 펼친 너
팰라 we holler
두렵지 않아 너, 너 hit you harder
날 밀어 넣어 deep fake on me, 준비가 안된 무대로
몰아넣어 fake on me, got everybody, mock up to me
수치를 느끼게 멘탈을 흔들어놔
싸늘한 관중 무너져 æ, 더는 널 못 참아, say ""No"" (Ooh, yeah, yeah)

두고 봐 난 좀 savage
너의 dirty 한 play, 더는 두고 볼 수 없어
나를 무너뜨리고 싶은
네 환각들이 점점, 너를 구축할 이유가 돼
I'm a savage
널 부셔 깨 줄게, oh
I'm a savage
널 짓밟아 줄게, oh

Get me, get me now, get me, get me now (Zu-zu-zu-zu)
지금 나를 잡아 아님 난 더 savage (Zu-zu-zu-zu)
Get me, get me now, get me, get me now (Zu-zu-zu-zu)
이젠 내가 너를 잡아 now, I'm a savage
Gimme, gimme now, gimme, gimme now (Zu-zu-zu-zu)
너의 말이 보여 네 약점 algorithm (Zu-zu-zu-zu)
김이, 김이 나, 김이, 김이 나 (Zu-zu-zu-zu)
My æ SYNK 방해 말고 꺼져 savage (Zu-zu-zu-zu)

Mm, everybody look at me, 익숙하잖니
양보해 참아야만 돼, 어른스럽게
I'm lockеd up in the glass, 난 놀고 싶은데
너무 끔찍한 기대, 그런 환각 틀에 나를 가둬 놔
I'm going 광야로, game in, 물리쳐 교묘한 이간질
And my æ로부터 멀어지게 만들 회심찬 네 trick
We gonе 광야로, game in, 베어버려 내 빛의 검
데미지를 입은 네게 인정사정 볼 것 없는 펀치 (Ayy, ayy, ayy)

그것 봐 난 좀 savage
너의 재생력을 막아 흐트러놔 빼놔
잊지 말아 여긴 바로 광야
너의 시공간은 내 뜻대로, make it, break it
I'm a savage
널 부셔 깨 줄게, oh
I'm a savage
널 짓밟아 줄게, oh, woah

Get me, get me now, get me, get me now (Zu-zu-zu-zu)
지금 나를 잡아 아님 난 더 savage (Zu-zu-zu-zu)
Get me, get me now, get me, get me now (Zu-zu-zu-zu)
이젠 내가 너를 잡아 now, I'm a savage
Gimme, gimme now, gimme, gimme now (Zu-zu-zu-zu)
너의 말이 보여 네 약점 algorithm (Zu-zu-zu-zu)
김이, 김이 나, 김이, 김이 나 (Zu-zu-zu-zu)
My æ SYNK 방해 말고 꺼져 savage (Zu-zu-zu-zu)

위기에 빠진 날 지켜준 건 너였어
(My nævis, we love you)
My victory, 하나의 SYNK dive
모두 네가 만들어준 기회란 거
I know your sacrifices, oh
(My nævis, we love you)
알아 우린 반드시 네 기억들을 찾아줄게
우린 만나 꼭 부활 그다음

Savage
Savage
Yeah (Ah, ah, ah, ah, ow)

Get me, get me now, get me, get me now (Get me now, get me now; Zu-zu-zu-zu)
지금 나를 잡아 아님 난 더 savage (Get me now, get me now, oh; Zu-zu-zu-zu)
Get me, get me now, get me, get me now (Get me now, get me now; Zu-zu-zu-zu)
이젠 내가 너를 잡아 now, I'm a savage (Get me now, get me now)
Gimme, gimme now, gimme, gimme now (Yeah, yeah, yeah, yeah; Gimme, gimme now; Zu-zu-zu-zu)
너의 말이 보여 네 약점 algorithm (Gimme now, woah; Zu-zu-zu-zu)
김이, 김이 나, 김이, 김이 나 (Gimme, gimme now; Zu-zu-zu-zu)
My æ SYNK 방해 말고 꺼져 savage (Zu-zu-zu-zu)

Ha-ha, what?",Very Negative,0.8866
SM Entertainment,aespa,Rich Man,Unknown,104141,"My mom said to me
""Find someone who can give you everything""
And I said, ""Mom, I already have everything""
I am a rich man, I am a rich man (
I am a rich man
)

(I'ma carry myself) I am a rich man
(I'ma carry myself) I am a rich man
I'm my own biggest fan, and I'm high in demand
I am a rich man

Don't care about what they say
날 밀어 넣고 멋대로 굴 때
내 것을 탐내 see? My name is
Where my name is? (I am a rich man)
That's me, 나는 reckless (Yeah)
굳은 mental 그것쯤 웃네 (What?)
내가 날 이끌어 가, 보여 다음 sign
별거 아냐, exit is my next step

딴 생각 말고 self-belief
'Cause 그게 훨씬 재미있지
Ooh-woah, oh
I am a rich man
So I am standin' where you're lookin'
맞춘 듯한 my perfect fit
Baby (Hey, hey)
I am a rich man

(I'ma carry myself) I am a rich man
(I'ma carry myself) I am a rich man
I'm that one, 난 나로 가득해 by mysеlf
I am a rich man
(I'ma carry myself) I am a rich man (Hey, hey, hеy, hey)
(I'ma carry myself) I am a rich man (Hey, hey, hey, hey)
I'm my own biggest fan and I'm high in demand (Hey, hey, hey, hey)
(Hey, hey) I am a rich man (Rich man)

(La-la, la-la, la, ah-ah)
I am what I am
(La-la, la-la, la, ah-ah)
I am a rich man
(La-la, la-la, la, ah-ah)
I am what I am
(La-la, la-la, la, ah-ah)
I am a rich man

Don't care about what they say
날 밀어내고 함부로 굴 때
오히려, okay, see? My name is
What my name is (I am a rich man)
Don't need the money, yeah, I see it
In my closet, my ideas
내 말버릇, 내 걸음, 내 이름
You know when I'm serving them looks, I'ma feed 'em

딴 생각 말고 self-belief
'Cause 그게 좀 더 재밌잖아
Ooh-woah, oh
I am a rich man
So I am standin' where you're lookin'
맞춘 듯한 my perfect fit
Baby
I am a rich man

(I'ma carry myself) I am a rich man
(I'ma carry myself) I am a rich man
I'm that one, 난 나로 가득해 by myself
I am a rich man
(I'ma carry myself) I am a rich man
(I'ma carry myself) I am a rich man
I'm my own biggest fan and I'm high in demand
(Say, ooh) I am a rich man

Twenty four, 모두가 same shade
You already know what the tag say
Make it better on my own, my tag
I won't double back, 흉내 안 내
If you blame it, cameo
I carry the load, run the show
I'm like a diamond ring, already got my thing
Cannot put a price on it, this is the real deal, yeah

I am a rich man

(I'ma carry myself) I am a rich man
(I'ma carry myself) I am a rich man
I'm that one, 난 나로 가득해 by myself
(Say, what?) I am a rich man (Hoo)
(I'ma carry myself) I am a rich man (Hey, hey, hey, hey)
(I'ma carry myself) I am a rich man (Hey, hey, hey, hey)
I'm my own biggest fan and I'm high in demand (Hey, hey, hey, hey)
(Woo) I am a rich man (Rich man)

(La-la, la-la, la, ah-ah; Hey, hey)
I am what I am
(La-la, la-la, la, ah-ah) So good, so good, so good
I am a rich man
(La-la, la-la, la, ah-ah; Hey, hey)
I am what I am
(La-la, la-la, la, ah-ah)
I am a rich man",Very Positive,0.8784
SM Entertainment,aespa,Black Mamba,Unknown,101725,"Hey
Hey

I'm addicted, 끊임없이
말을 걸어주는 나의 aespa (Oh)
이런 교감 너의 존잰 날
다른 차원으로 이끌었지 (Oh)
난 세상 중심에
You're in the FLAT
내 모든 action
어린 너의 힘을 키워

넌 언젠가부터 SYNK out
노이즈같이 보여
더 이상 못 찾겠어
널 유혹해 삼킨 건 black mamba

Ma-ma-ma-mamba
Ooh, woah, woah (Hey)
Ma-ma-ma-mamba
Oh, woah, oh, oh (Hey)

넌 광야를 떠돌고 있어
Ayy, ayy, ayy, ayy, ayy, ayy (Hey)
나의 분신을 찾고 싶어
Ayy, ayy, ayy, ayy, ayy, ayy (Hey)
Hey, ma-mamba

I hate ma-ma-ma-mamba
Hate ma-ma-ma-mamba

I'm ejected, 선함 만으론 (Woo)
너의 거대함을 이기지 못해
I'm exhausted, 너의 존잰 모든
탐욕들을 먹고 자라 났지
​aespa는 나야
둘이 될 수 없어
Monochrome to colors
이건 evo-evolution

Oh, 위험한 장난을 쳐
매혹적이지만 널
부정할 밖에
모든 걸 삼켜버릴 black mamba

Ma-ma-ma-mamba
Ooh, woah, woah (Hey)
Ma-ma-ma-mamba
Oh, woah, oh, oh (Hey)

넌 광야를 떠돌고 있어
Ayy, ayy, ayy, ayy, ayy, ayy (Hey)
네게 맞서 난 질 수 없어어
Ayy, ayy, ayy, ayy, ayy, ayy (Hey)
Hey, ma-mamba

거울 속의 나는 네가 아닐까? (Hey)
일그러져버린 환영인 걸까?
(Hey, ma-ma-ma, ma-ma-ma, ma-ma-mamba)
다시 너와 연결될 수 있다면 (Hey)
(Hey, ma-ma-ma, ma-ma-ma, ma-ma-mamba)
너를 만나고 싶어 (Hey) 이제
(Hey, ma-ma-ma, ma-ma-ma, ma-ma-mamba)
모든 걸 삼켜버릴 black mamba

Ma-ma-ma-mamba
Ooh, woah, woah (Hey)
Ma-ma-ma-mamba
Oh, woah, oh, oh

넌 광야를 떠돌고 있어
Ayy, ayy, ayy, ayy, ayy, ayy (Hey)
네게 맞서 난 질 수 없어
Ayy, ayy, ayy, ayy, ayy, ayy (Hey)
Hey, ma-mamba",Very Positive,0.5447
SM Entertainment,aespa,Whiplash (English Version),Unknown,85669,"Yeah

One look, give 'em whiplash
Beat drop with a big flash
Coming hot, better think fast
This look is a must have, uh
When you see it, know I did that, uh
Day one, know I been bad, uh
Don't stop, better press gas
Going Hammer, can't touch that
 (Can't touch that)

Under pressure, body sweating, can you focus? (Yeah)
I deliver, I can promise, I'm the coldest
I'm a star, the one and only, I'm the changer
Just close your eyes, breathe in and visualize

One look, give 'em whiplash
Beat drop with a big flash
Coming hot, better think fast
This look is a must have, uh
When you see it, know I did that (Yeah)
Day one, know I been bad
Don't stop, better press gas (Yeah)
Going Hammer, can't touch that (Can't touch that)

Whip-whiplash, whip-whiplash
Whip-whiplash, whip-whiplash
Whip-whiplash, whip-whiplash
Whip-whiplash
One look, give 'em whiplash

Fancy
This is opulence, it's glowing and it's flashy (Yeah)
Never one to do too much, I keep it classy
I'm not the one, the two or three, so don't you ask me (Yeah)
Feel free to gas me, yeah

Under pressure, body sweating, can you focus? (Hoo)
I deliver, I can promise, I'm the coldest (Cold)
You might only get one chance, so don't you blow it
Just close your eyes, breathe in and visualize

If you want it on-site, push the button just right
Yeah, you see it one time, unforgettable
When we hit the right light, I'll be stuck in your mind
Yeah, you see it one time, unforgettable

One look, give 'em whiplash (Shee)
Beat drop with a big flash
Coming hot, better think fast
This look is a must have, uh
When you see it, know I did that (Yeah)
Day one, know I been bad, uh
Don't stop, better press gas (
Yeah
)
Going Hammer, can't touch that (Can't touch that)

I'm the highlight, a shining red light
Yeah, tonight, it's all about me (All about me)
You know it's my site with this next sigh
Gonna make history

One look, give 'em whiplash (Uh, wee; whip-whip)
Beat drop with a big flash (Yeah)
Come on quick, better move fast (Move, move, move)
This look is a must have, uh (Yeah)
When you see it, know I did that (Yeah; did that)
Day one, know I been bad, uh (Been bad)
Don't stop, better press gas (Yeah; woo)
Going Hammer, can't touch that (Can't touch that)

Whip-whiplash, whip-whiplash
Whip-whiplash, whip-whiplash
Whip-whiplash, whip-whiplash
Whip-whiplash

One look, give 'em whiplash",Very Positive,0.8306
SM Entertainment,aespa,WDA (Whole Different Animal),Unknown,76832,"I gotta deal with me now
Don't worry about
What else is going on
Incoming

It is what it is, they'd be like, ""Who's she?""
She's a whole different animal
Got the beast unleashed, 드러내는 teeth
She's a whole different animal
Body on heat, 저 특이점을 넘어 또
Why you tryna glitch?
(Crash, crash, crash, crash) To the P-O-S got me
(To it, to it, to it, to it) Whole different animal

She a whole different animal, different animal
Whole different animal, different animal

Iced up but furious (Different animal, different animal)
My scars, so glorious (Diffеrent animal, different animal)
Embracе the danger (Different animal, different animal)
Kiss, kiss the pressure (Different animal, different animal)
She's the chief, who's she? (Different animal, different animal)
Back it up, proof read (Different animal, different animal)
Wrote it on my body, I've had enough
의심 없이 다시 또 내디뎌

Why they don't be talkin' about this? I wanna talk about
Say why they don't be talkin' about this, I wanna talk about
날 가둘수록, I just get harder, harder
Give me all smoke, gun powder, powder, woah

It is what it is, they'd be like, ""Who's she?""
She's a whole different animal
모든 게 바뀐 다음 단계의 breed
She's a whole different animal
Body on heat, 저 특이점을 넘어
더 완벽해진 glitch
(Crash, crash, crash, crash) Ain't nobody that can
(Do it, do it, do it, do it) Whole different animal

She a whole different animal, different animal
Whole different animal, different animal

Oh, now you wanna hear me, huh? (Di-di–, di-di–)
Oh, now you wanna hear me, huh? (Di-di–, di-di–)
Oh, now you wanna hear me go crazy, crazy (Di-di–, di-di–)
답은 내 안에 있어, come test me, test me
Do somethin' (Do somethin'), do somethin' (Do somethin')
Talk, loud, do somethin' (Do somethin'; Different animal)
Custom fit처럼 달라, I'm somethin' (I'm somethin'; Different animal)
It's a new era, feel somethin' (Different animal, different animal)

Why they don't be talkin' about this? I wanna talk about
Say why they don't be talkin' about this, I wanna talk about
짓누를수록, I just get harder, harder
Give me all smoke, gun powder, powder, woah

It is what it is, they'd be like, ""Who's she?""
She's a whole different animal
모든 게 바뀐 다음 단계의 breed
She's a whole different animal
Body on heat, 저 특이점을 넘어
더 완벽해진 glitch
(Crash, crash, crash, crash) Ain't nobody that can
(Do it, do it, do it, do it) Whole different animal

G-DRAGON, baby

Fire in the hole, out the whiplash
He's livin' on a whole another level, G is
Why aren't you girls different anymore?
아마 걔네 딴에는 뭘, 이쁜데 지는, 뭐?
I'ma get it, down it, action, reaction, 덤 ceremony
Get ya dragon, 고마세리, I'm on it
Hashtag aes-P-A
먼치킨 되니 mo'
패왕색 기세, whole different animal

Ha, ah (She a whole different animal, different animal)
Ah, ah (Whole different animal)
Ah-ooh, ah (She a whole different animal, different animal)
Give me all smoke, gun powder, powder, woah (Ah-ooh, ooh)
Ha, ah (Hey, hey; She a whole different animal, different animal)
Ah, ah (Hey, hey; Whole different animal, different animal)
Ah-ooh, ah (Hey, hey; She a whole different, diff–, di–, di–, di–, di–, di–)
Give me all smoke, gun powder, powder, woah",Very Negative,0.4158
YG Entertainment,BABYMONSTER,LIKE THAT,Unknown,349687,"I see that look upon your face
Something my mind cannot erase
If we keep staring
Then I might have to
Might have to start to walk your way
I wanna hear what you would say
You got high standards
And I do too (Too)

'Cause all those girls (They don't)
Know what you need (They don't)
But I know, I know the way, the way
To make, to make sure you never leave (Yeah)

If I come close, baby, would you like that?
If I give some, would you give it right back?
If I show you that I know where it's at
Baby, would you like that? Baby, would you like that?
Say you want love, boy, I know what that means
Make you feel way better than in your dreams
If I show you that I know where it's at
Baby, would you like that? Baby, would you likе that?

Yo, it's like that, like that (Like that)
How you run it right back
Know you on thе right track
Queen, ace (Blackjack)
I be thinking way too much
I need to let it go
You be running through my mind
And I'ma let it show

'Cause ain't nobody stepping up to me
And saying nothing when I calling you
Be running eye to eye, we never fronting, yeah
We zoning, bet we stunting on and on and on and on and (Uh, uh, uh)
To the top, baby boy, we be rolling

'Cause all those girls (They don't)
Know what you need (They don't know what you need)
But I know, I know the way, the way
To make, to make sure you never leave (Let's get it, yeah)

If I come close, baby, would you like that? (Like that)
If I give some, would you give it right back? (Right back)
If I show you that I know where it's at
Baby, would you like that? Baby, would you like that?
Say you want love, boy, I know what that means
Make you feel way better than in your dreams
If I show you that 
I know where it's at
Baby, would you like that? Baby, would you like that?

(I want you) In my arms
In my arms (Yeah)
My arms
(That's where you need to be)
In my arms
In my arms
My arms
(That's where you need to be)

Ah-ah
Ah-ah
But I know, I know the way, the way
To make, to make sure you never leave

If I come close, baby, would you like that? (Like that)
If I give some, would you give it right back? (Right back)
If I show you that I know where it's at
*Baby, would you like that? Baby, would you like that?*
Say you want love, boy, I know what that means (**That means**)
Make you feel way better than in your dreams (**Your dreams**)
If I show you that I know where it's at (Ah)
Baby, would you like that? Baby, would you like that?
If I come close, baby, would you like that? (In my arms)
If I give some, would you give it right back? (In my arms)
If I show you that I know where it's at (My arms)
Baby, would you like that? Baby, would you like that? (**That's where you need to be**)
Say you want love, boy, I know what that means
Make you feel way better than in your dreams (**Ah**)
If I show you that I know where it's at
Baby, would you like that? Baby, would you like that?",Very Positive,0.7823
YG Entertainment,BABYMONSTER,HOT SAUCE,Unknown,308675,"Fire go higher wherever we are
BABYMONSTER girls got that woo-woo, ah

Hot sauce, hot sauce
Everybody want some but can't handle what I brought 'em
I'm like hot sauce, hot sauceEverybody want some but can't handle what I brought 'em

I don't think you're ready
Feeling deadly tonight
B-A-B-Y-M-O-N
About to blow your mind
We about to leave you breathless
Call the doctors, paramedics'Cause the stage on fire
I'm not talking pyrotechnics

Got that chilli pepper, jalapeno
Too addictive, red, hot Cheetos
Way we move hit like wasabi
BABYMONSTER bring the party
Step to the beat, came ready to eatYou know we bring the flavor
Turn up the heat, they calling us beastsCall it monster behavior

Hot sauce, hot sauce
Everybody want some but can't handle what I brought 'em
I'm like hot (Hot) sauce (Sauce), hot (Hot) sauce (Sauce)
Everybody want some but can't handle what I brought 'em

I'm that little bit of everything, whole lot of energy
Hundred miles an hour, you won't never get ahead of me
Think you need a lemonade, think you need a remedy
Ask me how I do it, it's a secret recipe
Bet you never, ever felt a fire like thisCarolina reaper kinda vibe like thisSprinkle of pepper, I'm stirring the pot
Get what I get 'cause I got what I got

We'll do this all night, baby, we don't get tired
The kinda energy that never expire
Red, yellow, green, know you know what I mean, yeah
'Bout to set it on fire (Go)

Hot sauce, hot sauce
Everybody want some but can't handle what I brought 'em
I'm like hot (Hot) sauce (Sauce), hot (Hot) sauce (Sauce)
Everybody want some but can't handle what I brought 'em

Hol-hol-hol-hol-hol-hold up

Fire go higher wherever we are
BABYMONSTER girls got that woo-woo, ah
Fire go higher wherever we are
BABYMONSTER girls got that woo-woo

(Hot sauce) Too hot, hot
(Hot sauce) Yeah, BABYMONSTER got that
(Hot sauce) Too hot, hot
(Hot sauce) Yeah, BABYMONSTER got that, ah",Very Positive,0.8487
YG Entertainment,BABYMONSTER,DREAM,Unknown,297495,"Sometimes, I don't know who I am
Doubting myself again
Can't find a light in the dark
And I'm finding myself in the rain
Tryna get out of the pain
Know that I've come so far
I made a promise, I'll never run and hide

I'm getting stronger
I'm getting stronger
A little longer
I'm getting stronger

Now I finally found my wings
I let go of everything
Decided to follow my heart
And I'm finally able to breathe
Finally able to see
Just who I was born to be
I'm waking up in my dream

Uh
Oh, yeah, that fire's in my eyes
No sleep, you keep them lullabies
Cross hearts, I'vе been the one to ride
Vroom-vroom, I'll see you latеr, bye
I keep it a hundred, we one in a million, no billion
No kiddin', no ceiling, that's limitless
Stars in the sky, we infinite
Envisioned it just how I pictured it
Here we are, all of the lights
Spotlight is blinding my eyes
Just breathe and live and let it die
Lift up my head, I'ma rise
Spread out my wings, I'ma fly, fly high

I'm getting stronger
I'm getting stronger
A little longer
I'm getting stronger

Now I finally found my wings
I let go of everything
Decided to follow my heart

I don't care what they say (Say)
My life is not a game (Game)
Never gon' run away

So don't wake me up (Finally able to breathe)
Yeah, yeah, yeah
Can't wake me up (*Nothing can wake me up*)
I'm waking up in my dream",Very Positive,0.8078
YG Entertainment,BABYMONSTER,CLIK CLAK,Unknown,235062,"Uh
Hey, hey, hey, hey

Click-clack, heels tap, walkin' with my hips back
Money, click-clack, click-clack, click-clack, click-clack
Spending money, charge, charge, charge
Who be livin' large, large, large
Walking like a boss, boss, boss
We make 'em talk, talk, talk, talk

Yeah, I need a van to hold all my bags
Always the first and never the last
Here with my girls, we step on the scene
We do it big, you know what I mean
If I say which one looks better
You say both (Both), both (Both)
I'm bad from any angle
Hit that pose (Pose), pose (Pose)

Yeah, matching tennis bracеlets
Baby blue water vacations (Ah)
I'll admit that I'm so vicious
No, I ain't thе one to play with
Everybody wanna know, oh, oh
Bitty burning up the show, oh, oh
Eenie, meenie, miney, moe, catch 'em by the toe
You ain't even no, I'ma let it go

Click-clack, heels tap, walkin' with my hips back
Money, click-clack, click-clack, click-clack, click-clack
Spending money, charge, charge, charge
Who be livin' large, large, large
Walking like a boss, boss, boss
We make 'em talk, talk, talk, talk
Click-clack, heels tap, walkin' with my hips back
Money, click-clack, click-clack, click-clack, click
Walking like a boss, boss, boss
We make 'em talk, talk, talk, talk

Yeah, get back, whip that, they mad (Mad)
Clap, clap, bring that ASAP (-SAP)
If they all up in their feelings, that's too bad (That's too bad)
I be laughing to the bank in my Maybach (Hahahahaha)
Left hand kiss that big rock
Tunnel vision, twenty-twenty top notch
Spent a milly on some fits, I'm so hot (So hot)
Put some ice on my wrist, that's water (Drip)

I'm on it, on it, got it, flaunt it
Got your world in my pocket
Zero hundred like Ferrari
Hit the gas (Who gon' stop me?)
You love when BABYMONSTER hits (Hits)
Cartier stacked up on my wrist (Wrist)
Flip my hair and blow a kiss (Mwah)
Not a dentist but I'm flossin', sis

Click-clack, heels tap, click-clack, heels tap
Click-clack, heels tap (Mm), click
Click, click-clack, heels tap, click-clack, heels tap
Click-clack, heels tap (Mm), click

Click-clack, heels tap, walkin' with my hips back
Money click-clack, click-clack, click-clack, click
Click-clack, heels tap, walkin' with my hips back
Money click-clack, click-clack

Ain't looking back, let's take the lead
Go 'head, ladies, go 'head, ladies
Ain't looking back, let's take the lead
Go 'head, ladies, go 'head, ladies, here we go",Very Positive,0.7248
YG Entertainment,BABYMONSTER,SHEESH,Unknown,225974,"Da-la-lun-dun
Da-la-lun-dun
Da-la-lun-dun
Baby, I'm a monster

Mano, a mano
I see you, in slow-mo
You know you're in trouble
Ooh-hoo-hoo-hoo
발버둥 쳐봐
어차피 손바닥
위에서 못 나가You know that

눈을 뜬 순간 피어나
All eyes on me, 불을 질러라
Do or die on my life
Yeah, you ain't seen nothing yet (Got them all going)

Sheesh, sheesh, sheesh, sheesh, sheesh, yeah
B-A-B-Y-M-O-N
Sheesh, sheesh, sheesh, sheesh, sheesh, yeah
Got them all going

Yo, hold on, 쉿
걍 들이부어라 네 달팽이관에 (Ah)

이건 네 귀에 줄 축복
음악에 맞춰 걍 춤 춰
히비리 합 합 boom, boom, pow
분위기 타올라 너네들 눈 돌아
띵하니 적잖이
충격일 거야
Crown this queen, 홈런은 쳤고 내 다음은 위
어중이떠중이 중간 아님
날 보고 닫혔던 입들 say
""Sheesh, sheesh, sheesh""
You know what it is, I be running this
Pull up in a ghost, peeka-peekaboo-hoo
Vroom, vroom, 너네 심장에 박동이
Pump, pump, pop, pedal to the metal
Click, clack, click, put 'em up to the sky
High, high, high, high

눈을 뜬 순간 피어나
All eyes on me, 불을 질러라
Do or die on my life
Yeah, you ain't seen nothing yet (Got them all going)

Sheesh, sheesh, sheesh, sheesh, sheesh, yeah
B-A-B-Y-M-O-N
Sheesh, sheesh, sheesh, sheesh, sheesh, yeah
Got them all going

마음껏 웃어봐
이젠 내 차례니까
천천히 불태워
네가 잠든 사이
Time's up, 올라가 올라가 더
*꼭대기 꼭대기로 하늘 위, 하늘 위로*
Fly away, 온 세상을 뒤집어
Come on, let's ride

Baby, I'm a monster

B-A-B-Y-M-O-N
Tell a friend, tell a friend, tell a friend
B-A-B-Y-M-O-N
Tеll a friend, tell a friend, tеll a friend (Let's go)
Jump, jump and let it go, watch out, we on a roll
Rum, pump, pump, pump it up then
Jump, jump and let it go, watch out, we on a roll
Rum, pump, pump, pump it up then",Very Positive,0.7145
YG Entertainment,BABYMONSTER,Stuck In The Middle,Unknown,195905,"(Woah) All this time we've been together
(Oh) And I still don’t know how you feel
Sometimes I wish you'd just
(Woah) Talk to me

Maybe it's make believe, maybe it can be true
I try to tell myself I’m not in love with you
I thought that I knew everything (Thing)
I guess I don't know anything, yeah
I get emotional (Yeah) and hypothetical
Wondering if there are all kinds of things I'm not supposed to know
I try my best to let it go (Let it go)
Baby, then you bring me back, bring me back

You lift my feet off of the ground
Keep me spinnin' around and around
I don't ever wanna come down
From your arms

You tell me that you need me then you walk away
Keep promisin' forever with the words you say
It's true (True, true)
Don't know what I’m supposed to do
I’m stuck in the middle with you, you, you
With you, you, oh, boy, you got me really confused
Don't know what I’m supposed to do
I'm stuck in the middle with you

You were the spark, light in the dark
Gave you my everything (Ha)
Pullin' me in, pushing me out
Pullin' me back again (Ha)
Don’t know if your mind is made up
But I know that nobody wanna be stuck (Ha)
You are the one that I want
All I can promise you now is my love
You say you want me (Want me)
You say you care (Care)
When we're together (Together)
Are you even there?
(And you) Gave me the keys to your heart
(Yeah, you) Made me believe from the start
Now all that I know is
I got all this love, I won't take back

My love (My love)
My love (My love)

You lift my feet off of the ground
Keep me spinnin' around and around
I don't ever wanna come down
From your arms

You tell me that you need me then you walk away
Keep promisin' forever with the words you say
It's true (True, true)
Don't know what I'm supposed to do
I'm stuck in the middle with you, you, you
With you, you, oh, boy, you got me really confused
Don't know what I'm supposed to do
I'm stuck in the middle with you

I've tried and I've tried to be good to myself
Good for my health
Is it selfish if I'm constantly turning to you
To you?
If you knew what I'm feeling right now
You'd comfort my heart

You tell me that you need me then you walk away (You tell me, yeah)
Keep promisin' forever with the words you say
It's true (It's true; True, true)
Don't know what I'm supposed to do (Oh-oh)
I'm stuck in the middle with you, you, you (With you)
With you, you (With you), oh, boy, you got me really confused (Confused)
Don't know what I'm supposed to do (Oh, do, do, do)
I'm stuck in the middle with you (With you)",Very Positive,0.7489
YG Entertainment,BABYMONSTER,SUGAR HONEY ICE TEA,Unknown,173305,"Who be sippin' on this? I do
I'm the, I'm the, I'm the, I'm the

I'm the sugar honey ice tea and you know it
I'm the sugar honey ice tea and you know it
Ice, ice, ice and you know that I'm the coldest
I'm the sugar honey, I, I, I'm the sugar honey

I'm sweet just like some ice cream, milk chocolate icing
My life look like a pipe dream, I know, I know, I know
I know, I'm so enticing, I make 'em lime green
Temperature rising, let's go, let's go, let's go
[Pre-Chorus: Rora, 
Pharita
]
난 부드럽게 너를 녹여버리지
Stop, make no mistake, hit that stage, baby, ain't the same
Drop, I'm going in, 우린 무대 위의 queen
Monster melody

I'm the sugar honey ice tea and you know it
I'm the sugar honey ice tea and you know it
Ain't no other baddie like me, yeah, you know it
I'm the sugar honey, I, I'm the sugar honey ice

Sugar mama, don't do the drama
Just add the commas like yeah, yeah, yeah
Do what I wanna, lil' Prima donna
Got the wrist on water like yeah, yeah, yeah
Tell me, what you know 'bout this? (This)
Wanna get like me? You wish (You wish)
Comes naturally, I know they mad at me
'Cause they know I'm the (Grr, woo)

I'm sweet just like some ice cream, milk chocolate icing
My life look like a pipe dream, I know, I know, I know
I know I'm so enticing, I make 'em lime green
Temperature rising, let's go, let's go, let's go
[Pre-Chorus: Chiquita, 
Ahyeon
]
난 부드럽게 너를 녹여버리지
Stop, make no mistake, hit that stage, baby, ain't the same
Drop, I'm going in, 우린 무대 위의 queen
Monster melody

I'm the sugar honey ice tea and you know it
I'm the sugar honey ice tea and you know it
Ain't no other baddie like me, yeah, you know it
I'm the sugar honey, I, I'm the sugar honey ice

Tasty, yeah, I got you comin' back
Crazy, I give you a heart attack
Baby, tell me, what you think about that?
What you think about that?
I'm the shh, woah, woah, woah-oh

Sugar honey ice tea, you know it, know it
Sugar honey, I'm the sugar, I'm the sugar
Sugar honey ice tea, you know it, know it
Sugar honey, 
I'm the sugar, I'm the sugar

Sugar honey, sugar honey, honey ice tea (Yeah, yeah)
Sugar honey, sugar honey, honey ice tea (Yeah, yeah)
Sugar honey, sugar honey, honey ice tea
I'm the sugar honey, I, I, I'm the sugar honey ice tea",Very Positive,0.8248
YG Entertainment,BABYMONSTER,BILLIONAIRE,Unknown,166687,"Baby, I'ma monster

I've never felt like this before
They stop when I walk through the door
Something click, it's a state of mind
Type of rich, can't be quantified
And it ain't my fault if you not trying to match my mood
Sorry, but that's on you (You, you, you)

Baby, I don't mean to brag
You know I'm not talking cash
Got a thing that's only mine
And I watch your eyes go green
I can feel your jealousy
Up here in the sky, sky

Oh (Oh)
Look at me (Look at me)
I woke up (I woke up)
Feeling like a billionaire (Woah)
World is mine, yeah, life is so unfair
Money don't compare
I got something rare
Feeling like a billionaire

I got rules here to brеak
Say it with my chest and in your face
Hear thе boom in the bass
Pump it up, back it up, turn in up, R-U-K-A
ACE-sa be the name, so cut the deck, deal it outAbove the money, power, and respect, ありがとう
Who that? Who that? Who that? Got the flame
Bet it on me, double up your life

Baby, I don't mean to brag
You know I'm not talking cash
Got a thing that's only mine
And I watch your eyes go green
I can feel your jealousy
Up here in the sky, sky

Oh (Oh)
Look at me (Look at me)
I woke up (I woke up)
Feeling like a billionaire (Woah)
World is mine, yeah, life is so unfair
Money don't compare
I got something rare
Feeling like a billionaire

Billionaire, b-b-b-b-billionaire
BABYMONSTER got me feeling like a billionaire
Billionaire, b-b-b-b-billionaire
BABYMONSTER got me feeling like a billionaire (Oh, oh, oh)

Oh (Oh)
Look at me (Look at me)
I woke up (I woke up)
Feeling like a billionaire (Feeling like me, yeah; Woah)
World is mine, yeah, life is so unfair (Oh, it's so unfair)
Money don't compare (Don't compare)
I got something rare (I got something rare)
Feeling like a billionaire (It's a real billionaire, yeah-eh)",Very Positive,0.8158
YG Entertainment,BABYMONSTER,DRIP,Unknown,162399,"Yuh

When I dress, I don't think so much
I could be the GOAT, I don't need too much
I'ma set a goal, I'ma eat that lunch
Baby so cold, get that ice cream truck
Uh, 찌릿찌릿, 끼리끼리 놀아볼까?Kitty, kitty, yeah, we gonna run this town
Hittin' me up 'cause I got what they like
Baby got no chance, better hit that dance

Mm, na-na-na, I'll be there, 고민하지 마
Uh, na-na-na, I'll be there, 망설이지 마
But you don't know 'bout me, yeah, yeah, you gon' know 'bout me, boy
아름다운 별들이 빛나는 밤이야

Mm, what you say?
끝없는 가치, you know it's all me
Got that, ooh, what you say?
Are you ready? Set, turn on the lights

Baby got passion, ambition, 난 보란 듯이
Look at that, 온몸으로 느끼는 내 몸짓
Baby got drip
 (
Drip
), 
drip
 (
Drip
), 
drip
 (
Drip
), 
drip
Baby got drip
 (
Drip
), 
drip
 (
Drip
), 
drip
 (
Drip
), 
drip

Brrah, Asa, ayy

Let 'em out, monster, monster, monster came to conquer (Yeah)
Baby, holla, what's up? (What's up?)
Wе the best, the rеst confess, we blessed, 판을
백팔십도 바꿔 (바꿔)
Y to the G, no copy, no knockoff
Bet on my life, this pitch I'm gon' walk off
MONSTIEZ, 꽉 잡아, hold tight끝까지 밟아, you know we gon' ride

Mmm, na-na-na, I'll be there, 고민하지 마
Uh, na-na-na, I'll be there, 망설이지 마
But you don't know 'bout me, yeah, yeah, you gon' know 'bout me, boy
아름다운 별들이 빛나는 밤이야

Mm, what you say?
끝없는 가치, you know it's all me
Got that, ooh, what you say?
Are you ready? Set, turn on the lights

Baby got passion, ambition, 난 보란 듯이
Look at that, 온몸으로 느끼는 내 몸짓
Baby got drip
 (
Drip
), 
drip
 (
Drip
), 
drip
 (
Drip
), 
drip
Baby got drip
 (
Drip
), 
drip
 (
Drip
), 
drip
 (
Drip
), 
drip

Uh, 가끔 쓰러진대도
I'ma shine as bright as diamonds, say my name
다시 일어나
Now watch me do it all again (Baby got drip)

Drip, drip, drip (Drip, drip, drip, drip)
Baby got, baby got, baby got (Drip, drip, drip, drip)
Drip, drip, drip (Drip, drip)
You know we got, got that drip
 (
Baby got drip
)
Drip, drip, drip (Drip, drip, drip, drip)
Baby got, baby got, baby got (Drip, drip, drip, drip)
Drip, drip, drip (Drip, drip)
Got that drip, yeah",Very Positive,0.7461
YG Entertainment,BABYMONSTER,춤 (CHOOM),Unknown,155617,"One, two, heat is on
Own it, burn it, kick it, flip that
Three, four, BABYMON
We gon' get this party started

Walk in, stomping like we own the place (Place)
Trust me, I'm not just a pretty face (Woo)
Yeah, I know we're seven but we ate
We gon' get this party started
Know we got the style, we got the taste (Taste)
Sweet and sour lemons, lemonade (Woo)
Yeah, I know we're seven but we ate
Better run that, run that

Oh my, oh my, my
지금 이 순간 (Ah)
Oh my, oh my, my
Let it hypnotize
(Oh my) Loosen up, watch me set the mood
(Oh my) Burn it up, do it like I do
Lose your mi-mi-mind
Play the music

Let's 춤
리듬을 삼켜 보자 춤
(Watch out, watch out)
We turn it up, let's party월, 화, 수, 목, 금, 토
모두 다 함께 취해 보자 춤
(Watch out, watch out)
춤, 춤, 춤, 춤, 춤

We wanna ride this vibe
Get out the way like, ""Vroom, vroom""
We only got tonight
You better dance like, ""Choom, choom""

Da-ra-dun, da-da-da-da (Grr)

Baby, check my style
Check me out, this that bling blow (Blow)
Can't stop now
Gotta keep it me like that, bow down
보여주마 나의 춤
춤, 춤
ASA be killing it, killing it, woah
We don't stop, top billing it, billing the show
Big flex, ain't no up next모두가 찍 소리 못하는 groove
Like, ""Yes, I'm the empress""
이 구역에 난 I'm a monster queen

Oh my, oh my, my
지금 이 순간 (Ah)
Oh my, oh my, my
Let it hypnotize
(Oh my) Loosen up, watch me set the mood (Ah-ah)
(Oh my) Burn it up, do it like I do
Lose your mi-mi-mind
Play the music

Let's 춤
리듬을 삼켜 보자 춤
(Watch out, watch out)
We turn it up, let's party
월, 화, 수, 목, 금, 토
모두 다 함께 취해 보자 춤
(Watch out, watch out)
춤, 춤, 춤, 춤, 춤

We wanna ride this vibe
Get out the way like, ""Vroom, vroom""
We only got tonight
You better dance like, ""Choom, choom""

어둠이 짙게 내리고
이제 monster party
No time to waste (Na-na-na), let's celebrate (Na-na-na)
Baby, 너와 나의 시간 춤, 춤, 춤, 춤

That's right (Hoo)
Everybody, everybody make some room, 춤
That's right (Hoo)
춤, 춤, 춤, 춤, 춤
That's right (Hoo)
Everybody, everybody make some room, 춤
That's right (Hoo)
춤, 춤, 춤, 춤, 춤",Very Positive,0.7576
YG Entertainment,BABYMONSTER,BATTER UP,Unknown,142154,"Attention

I'm on a mission, don't need permission
No matter what, I'm gonna make my own decisions
I'm talkin' you, you want it too
예쁘고 착한 내가 어떻게 변할지 monster

Remember me (Me), sting like a bee (Bee)
굶주린 사자 같은 personality
네 맘 빼고 다른 것은 원하지 않아
I would never do you wrong, you'll regret it when I'm gone

(You) 좀 더 강하게
더 빠르게 날려 버릴게
(You) Got a lot to say
What a big mistake

Batter, batter, batter up
Batter up, batter up, batter up
Batter, batter, batter up
Batter up, batter up, batter up
Batter, batter, batter up

Yeah, hit it 난 달려, never can stop
Rappin' 시작 네 귀에 shot
비명은 함성이 될 거야 loud
Surprise, yo, monster의 등장
내가 가는 길이 기리 빛이 나리 way
어깨 펴고 난 goin', goin', gone (Gone)
바통 받고 준비 완료
후다닥 run, run, run, run

누가 날 막아, 난 더 세게 밟아
너네가 좀 알아서 비켜
순진한 척 나는 그딴 거 안 해
날 원해? But look in thе mirror
지치지 않아 계속 volume up, light 'em up
무대 위를 태워 싹 다 치워버려 home run
Likе a boss baby, I'ma boss, baby
모두 다 찢어 like brrra

Remember me (Me), sting like a bee (Bee)
무대를 갖고 노는 우린 MVP
네 맘 빼고 다른 것은 원하지 않아
I would never do you wrong, you'll regret it when I'm gone

(You) 좀 더 강하게
더 빠르게 날려 버릴게
(You) Got a lot to say
What a big mistake

Batter, batter, batter up
Batter up, batter up, batter up
Batter, batter, batter up
Batter up, batter up, batter up
(Batter, batter, batter up)

So listen up, everybody, 소릴 높여 move on (높여 move on)
We are the monsters of the world
Batter up, 지금 당장 뛰어보자 어디든 (어디든)
Let me show you who we are (Batter up, up, up, up)
Everybody, 소릴 높여 move on (높여 move on)
We are the monsters of the world
Batter up, 지금 당장 뛰어보자 어디든 (어디든)
Let me show you who we are (Batter, batter, batter up)",Very Negative,0.3986
YG Entertainment,BABYMONSTER,Scars To Your Beautiful (BABYMONSTER ver.),Unknown,136873,"She just wants to be beautiful
She goes unnoticed, she knows no limits
She craves attention, she praises an image
She prays to be sculpted by the sculptor
Oh, she don't see the light that's shinin'
Deeper than the eyes can find it
Maybe we have made her blind
So she tries to cover up her pain
And cut her woes away
'Cause covergirls don't cry
After their face is made but

There's a hope that's waiting for you in the dark
You should know you're beautiful just the way you are
And you don't have to change a thing, the world could change its heart
No scars to your beautiful, we're stars and we're beautiful
Oh, oh, oh
Oh-oh, oh, oh
And you don't have to change a thing
The world could change its heart
No scars to your beautiful, we're stars and we're beautiful

Oh, what you wanna see
Ain’t what you gon' get
I'ma break the mold, take it as a threat
World ain't got nothing on me
Pull up how wanna bet that I'ma do me
Yeah, let the world burnAin’t none of this your concern
No popular opinion
So you can be gone
With that beauty is pain
We breaking the chains
Unlock a new strain
Yeah, it flows through my veins

Can't stop, won't stop
Let 'em know it's just begun
Who's hot, who's not
Know we shining like the sun
Say what you want, no need to hide
We gonna ride
'Cause you ain’t gotta change a thing

There's a hope that's waiting for you in the dark
You should know you're beautiful just the way you are
And you don't have to change a thing, the world could change its heart
No scars to your beautiful, we're stars and we're beautiful
Oh, oh, oh
Oh-oh, oh, oh
You don't have to change a thing
The world could change its heart
No scars to your beautiful, we're stars and we're beautiful

No better you than the you that you are
No better you than the you that you are
No better life than the life we're livin'
No better life than the life we're livin'
No better time for your shine, you're a star
No better time for your shine, you're a star
*Oh, you're beautiful, oh, you're beautiful*

There's a hope that's waiting for you in the dark
You should know you're beautiful just the way you are
And you don't have to change a thing, the world could change its heart
No scars to your beautiful, we're stars and we're beautiful
Oh, oh, oh (No scars to your beautiful)
Oh-oh, oh, oh (We're stars and we're beautiful)
*And you don't have to change a thing
The world could change its heart* (No scars to your beautiful)
*No scars to your beautiful, we're stars and we're beautiful, yeah-e-e*",Very Positive,0.6889
YG Entertainment,BABYMONSTER,WE GO UP,Unknown,127624,"Yeah
Uh-huh
Yeah, this ain't a game and you know we don't play
Yeah

Uh, you ain't never seen the typa, show we 'bout to show ya
You ain't never heard this typa flow, we crashing on ya
Tidal wave, tidal wave, it's about to go
You will never dominate, domino when I see you fall
Know I pop better get back, hand in my pocket, watch the rocket blow
우리 걱정은 딱히 넣어둬 빨리, look at me on a roll
Let bygones be bygones, I ain't never had no problems
That high road, we gon' walk over 'cause icons be icons

What you gon', what you gon', what you gon' do? (Yeah)
Lookin' good, lookin' fly, lookin' brand new
Unbelievable, 어림없거든
어이없거든 (You lovе it, love it)
When we pull up, know it's all on sitе
B-A-B-Y-M-O-N, we up, up, up

(We go up) Like, woah, 우린 killas, killas
(We go up) Like, woah, 우린 villains, villains
Up high for me, baby, high for me, baby, woah
Up like, woah, can you feel us? Feel us?
(We go up) Like, woah, 우린 killas, killas
(We go up) Like, woah, 우린 villains, villains
Up high for me, baby, high for me, baby, woah
This is how we do it, we go, woah

Copy, copy, copy, copy 'til the error pop up
Copy, copy, wanna be me but you're never gonna
They all eatin' my leftovers, I left over what's left over
Like ring, ring, come and get closer, we take over, that's game over
Nobody do it like this, nobody, nobody do it like this, uh
You're never catching me slip, I switch it on with a flick of the wrist
Let bygones be bygones, I ain't never had no problems
That high road, we gon' walk over 'cause icons be icons

What you gon', what you gon', what you gon' do? (Yeah)
Lookin' good, lookin' fly, lookin' brand new
Unbelievable, 어림없거든
어이없거든 (You love it, love it)
When we pull up, know it's all on site
B-A-B-Y-M-O-N, we up, up, up

(We go up) Like, woah, 우린 killas, killas
(We go up) Like, woah, 우린 villains, villains
Up high for me, baby, high for me, baby, woah
Up like, woah, can you feel us? Feel us?
(We go up) Like, woah, 우린 killas, killas
(We go up) Like, woah, 우린 villains, villains
Up high for me, baby, high for me, baby, yeah
This is how we do it, we go, woah

우린 보란듯이, yeah, we run it up, run it up
불을 지필 거야 burn it up, burn it up
세상 꼭대기에, say my name, say my name
우린 판을 바꿀 game changer, oh
Definition dangerous, dangerous
Clock is ticking, ticking, buckle up, buckle up
Bet you never met a monster like me
I'll never stop, don't forget we gon' make history

(We go up) Like, woah, 우린 killas, killas (Ah-ah)
(We go up) Like, woah, 우린 villains, villains (Ah-ah, high)
Up high for me, baby, high for me, baby, woah
(B-A, B-A, B-Y, B-Y, M-O, M-O, N, N)
(We go up) Like, woah, 우린 killas, killas (Ah-ah)
(We go up) Like, woah, 우린 villains, villains (Ah-ah, oh)
Up high for me, baby, high for me, baby, woah
This is how we do it, we go, woah

We go up",Very Negative,0.3888
YG Entertainment,BABYMONSTER,FOREVER,Unknown,119597,"Alright, okay
Okay, okay, okay
Alright, okay
BABYMONSTER

I got no worries on my mind, 난 멈추지 않아
So you can say goodbye (Bye, bye, bye)
I'll fulfill my fantasy and you can watch and see
박수나 쳐보지
눈부셔
They say, ""She looking flawless,"" I know (타고났지 like this)
She's unlike, unlike anybody, 여기저기 다 난리 난리
가나다라마바 싸가지, gotta, gotta go, so c'est la vie

I'm dancin' in the moonlight
Ooh, ooh, ayy
Can't stop this feelin' tonight
What you waiting for?

Baby, it was all a dream, you thought I was yours
멋대로 착각하지는 마
It's bitter, it's sweet, 저 하늘 높이
I'm spreading my wings like I'ma live

Forever (Like I'ma live forever)
Forever (Like I'ma, like I'ma)
Forever
Like I'm gonna live, like I'm gonna live forever

Okay, you know what it is

I'm that nice, 뭘 것 같아 너와 내 차이
Pull up on me, pay the price
Put a milli on a rock my type
Never seen it in your life (Cha-ching)
예뻐 그러니까 바빠
아니 나빠 온 세상 울리는 bad girl
B-A-B-Y (B-A-B-Y)
M-O-N (M-O-N, get money)
'Bout it, 'bout it, 발끝까지 까지
리듬 타지 타지 기분 짜릿짜릿, everybody get down
Roll up on 'em with the motor runnin'
I'ma give you something, bet you put the money in the bag

I'm dancin' in the moonlight
Ooh, ooh, ayy
Can't stop this feelin' tonight
What you waiting for?

Baby, it was all a dream, you thought I was yours
멋대로 착각하지는 마
It's bitter, it's sweet, 저 하늘 높이
I'm spreading my wings like I'ma live

Forever (Like I'ma live forever)
Forever (Like I'ma, like I'ma)
Forever
Like I'm gonna live, like I'm gonna live forever

I can see the bright horizon
세상이란 벽을 넘어서
No, nothing can stop me now
We forever, forever, forever, ever, ever (Ooh)

Baby, it was all a dream, you thought I was yours
멋대로 착각하지는 마
It's bitter, it's sweet  (Oh-woah), 저 하늘 높이
I'm spreading my wings, like I'ma live

Forever (Forever, ever, ever)
Forever (Forever, forever, forever, ever, ever)
Forever
Like I'm gonna live, like I'm gonna live forever",Very Positive,0.6747
YG Entertainment,BABYMONSTER,"Love, Maybe",Unknown,87386,"Oh, ayy
Ah-ah-ah

Falling for the first time, I got feelings that I can't fight
Lord, please have mercy on me
Push, play, then I rewind, thinking 'bout you every day and night
Boy, what you doing to me?

'Cause, ooh
Something different 'bout the way you make me feel like
Something different 'bout the way you make me feel like
I don't know why can't control it
Takes hold of me, is this for real?

This must be love, baby
'Cause I've never felt quite this way
I think this is love, baby
Get weak when you callin' my name
This must be love, love
Love
I think this is love, maybe?
'Cause I don't know what else to blame

Look, I've been going out of my mind
Got that goosebumps, butterflies
I don't even wanna play the game
'Cause you read me every time
I've been guarded but I think you picked the lock
Picking petals, saying love me, love me not
Gotta keep my cool, what you make me do?
L-O-V-E, got me fallin', I'm so into you

I've been really trying to be cautious with my heart
But I can't deny it, how you got me caught up
And the feelings don't lie
Something 'bout you really making me feel, feel, feel

This must be love, love, baby
'Cause I've never felt quite this way
I think this is love, baby
Get weak when you callin' my name
This must be love, love
Love
I think this is love, maybe?
'Cause I don't know what else to blame

Why, oh, why?
Afraid to lose myself when I'm with you, there's nothing else I'd rather do
Why, oh, why?
Boy, you really made a mess of me

This that real love
This that real, it's that real
I give up
Just take my heart, ooh, ooh, ooh, ooh

This must be love (This must be love)
Love, love (This must be love)
I think this is love (This is love), maybe? (Maybe?)
'Cause I don't know what else to blame, no",Very Positive,0.8325
YG Entertainment,BLACKPINK,Ice Cream,Unknown,1760317,"Come a little closer 'cause you lookin' thirsty
I'ma make it better, sip it like a Slurpee
Snow cone chilly, get it free like Willy (Oh)
In the jeans like Billie, you be poppin' like a wheelie
Even in the sun, you know I keep it icy
You could take a lick, but it's too cold to bite me (Haha)
Brr, brr, frozen, you're the one been chosen
Play the part like Moses, keep it fresh like roses
 (Oh)

Look so good, yeah, look so sweet (Hey)
Lookin' good enough to eat
Coldest with the kiss, so he call me ice cream
Catch me in the fridge, right where the ice be
Look so good, yeah, look so sweet (Hey)
Baby, you deserve a treat
Diamonds on my wrist, so he call me ice cream
You could double-dip 'cause I know you like me

Ice cream chillin', chillin', ice cream chillin'
Ice cream chillin', chillin', ice cream chillin'

I know that my heart can be so cold
But I'm sweet for you, come put me in a cone (In a cone)
You're the only touch, yeah, that get me meltin'
He's my favorite flavor, always gonna pick him
You're the cherry piece, just stay on top of me, so
I can't see nobody else for me, no
Get it, flip it, scoop it, do it like that, oh yeah, oh yeah
Like it, love it, lick it, do it like la-la-la, oh yeah

Look so good, yeah, look so sweet (Hey)
Lookin' good enough to eat
Coldest with the kiss, so he call me ice cream
Catch me in the fridge, right where the ice be
Look so good, yeah, look so sweet
 (
Hey
)
Baby, you deserve a treat
Diamonds on my wrist, so he call me ice cream
You could double-dip 'cause I know you like me

Ice cream chillin', chillin', ice cream chillin'
Ice cream chillin', chillin', ice cream chillin'
Ice cream chillin', chillin', ice cream chillin'
Ice cream chillin', chillin', ice cream

Chillin' like a villain, yeah, ra-ra-ra
미친 미친듯한 속도 in my La Ferra'
너무 빨러 너는 삐끗 원한다면 그냥 지름
Millis, billis 매일 벌음 한여름 손목에 얼음
Keep it movin' like my lease up
Think you fly, boy, where your visa?
Mona Lisa kinda Lisa
Needs an ice cream man that treats her
Keep it movin' like my lease up
Think you fly, boy, where your visa?
Mona Lisa kinda Lisa
Needs an ice cream man that treats her (Hey)

Na, na-na-na-na
Na, na-na-na-na (Hey)
Ice on my wrist, yeah, I like it like this
Get the bag with the cream
If you know what I mean
Ice cream, ice cream, ice cream chillin'
Na, na-na-na-na
Na, na-na-na-na (Hey)
Ice on my wrist, yeah, I like it like this
And I'm nice with the cream
If you know what I mean
Ice cream, ice cream
Ice cream",Very Positive,0.557
YG Entertainment,BLACKPINK,마지막처럼 (AS IF IT’S YOUR LAST),Unknown,1486305,"(Little bit of that)
(Little bit of this)
(Little bit of that)
(Gimme, gimme, gimme)

(Gimme little bit of that) 너 뭔데? 자꾸 생각나
(Gimme little bit of this) 자존심 상해 애가 타
얼굴이 뜨겁고 가슴은 계속 뛰어
내 몸이 맘대로 안 돼 어지러워
(Gimme little bit of that) 넌 한 줌의 모래 같아
(Gimme little bit of this) 잡힐 듯 잡히지 않아
넌 쉽지 않은 걸 그래서 더 끌려
내 맘이 맘대로 안 돼 어이없어

지금 너를 원하는
내 숨결이 느껴지니?
널 바라보고 있어도 missing you
서툰 날 won't you set me free-e-e-e?

Baby, 날 터질 것처럼 안아줘
그만 생각해, 뭐가 그리 어려워?
거짓말처럼 키스해줘, 내가 너에게
마지막 사랑인 것처럼

마지막처럼 (Yeah), 마-마-마지막처럼 (Yeah)
마지막 밤인 것처럼, love
마지막처럼 (Yeah), 마-마-마지막처럼 (Yeah)
내일 따윈 없는 것처럼, love

Uh, I'ma fall in love, baby
You gon' finna catch me, uh
Give you all of this, baby
Call me pretty and nasty
'Cause we gonna get it, my love
You can bet it on black
We gon' double the stack on them, woo
I be the Bonnie and you be my Clyde
We ride or die, X's and O's

시간은 흘러가는데
마음만 급해지지
내 세상은 너 하나만 missing you
서툰 날 won't you set me free-e-e-e?

Baby, 날 터질 것처럼 안아줘
그만 생각해, 뭐가 그리 어려워?
거짓말처럼 키스해줘, 내가 너에게
마지막 사랑인 것처럼

마지막처럼 (Yeah), 마-마-마지막처럼 (Yeah)
마지막 밤인 것처럼 love
마지막처럼 (Yeah), 마-마-마지막처럼 (Yeah)
내일 따윈 없는 것처럼 love

One, two, three, 새로운 시작이야
절대 뒤돌아보진 않을 거니까
날 너에게 던지면 너는 날 꼭 잡아줘
세상은 우릴 꺾지 못할 테니까
(BLACKPINK in your area)
(
BLACKPINK in your—
)

Baby, 날 터질 것처럼 안아줘
그만 생각해, 뭐가 그리 어려워?
거짓말처럼 키스해줘 내가 너에게
마지막 사랑인 것처럼

마지막처럼 (Yeah), 마-마-마지막처럼 (Yeah)
마지막 밤인 것처럼, love
마지막처럼 (Yeah), 마-마-마지막처럼 (Yeah)
내일 따윈 없는 것처럼, love",Very Negative,0.6353
YG Entertainment,BLACKPINK,Lovesick Girls,Unknown,957976,"(Lovesick girls)
(Lovesick girls)

영원한 밤
창문 없는 방에 우릴 가둔 love (Love)
What can we say?
매번 아파도 외치는 love (Love)

다치고 망가져도 나
뭘 믿고 버티는 거야
어차피 떠나면 상처투성인
채로 미워하게 될걸
끝장을 보기 전 끝낼 순 없어
이 아픔을 기다린 것처럼

아마 다 잠깐 일지도 몰라
우린 무얼 찾아서 헤매는 걸까
But I don't care, I'll do it over and over
내 세상 속엔 너만 있으면 돼

We are the lovesick girls
네 멋대로 내 사랑을 끝낼순 없어
We are the lovesick girls
이 아픔 없인 난 아무 의미가 없어

But we were born to be alone
Yeah, we were born to be alone
Yeah, we were born to be alone
But why we still looking for love?

No love letters, no X and O's
No love, never, my exes know
No diamond rings, that set in stone
To the left, better left alone
Didn't wanna be a princess, I'm priceless
A prince not even on my list
Love is a drug that I quit
No doctor could help when I'm lovesick

아마 다 잠깐 일지도 몰라
우린 무얼 찾아서 헤매는 걸까
불안한 내 눈빛 속에 널 담아
아프더라도 너만 있으면 돼

We are the lovesick girls
네 멋대로 내 사랑을 끝낼 순 없어
We are the lovesick girls
이 아픔 없인 난 아무 의미가 없어

But we were born to be alone
Yeah, we were born to be alone
Yeah, we were born to be alone
But why we still looking for love?

사랑은 slippin' and fallin'
사랑은 killin' your darlin'
아프다 아물면 또 찾아오는 이 겁 없는 떨림
들리지 않아 what you say
이 아픔이 난 행복해
나를 불쌍해 하는 네가 내 눈엔 더 불쌍해

We are the lovesick girls
네 멋대로 내 사랑을 끝낼 순 없어
We are the lovesick girls
이 아픔없인 난 아무 의미가 없어

One, two

(Lovesick girls) 모두 결국 떠나가고
(Lovesick girls) 내 눈물이 무뎌져도
(Lovesick girls) 아프고 또 아파도
(Lovesick girls)
But we're still looking for love",Very Negative,0.5609
YG Entertainment,BLACKPINK,뚜두뚜두 (DDU-DU DDU-DU),Unknown,920893,"BLACKPINK
Ah yeah, ah yeah
BLACKPINK
Ah yeah, ah yeah

Eh, 착한 얼굴에 그렇지 못한 태도 (Uh)
가녀린 몸매 속 가려진 volume은 두 배로 (Yah, yah, double up)
거침없이 직진 굳이 보진 않지 눈치 (Woo)
Black 하면 Pink 우린 예쁘장한 savage (
BLACKPINK
)

원할 땐 대놓고 뺏지 (Uh)
넌 뭘 해도 칼로 물 베기 (Uh)
두 손엔 가득한 fat check
궁금하면 해봐 fact check
눈 높인 꼭대기
물 만난 물고기
좀 독해 난 toxic
You 혹해, I'm foxy

두 번 생각해
흔한 남들처럼 착한 척은 못 하니까
착각하지 마
쉽게 웃어주는 건 날 위한 거야
아직은 잘 모르겠지
굳이 원하면 test me, 넌 불 보듯이 뻔해
만만한 걸 원했다면
Oh, wait 'til I do what I—

Hit you with that ddu-du, ddu-du, du
Ah yeah, ah yeah
Hit you with that ddu-du, ddu-du, du
Ah yeah, ah yeah
Ddu-du, du-du-du-du-du

(Hit you with that, hit you with that, hit you with that)
BLACKPINK

지금 내가 걸어가는 거린
BLACKPINK four-way 사거리
동서남북 사방으로 run it
너네 버킷리스트 싹 다 I bought it
널 당기는 것도 멀리 밀치는 것도
제멋대로 하는 bad girl
좋건 싫어하건 누가 뭐라 하던
When the bass drop, it's another banger

두 번 생각해
흔한 남들처럼 착한 척은 못 하니까
착각하지 마
쉽게 웃어주는 건 날 위한 거야
아직은 잘 모르겠지
굳이 원하면 test me, 넌 불 보듯이 뻔해
만만한 걸 원했다면
Oh, wait 'til I do what I—

Hit you with that ddu-du, ddu-du, du
Ah yeah, ah yeah
Hit you with that ddu-du, ddu-du, du
Ah yeah, ah yeah
Ddu-du, du-du-du-du-du

What you gonna do when I come, come through
With that, that uh? Uh-huh
What you gonna do when I come, come through
With that, that uh? Uh-huh
뜨거워, 뜨거워, 뜨거워 like fire
(Ddu-du, du-du-du-du-du, ddu-du, du-du-du-du-du)
뜨거워, 뜨거워, 뜨거워 like fire
(Ddu-du, du-du-du-du-du, ddu-du, du-du-du-du-du)

BLACKPINK
Hey
(Ddu-du, du-du-du-du, du-du-du-du)
Ah yeah, ah yeah, ah yeah, ah yeah
뜨거워, 뜨거워, 뜨거워 like fire
Hey
뜨거워, 뜨거워, 뜨거워 like fire
Hit you with that ddu-du, ddu-du, du",Very Negative,0.4083
YG Entertainment,BLACKPINK,뛰어 (JUMP),Unknown,872192,"I'm not that easy to tame
You should see me under these lights, all my tears turn to ice
That's the sweetest escape
Every time the feeling kicks in, I might stay through the night

Bet you get it now
Rocked that, didn't I?
착각 하지 마
누가 누군지, woah
Think you're running that?
Guess we gunnin' back
You know I walk, yeah, I talk it
눈 감고, 하나, 둘, 셋 (뛰어)

뛰어
뛰어
뛰어
뛰어
So come up with me, I'll take you high
That Prima donna, spice up your life
You know I got that shit that you like
So come up with me, run up, uh, jump (뛰어)

Watch me runnin' up the place
I'm already stuntin' and my girls are on the way (뛰어)
Watch me open up the place
Wanna see you bumpin', baby, bouncin' to the bass

Arе you not entertained? (No)
I ain't gotta еxplain (No)
I'm with all of my sisters (Ah)
Got 'em going insane, yeah (Yeah)
You know we on a mission (Yeah)
All gas, no brakes, yeah (Woo, woo, woo)
Breaking out of the system
Breaking out of this cage, yeah

Bet you get it now
Ate that, didn't I?
순간 잊지 마
누가 누군지, oh
Think you runnin' that?
Guess we gunnin' back
You know I walk, yeah, I talk it
눈 감고, 하나, 둘, 셋 (뛰어)

뛰-뛰-뛰어
뛰어
뛰어
뛰어
So come up with me, I'll take you high
That Prima donna, spice up your life
You know I got that shit that you like
So come up with me, run up, uh, jump (뛰어)

Watch me runnin' up the place
I'm already stuntin' and my girls are on the way (뛰어)
Watch me open up the place
Wanna see you bumpin', baby, bouncin' to the bass

BLACKPINK in your area
뛰어
뛰어",Very Positive,0.7977
YG Entertainment,BLACKPINK,How You Like That,Unknown,802662,"BLACKPINK in your area

보란 듯이 무너졌어
바닥을 뚫고 저 지하까지
옷 끝자락 잡겠다고
저 높이 두 손을 뻗어봐도

다시 캄캄한 이곳에 light up the sky
네 두 눈을 보며 I'll kiss you bye
실컷 비웃어라 꼴좋으니까
이제 너희 하나 둘 셋

Ha, how you like that? (Woo)
You gon' like that, that-that-that, that, that-that-that, that
How you like that?
 (
Bada bing, bada boom, boom, boom
)
How you like that, that-that-that, that, that-that-that, that?

Now, look at you, now look at me (Uh)
Look at you, now look at me (Uh)
Look at you, now look at me
How you like that?
Now, look at you, now look at me (Uh)
Look at you, now look at me (Uh)
Look at you, now look at me
How you like that?

Your girl need it all and that's a hundred
백 개 중에 백 내 몫을 원해
Karma come and get some
딱하지만 어쩔 수 없잖아
What's up? I'm right back
방아쇠를 cock back
Plain Jane get hijacked, don't like me?
Then tell me how you like that, like that

더 캄캄한 이곳에 shine like the stars
그 미소를 띠며 I'll kiss you goodbye
실컷 비웃어라 꼴좋으니까
이제 너희 하나 둘 셋

Ha, how you like that? (Woo)
You gon' like that, that-that-that, that, that-that-that, that
How you like that? (
Bada bing, bada boom, boom, boom
)
How you like that, that-that-that, that, that-that-that, that?

Now, look at you, now look at me (Uh)
Look at you, now look at me (Uh)
Look at you, now look at me
How you like that?
Now, look at you now, look at me (Uh)
Look at you, now look at me (Uh)
Look at you, now look at me
How you like that?

날개 잃은 채로 추락했던 날
어두운 나날 속에 갇혀 있던 날
그때쯤에 
넌 날 끝내야 했어
Look up in the sky
It's a bird, it's a plane

Yeah-eah-eah-eah
Bring out your boss bitch
Yeah-eah-eah-eah
BLACKPINK!

Ddu, ddu, ddu, ddu-ddu-ddu
Ddu, ddu, ddu, ddu-ddu-ddu
How you like that?
Ddu, ddu, ddu, ddu-ddu-ddu
Ddu, ddu, ddu, du-du-du-ddu
You gon' like that
Ddu, ddu, ddu, ddu-ddu-ddu
Ddu, ddu, ddu, ddu-ddu-ddu
How you like that?
Ddu, ddu, ddu, ddu-ddu-ddu
Ddu, ddu, ddu, du-du-du-ddu",Very Positive,0.4316
YG Entertainment,BLACKPINK,Love To Hate Me,Unknown,798073,"Love, l-l-love, l-l-love how you love to hate me

Kinda sad that you always been like that
See me making waves and you don't like that
Driving through your puddles going splish, splash
(Splish, splash, splish, splash)
Stressing over nothing, baby, relax
While you're getting angry, I'ma kick back
Only thing I think about is big stacks
(Racks, racks)

Negative days, negative nights
Baby, you're wasting all your time
I can't relate, I keep it light
No, no, no drama in my life (Uh)

Wake up, yeah, makeup? Maybe
I need you? Nah, I been good lately
Blowin' up, workin' busy

You ain't worth my love if you only love to hate me
Love, l-l-love, l-l-love
How you love to hate me
Love, l-l-love, l-l-love
You ain't worth my love if you only love to hate me

I'ma let you fade into the background
Baby, all my shows are gettin' too loud
Keep on turnin' it up when you want me down
(Me down, me down, me down)

Negative days, negative nights
Baby, you're wasting all your time
I can't relate, I keep it light
No, no, no drama in my life (Uh)

Wake up, yeah, makeup? Maybe
I need you? Nah, I been good lately
Blowin' up, workin' busy

You ain't worth my love if you only love to hate me
Love, l-l-love, l-l-love
How you love to hate me
Love, l-l-love, l-l-love
You ain't worth my love if you only love to hate me

Uh, love to hate me, you hate to love me
I'm takin' back what you've taken from me
You're mistaken, honey, this something that
Remind me why I be alone on my own
If I needed you, I'd have you, that I know, hold up
I could do bad by myself, don't need help
One of a kind, the hand that I was dealt, like, ""Oh, well""
Felt Cupid was stupid, I should have knew it
'Cause I been through it, you wouldn't do it
If it ain't foolish, stupid
(Foolish, stupid)

You ain't worth my love if you only love to hate me
Love, l-l-love, l-l-love
How you love to hate me
Love, l-l-love, l-l-love
You ain't worth my love if you only love to hate me (Uh)
Love, l-l-love, l-l-love
How you love to hate me
Love, l-l-love, l-l-love
You ain't worth my love if you only love to hate me",Very Positive,0.4915
YG Entertainment,BLACKPINK,Kill This Love,Unknown,784215,"Yeah, yeah, yeah
BLACKPINK in your area
Yeah, yeah, yeah

천사 같은 ""Hi"" 끝엔 악마 같은 ""Bye""
매번 미칠듯한 high 뒤엔 뱉어야 하는 price
이건 답이 없는 test, 매번 속더라도, yes
딱한 감정의 노예, 얼어 죽을 사랑해, eh

Here I come kickin' the door, uh
가장 독한 걸로 줘, uh
뻔하디 뻔한 그 love (Love)
더 내놔봐 give me some more (Ah)
알아서 매달려 벼랑 끝에
한마디면 또 like 헤벌레 해
그 따뜻한 떨림이, 새빨간 설렘이
마치 heaven 같겠지만, you might not get in it

Look at me, look at you, 누가 더 아플까?
You smart? (You smart?) 누가? You are
두 눈에 피눈물 흐르게 된다면
So sorry (So sorry), 누가? You are
나 어떡해?
나약한 날 견딜 수 없어
애써 두 눈을 가린 채
사랑의 숨통을 끊어야겠어

Let's kill this love
Yeah-yeah, yeah-yeah, yeah-yeah
Rum, pum-pum, pum-pum, pum-pum
Let's kill this love
Rum, pum-pum, pum-pum, pum-pum

Feelin' like a sinner, it's so fire with him, I go boo-hoo
He said, ""You look crazy,"" thank you, baby, I owe it all to you
Got me all messed up, his love is my favorite
But you plus me, sadly, can be dangerous

Lucky me, lucky you, 결국엔 거짓말
We lie (We lie), so what? So what?
만약에 내가 널 지우게 된다면
So sorry (So sorry), I'm not sorry
나 어떡해?
나약한 날 견딜 수 없어
애써 눈물을 감춘 채
사랑의 숨통을 끊어야겠어

Let's kill this love
Yeah-yeah, yeah-yeah, yeah-yeah
Rum, pum-pum, pum-pum, pum-pum
Let's kill this love
Rum, pum-pum, pum-pum, pum-pum

We all commit to love
That makes you cry, oh
We're all making love
That kills you inside, yeah

We must kill this love (Yeah, yeah)
Yeah, it's sad but true
Gotta kill this love (Yeah, yeah)
Before it kills you too
Kill this love (Yeah, yeah)
Yeah, it's sad but true
Gotta kill this love (Yeah, yeah)
Gotta kill, let's kill this love",Very Positive,0.7107
YG Entertainment,BLACKPINK,Typa Girl,Unknown,713781,"Typa girl that'll make you wanna dream (Me)
Typa girl that came straight off of the screen
 (
Screen
)
Typa girl you wanna ice up, make me freeze (Ha, ha)
Typa girl you wanna wife up, sign the pre

I bring money to the table, not your dinner
Both my body and my bank account, good figure
Thinking 'bout me, but there's nothing to consider
If I let you in my circle, you a winner

Didn't know that you were cold 'til you felt my fire
Heaven's gate just opened up, hearing choirs
If you saying something else, you a liar

'Cause I'm that girl that drive you crazy, but you can't leave me alone
Got you thinking maybe I went supernatural
Put you under spells or look into a crystal ball
I'm not like these other girls at all
I'm the typa girl that make you forget that you got a type
Type that make you love me when the only thing you done is like
I'm that typa girl, I'm that typa girl
I'm that typa girl, I'm that typa girl

Like du-du-dun, du-lu-lu-lun
Like du-du-dun, du-lu-lu-lun

Uh, I'm the type of girl that everybody type
Double tap, tap, tap what everybody like
You can check my stats, got everybody's eye
And I run them laps 'round everybody's mind
All of these girls on some uppercase shit
That mean they all cap
Being the best at whatever I do
That's sounding on brand

Typa girl that you wish for when you blow that candle out
Typa girl that you wanna take back to your mama house
Typa girl that don't ask for what she wants, she's takin' out
Typa girl who got bag in same quality as Chanel

Now you know that you were cold 'cause you felt my fire
Heaven's gate just opened up, hearing choirs
If you saying something else, you a liar

'Cause I'm that girl that drive you crazy, but you can't leave me alone
Got you thinking maybe I went supernatural
Put you under spells or look into a crystal ball
I'm not like these other girls at all
I'm the typa girl that make you forget that you got a type
Type that make you love me when the only thing you done is like
I'm that typa girl, I'm that typa girl
I'm that typa girl, I'm that typa girl

Like du-du-dun, du-lu-lu-lun
Like du-du-dun, du-lu-lu-lun",Very Positive,0.6734
YG Entertainment,BLACKPINK,Pretty Savage,Unknown,693842,"Uh-huh, uh-huh
Uh-huh, uh-huh (Prrr)
BLACKPINK in your area (Uh-huh, uh-huh)
BLACKPINK in your area (Uh-huh, uh-huh)

비슷한 것 같지, 우린 뼛속까지 다름
아이 창피하다가도 멍석 깔면 바름
Born skinny, bitch, 암만 살쪄도 난 마름
계산은 느려도 눈치는 빠름
인기를 논하자면 안 해 입만 아픔
F boys, not my boys, 싹둑싹둑 자름
우리 이름 틀린다면 뚜두뚜두 맞음
Drip, drip, ice it out, bust it down, top to the bottom

(Oh-oh-oh-oh)
검은색 분홍빛이
All up in it, make it lit, like
(Oh-oh-oh-oh)
Yeah, we some bitches you can't manage
또 이 어려운 걸 해내지
우린 예쁘장한 savage
We some 예쁘장한 savage

(Ooh) Bah-dah-bah-bah
You better run, run, run
(Ooh) Bah-dah-bah-bah
You better run, run, run

All my diamonds, they yellow or bright white (Bing)
Got 'em blind, can't find me, I'm outta sight (Sight)
If you mad, stay mad, we not alike (Uh-uh)
S-A-V-A-G-E, keep it pretty, pretty savage

비슷한 걸 걸쳤지만 자태부터 다름
짠 하고 나타나면 카펫부터 깔음
BLACK 했다, PINK 했다, 내 맘대로 바꿈
네 질투가 문제야, maybe I'm the problem

(Oh-oh-oh-oh)
검은색 분홍빛이
All up in it, make it rain, like
(Oh-oh-oh-oh)
Yeah, we some bitches you can't manage
또 이 어려운 걸 해내지
우린 예쁘장한 savage
We some 예쁘장한 savagе

(Ooh) Bah-dah-bah-bah
You better run, run, run
(Ooh) Bah-dah-bah-bah
You bettеr run, run, run

All my diamonds, they yellow or bright white (Bing)
Got 'em blind, can't find me, I'm outta sight (Sight)
If you mad, stay mad, we not alike (Uh-uh)
S-A-V-A-G-E, keep it pretty, pretty savage

Pretty girl (Pretty girl)
웃어주지만 마냥 약하진 않아
And I wish you would (Wish you would)
비바람이 불수록 더 높이 날아
I got nothin' left to say to you
원하면 보여줄게 attitude
굳이 말 안 해도 다 알잖아
You know

Savage
봐도 봐도 예쁘장한
Savage
So pretty, pretty, pretty, pretty
Savage
봐도 봐도 예쁘장한
Savage
So pretty, pretty, pretty, pretty",Very Positive,0.331
YG Entertainment,BLACKPINK,Crazy Over You,Unknown,621328,"I've been known to kiss and tell
Send girls to wishing wells
If you're my man, I want you to myself
I know I'll have enemies long as you're into me
But I don't care 'cause I got what I need
Oh, yeah, need to get with the program
Boy, I keep you close like slow dance
Hit you with that red, don't go there, no, no, man
Met him, then get him, I make sure we stay
Got the venom to dead him if he want a snake
I mean, sneak, I mean, play hide-and-seek
Know that I'm gonna find you
Make sure you get left or you lеave

I saw you
And knew what I was trying to do
I had to play it real, rеal smooth
And once I finally made my move

I went crazy over you (Ah, ah)
Over you, only you (Ah, ah)
I went crazy over you
Like e-e-e-e, e-e-e-e, e-e-e-e

Feels wrong, but it's right, right?
Blacked out, no night light
Pinked out like Fight Night
Maxed out of my mind
And the price right
Might buy, might bite
Never the regular degular
Would clean my mess up
But I'd rather mess it up
Simple is so-so, I need that oh no
Don't you know I'm loco?

I saw you
And knew what I was trying to do
I had to play it real, real smooth
And once I finally made my move

I went crazy over you (Ah, ah)
Over you, only you (Ah, ah)
I went crazy over you
Like e-e-e-e, e-e-e-e, e-e-e-e

Boy, by the time I'm done
I won't be the only one
Acting like you made me
You can't blame me
Swear once you get a taste
You gon' take my place
And you'll love me crazy

Sound the alarms
I'ma be mad 'til you get me back in them arms
Ah-ah, ah-ah, ah-ah
Charge
Give me all you got, go insane with it, better love hard
Love me like crazy, I love you crazy",Very Positive,0.7914
YG Entertainment,BLACKPINK,Pink Venom,Unknown,603471,"BLACKPINK, BLACKPINK
BLACKPINK, BLACKPINK

Kick in the door, waving the coco
팝콘 이나 챙겨 껴들 생각 말고
I talk that talk, runways I walk, walk
눈 감고 pop, pop 안 봐도 척
One by one, then two by two내 손끝 툭 하나에 다 무너지는 중
가짜 쇼 치곤 화려했지
Makes no sense, you couldn't get a dollar outta me

자 오늘 밤이야
난 독을 품은 꽃
네 혼을 빼앗은 다음
Look what you made us do
천천히 널 잠재울 fire (Fire)
잔인할 만큼 아름다워
I bring the pain like

This that pink venom, this that pink venom
This that pink venom, get 'em, get 'em, get 'em
Straight to ya dome like woah, woah, woah
Straight to ya dome like ah, ah, ah
Taste that pink venom, taste that pink venom
Taste that pink venom, get 'em, get 'em, get 'em
Straight to ya dome like
 woah, woah, woah
Straight to ya domе like
 ah, ah, ah

Black paint and ammo, got bodies like Rambo
Rеst in peace, please light up a candle, this the life of a vandal
Masked up and I'm still in CELINE
Designer crimes or it wouldn't be me (Ooh)
Diamonds shinin', drive in silence, I don't mind it, I'm riding
Flying private side by side with the pilot up in the sky
And I'm wildin', stylin' on them and there's no chance
'Cause we got bodies on bodies like this a slow dance

자 오늘 밤이야
난 독을 품은 꽃
네 혼을 빼앗은 다음
Look what you made us do
천천히 널 잠재울 fire (Fire)
잔인할 만큼 아름다워
I bring the pain like

This that pink venom, this that pink venom
This that pink venom, get 'em, get 'em, get 'em
Straight to ya dome like 
woah, woah, woah
Straight to ya dome like 
ah, ah, ah
Taste that pink venom, taste that pink venom
Taste that pink venom, get 'em, get 'em, get 'em
Straight to ya dome like woah, woah, woah
Straight to ya dome like ah, ah, ah

원한다면 provoke us
감당 못해 and you know this
이미 퍼져버린 shot that potion
네 눈앞은 핑크빛 ocean
Come and give me all the smoke
도 아니면 모 like I'm so rock and roll
Come and give me all the smoke
다 줄 세워 봐 자 stop, drop
I bring the pain like

Brra-ta-ta-ta, trra-ta-ta-ta
Brra-ta-ta-ta, trra-ta-ta-ta
Brra-ta-ta-ta, trra-ta-ta-ta
Straight to ya, straight to ya, straight to ya dome like
Brra-ta-ta-ta, trra-ta-ta-ta (BLACKPINK)
Brra-ta-ta-ta, trra-ta-ta-ta (BLACKPINK)
Brra-ta-ta-ta, trra-ta-ta-ta (BLACKPINK)
I bring the pain like",Very Positive,0.6101
YG Entertainment,BLACKPINK,THE GIRLS,Unknown,517522,"Li-Li-Lindgren (Hey)
BLACKPINK in your area
(Ah)
Don't mess with the girls, with the girls, with the girls (Hey)

If ya with it, then I'm with it, get it started
Got no time for no itty-bitty parties
See the numbers and it's already charted
Run it up, run it up, ah-woo
See the, see the black rims, pink headlights
Bring the, bring the bags in, yah, they all mine
Diamond-plated names bouncin' on our necklines
Light it up, light it up, uh-woo

Vroom vroom, better get out of the way
Comin' through, through, everybody know the name
Hear the boom boom, 'bout to hit you with the bass
From the front to the back, I'ma put it in your face

Live fast, we do it like that
And we don't lie, we born to be mad
Better come right or never come back
Don't mess with the girls, with the girls, with the girls
Stop sign, we're burnin' it down
Better watch out, we comin' in loud
Bang, bang, just playin' around
Don't mess with the girls, with the girls, with the girls (Hey)

Don't mess with the girls, with the girls, with the girls

Mess with us, you messed up (Up)
You so messy, dress up
Catch up, pedal to the metal, get it, rev up
You never, we now and next up
BP on repeat
We heat like tiki, waikiki
Really believe you can beat me?
Believe me, we be like kiki
Take it easy (Easy)
Take a breath (Take a breath)
You mess around (Mess around)
We make a mess, say less, yes
That ain't just a flex
Paved the way and busted left
If we left, there's nothing left
But the rest, what a mess

Live fast, we do it like that
And we don't lie, we born to be mad
Better come right or never come back
Don't mess with the girls, with the girls, with the girls
Stop sign, we're burnin' it down
Better watch out, we comin' in loud
Bang, bang, just playin' around
Don't mess with the girls, with the girls, with the girls (Hey)

Don't mess with the girls, with the girls, with the girls",Very Positive,0.4689
YG Entertainment,BLACKPINK,Tally,Unknown,498236,"I say ""Fuck it"" when I feel it
'Cause no one's keepin' tally
I do what I want with who I like
I ain't gon' conceal it
While you talkin' all that shit
I'll be gettin' mine, gettin' mine

Don't apologize for my behavior
If you're offended, I don't care
Starin' at me 'stead of starin' in the mirror
Little weird how

Everybody tells me to play nice
Everybody judge, but looking twice
But my body don't belong to, nah-uh-uh, none of them though
And I'm not gonna change 'cause you say so

I say ""Fuck it"" when I feel it
'Cause no one's keepin' tally
I do what I want with who I like
I ain't gon' conceal it
While you talkin' all that shit
I'll be gettin' mine, gettin' mine
Yeah, I say ""Fuck it"" when I feel it
'Cause no one's keepin' tally
I do what I want with who I like
And I ain't gon' conceal it
I'll just do it like the boys say
I'm gettin' mine, gettin' mine

Told me to play it cool
I break the rules, I'm breaking hearts in two
Warned me to make the rules
Or play the fool, it ain't that hard to choose
Take apart the dos and don'ts
And lose the won'ts, I'm gettin' mine
Mines is mine, yours is mine
This is mine, get in line

Sometimes, I like to go play dirty
Just like all of the fuck boys do
That's my choice and there's no one I'm hurting
And that's not girly

Everybody tells me to play nice
Everybody judge, but lookin' twice
But my body don't belong to, nah-uh-uh, none of them though
And I'm not gonna change 'cause you say so

I say ""Fuck it"" when I feel it
'Cause no one's keepin' tally
I do what I want with who I like
I ain't gon' conceal it
While you talkin' all that shit
I'll be gettin' mine, gettin' mine
Yeah, I say ""Fuck it"" when I feel it
'Cause no one's keepin' tally
I do what I want with who I like
And I ain't gon' conceal it
I'll just do it like the boys say
I'm gettin' mine, gettin' mine

(Yeah, I say ""Fuck it"" when I feel it)
(And I ain't gon' conceal it)",Very Negative,0.5115
YG Entertainment,BLACKPINK,Bet You Wanna,Unknown,492907,"BLACKPINK
Cardi

Tell me where you wanna go
I'll meet you with my bags at the door
Uh, I'm gonna make you go blind
Every time I walk, my hips, they don't lie
Take me to your paradise
'Cause I don't wanna wait anymore
Uh, I'll say it one more time
Every time I walk, my hips, they don't lie

You wanna touch, wanna touch? Of course you wanna
You wanna run with my love, I know you wanna
From the club to the tub, you said you wanna
Give me an all night hug, I bet you wanna
I bet you wanna, I bet you wanna
I bet you, I bet you, I bet you wanna
I bet you wanna, I bet you wanna

Something 'bout me's taking you higher (Hey, hey)
And you ain't evеr gonna come down (You ain't ever, you ain't еver)
I'm lighting your fire (Hey, hey)
And it ain't ever gonna go out (It ain't ever, it ain't ever)

Cardi
Take the car keys, drive me crazy (Vroom)
Cardi a good catch, but you gotta chase me (Ha)
Grab my waistline, but don't ever waste me (Mmm)
Turn on ""Please Me,"" but don't ever play me (No)
One of a kind, you can't replace me (Yes)
Time to shine, I bust down the AP (Bing)
The stakes is higher (Hey)
Let's do what we both desire (Hey)
On God, like I'm in the choir (Woo)
I bet you if you make me sweat, I'll still be on fire

You wanna touch, wanna touch? Of course you wanna
You wanna run with my love, I know you wanna
From the club to the tub, you said you wanna
Give me an all night hug, I bet you wanna
I bet you wanna, I bet you wanna
I bet you, I bet you, I bet you wanna
I bet you wanna, I bet you wanna

Something 'bout me's taking you higher (Hey, hey)
And you ain't ever gonna come down (You ain't ever, you ain't ever)
I'm lighting your fire (Hey, hey)
And it ain't ever gonna go out (It ain't ever, it ain't ever)

If you want me (Me), bet a bit higher
Wanna look down (Down), up in the sky, yeah
(Higher, higher, higher, higher, higher)
Boy, better pick it up so damn high
Lookin' so thick (Thick), make you desire
I'm a whole bit (Bit), keep you up higher
(Higher, higher, higher, higher, higher)

Something 'bout me's taking you higher (Hey, hey)
And you ain't ever gonna come down (You ain't ever, you ain't ever)
I'm lighting your fire (Ah)
And it ain't ever gonna go out (It ain't ever, it ain't ever)
Something 'bout me's taking you higher (Hey)
And you ain't ever gonna come down (You ain't ever, you ain't ever)

Bet you wanna love this, ah",Very Positive,0.7031
YG Entertainment,TREASURE,IF I,Unknown,38691,"What if I did something that's unforgivable?
Hiding my potential like it's criminal
But I got an alter ego like a whole other human
Seeing me for how I really am, but I can do the same (Let's go)

No, I don't think, I react (Uh)
Big step, big moves
I don't chase, I attract
Too loud, too fast
Whole room, jump back
I ain't here for the rules
I'm here for the impact
Mm, that money bounce
Like me, no sleep, caffeine
Dopamine, drippin'
Small core, big dreams
You want calm want peace
I want noise that heat
7chill go dumb
Yeah, ain't no one check me
(Slay)

Ain't nobody ever gonna forget my name
Bullets ricochet it don't matter, I know where the battle is
Me versus me everyday
So bang, bang, the enemy, here comes the best of me (Mhm, let's go)

If I win, you love me (Uh)
If I win too big, you don't trust me (Uh)
If I win, you love me (Uh)
If I win too big, you don't trust me (Uh)
If I go, can't stop me (Uh)
If I jump, nobody gon' touch me (Uh)
If I go, can't stop me (Uh)
If I jump, nobody gon' touch me (Uh)

If I, if I, if I, if I move, whole crowd going like
(Wa-ah-ah-ah-ah-ah-ah-ah-ah-ah-ah-ah-ah-ah-ah-ah)
If I, if I, if I, if I come, no doubt, they gonna
(Hi-i-i-i-i-i-i-i-i-i-i-i-i-i-i-ide)

Mask on, brain gone
Hate the game, don't play nice
Heart cold, head strong
Got the fame, paid the price
You call it a passion, your limitation
My domination, catching you fall
You're trippin' like I'm black ice
(Ah-ah)

You bitter 'cause I'm better
Under pressure (Ah-ah)
Turned my shadow into halo
That's that treasure (Yeah, yeah)
My confidence give you a complex
So you better brush off the cobwebs
I'm counting my blessings and prospects
You know that

Ain't nobody ever gonna forget my name
Bullets ricochet it don't matter, I know where the battle is
Me versus me everyday
So bang, bang, the enemy, here comes the best of me (Mhm, let's go)

If I win, you love me (Uh)
If I win too big, you don't trust me (Uh)
If I win, you love me (Uh)
If I win too big, you don't trust me (Uh)
If I go, can't stop me (Uh)
If I jump, nobody gon' touch me (Uh)
If I go, can't stop me (Uh)
If I jump, nobody gon' touch me (Uh)

If I, if I, if I, if I move, whole crowd going like
(Wa-ah-ah-ah-ah-ah-ah-ah-ah-ah-ah-ah-ah-ah-ah-ah)
If I, if I, if I, if I come, no doubt, they gonna
(Hi-i-i-i-i-i-i-i-i-i-i-i-i-i-i-ide)

(Jump, jump) I make 'em
(Jump, jump) I make you
(Jump, jump) I make you
(Jump, jump) Everybody
(Jump, jump) Let's get it
(Jump, jump) Let's get it
(Jump, jump) Let's get it
(Jump, jump) Everybody
If I say go (Go)
You say go (Go)
If I say one (One)
We number one (One)
If I move (Move)
You gon' move (Move)
If I jump (Jump)
You gon' jump (Jump), jump",Very Positive,0.7282
YG Entertainment,TREASURE,EVERYDAY,Unknown,32121,"Oh, woah, woah
Oh, no
Mm-mm
Yeah

미안 미안 나 요즘 바빠라며
단답만 했던 나였던 거야
맘이 갑갑해서
조금 답답해서
담담한 척했지만 숨겼던 거야
얼마나 보고팠는지 너는 모를 거야
말은 안 해도
매일 보고 싶었어

말도 안돼 내가 왜 이래
예전 같지 않아 mayday
밖을 걸어볼까
하다 네 생각이나
너도 같은 생각일까
하면 또 잠이 안 와
미안한 마음이 또 앞서니까, yeah

기운이 없고 힘이 풀릴 때
밥을 먹어도 배가 고플 때
너가 없을 때 난 그래
There's no other reason
불이 꺼지고 막이 내릴 때
집에 가서 잠을 청할 때
익숙해진 외로움과
나의 하루를

위로해줄래
네 품에 기대
힘든 일도 없던 일로
*그렇게 내일도 널 찾아갈게*
위로해줄래
네 품에 기대
힘든 일도 없던 일로
**그렇게 내일도 널 찾아갈게**
Everyday

맞아 난 아직 어리숙해
서툴고 낯설기만 한데
용기를 낼게 너에게
Could you be the one? My one and only lover

어두웠었던 내 삶에
의미를 준 너를 원해
어디에 있건 뭐를 하려던
서로 사랑할 수밖에
어떤 말들로도 부족해
So I'll go next to you
그렇게 널 안아줄 거야
걱정말로 wait for me

기운이 없고 힘이 풀릴 때
밥을 먹어도 배가 고플 때
너가 없을 때 난 그래
There's no other reason
불이 꺼지고 막이 내릴 때
집에 가서 잠을 청할 때
익숙해진 외로움과
나의 하루를

너의 하루는 어떤지
외롭지는 않은지
나는 궁금해 매일 생각해
수많은 울음과 할 말은 많지만
Yeah, 조심스레 다가갈게
서로 지치지 않게
우리 약속해 잊지 않기로 해
쉽진 않겠지만 woah

위로해줄래
네 품에 기대
힘든 일도 없던 일로
그렇게 내일도 널 찾아갈게
위로해줄래
네 품에 기대
힘든 일도 없던 일로
그렇게 내일도 널 찾아갈게
Everyday",Very Negative,0.7821
YG Entertainment,TREASURE,사랑해 (I LOVE YOU),Unknown,28247,"Oh-ooh-woah
Oh-ooh-woah

떠올린 네 생각에
머리가 좀 복잡해
깨질 것만 같아
가득한 fantasy
궁금한 mystery
제발 힌트를 줘

사소한 것 하나까지 널 따라해
실수한 건 아냐 자연스럽게, yeah
이미 몸에 깊게 배인 너란 향기에
중독이 돼 버린 거야

너 없인 난 아무것도 못 해 (아무것도)
내가 바보 같아 보이겠지, yeah
심장이 너 없인 뛰질 못해 (뛰질 못해)
머리부터 발끝까지 모두

다 사랑해
널 사랑해 (*I'm lovin' and lovin' and love ya*)
널 사랑해
널 사랑해 (*I'm lovin' and lovin' and love*)

Hold up, love you, my boo (Ayy, ayy)
잠깐의 불씨가 퍼져, flame
절대로 벗어나지 마 내 frame
부피가 커진 내 감정이 백 퍼센트
너로 차올라 내 품에 come on in
Come on in, come on in, 내게로 넌
나만 바라봐 뜨거운 태양처럼
맘대로 내 맘을 뒤집어 놓고
돌아서지 마, 내 손을 잡아

밖에 못 나가 너 때매 미쳐
주체 못 하는 beast
달빛 아래 네게 노랠 불러
들리니? Where you at, my boo?

너 없인 난 아무것도 못 해 (아무것도)
내가 바보 같아 보이겠지, yeah
심장이 너 없인 뛰질 못해 (뛰질 못해)
머리부터 발끝까지 모두

다 사랑해
널 사랑해 (*I'm lovin' and lovin' and love ya*)
널 사랑해
널 사랑해 (*I'm lovin' and lovin' and love*)

Oh my God
매일 up and down
건조한 날 흠뻑 적신 건 너야
매일 밤 너란 사람 때매
미쳐 버린 거야
수위 조절 실패야
Oh oh oh

너 없인 난 아무것도 못 해 (아무것도; Ah)
내가 바보 같아 보이겠지, yeah (보이겠지, yeah)
심장이 너 없인 뛰질 못해 (뛰질 못해)
머리부터 발끝까지 모두

We goin' hard
더 뜨겁게, la-la-la-la-la
We make it pop
불태울게, la-la-la-la-la
Put your hands up
In the air, say la-la-la-la-la
Let's make love (Hey)
Let's make love (Hey)

다 사랑해
널 사랑해
널 사랑해
널 사랑해",Very Positive,0.4495
YG Entertainment,TREASURE,미쳐가네 (GOING CRAZY),Unknown,27672,"미쳐가네
I'm going crazy

오늘도 난 너를 바라보고 있어
늘 대답 없는 너를 다시 불러봐
하지만 (하지만)
너의 두 눈엔 나만 없는 것 같아 (I'm going crazy)
I'm going crazy (Roll, action)
감정이 몰입이 됐어
연기라면 이것은 메소드
하지만 현실이야
새로운 느낌이 느낌이
Call me freaky, freaky, boy
배배 꼬인 우리 body
I'm going crazy

왜 난 너에게 다가갈수록
넌 내 곁에서 멀어지는지
난 너의 곁에 항상 숨을 쉬고 싶은데
넌 나의 맘을 모르니

미쳐가네 나는 미쳐가네
미쳐가네 네게 미쳐가네
난 너에게 빠져있어
널 사랑하고 있어 (I'm going crazy)
This must be crazy love
This must be crazy love
혼자만의 사랑은 하기 싫어
This is crazy love (I'm not crazy; *I'm going crazy*)

보이지도 않는
너와 난 밀당을 하고 있어
계속 잡힐 듯 말 듯
남기고 간 향기가 너무나 짙어
난 미친 듯이 춤을 추며
네 이름을 외쳐
24/7, A-day 고민
매일 해 내 머릿속 계속 맴돌아, crazy

왜 난 너에게 다가갈수록
넌 내 곁에서 멀어지는지
난 너의 곁에 항상 숨을 쉬고 싶은데
넌 나의 맘을 모르니

미쳐가네 나는 미쳐가네
미쳐가네 네게 미쳐가네
난 너에게 빠져있어
널 사랑하고 있어 (*I'm going crazy*)
This must be crazy love
This must be crazy love
혼자만의 사랑은 하기 싫어
This is crazy love (I'm not crazy)

미쳐가네
미쳐가네
미쳐가네
미쳐가네

오직 널 사랑하고 있어
내 마음은 널 기다리고 있어
하지만 넌 오늘도 내게
없는 것 같아 (I'm going crazy)

(Ooh-ooh-ooh, ooh-ooh-ooh)
앞만 봐 오직 너만을 향해 달려가고 있어
(Ooh-ooh-ooh, ooh-ooh-ooh)
가끔 쓰러져도 돼 I never give up
(Ooh-ooh-ooh, ooh-ooh-ooh)
나를 잡아줘 나의 날개가 되어 뛰자 하늘 위로
(I'm not crazy, I'm not crazy)
절대 포기 못 해, we're going all the way

This must be crazy love (Crazy love)
This must be crazy love (Crazy love)
혼자만의 사랑은 하기 싫어
This is crazy love (I'm not crazy)",Very Positive,0.6483
YG Entertainment,TREASURE,직진 (JIKJIN),Unknown,21031,"TREASURE

잡힐 듯 잡히지 않는 신기루 같아 넌
Ooh-ooh-ooh-ooh-ooh-ooh
월 화 수 목 금 토 일 네 생각에 난 미쳐가
I'm addicted to your love

I'm on fire
불붙은 이 감정 멈출 순 없어
*깊게 빠져*
(천천히 네 안에 잠기고 싶어)
이건 중독이야
I just can't get enough
난 너를 향해 divin' 전부 all in
헤어날 수 없는 끌림

You're the one, 기다려왔어
바라볼수록 아름다워
You're the sun, 가릴 수 없어
두 눈이 멀어도

너에게로 직진
(Hoo-ooh-ooh-ooh-ooh)
직진 (Hoo)
너에게로 직진
(Hoo-ooh-ooh-ooh-ooh)
*직진*
Pedal to the metal, hoo

Yo
너에게로 직진 사랑에 미침
다른 녀석들은 싹 다 비키라
동에 번쩍 나타난 내 반쪽
그 눈부신 웃음에 홀려 (Yeah)
난 여느 길치와는 다름, ah
헛디디지 않는 발걸음, ah
이미 정답은 너 정해져
어쩔 수 없잖아, what's up?
그냥 직진
No rules, no 지침 (Oh God)
내 감정에 기름을 부어
심장 엔진은 더블로 go, vroom

I'm on fire
불붙은 이 감정 멈출 순 없어
*깊게 빠져*
(천천히 네 안에 잠기고 싶어)
이건 중독이야
I just can't get enough
난 너를 향해 divin', 전부 all in
헤어날 수 없는 끌림

You're the one, 기다려왔어
바라볼수록 아름다워
You're the sun, 가릴 수 없어
두 눈이 멀어도

너에게로 직진
(Hoo-ooh-ooh-ooh-ooh)
직진 (Hoo)
너에게로 직진
(Hoo-ooh-ooh-ooh-ooh)
*직진*
Pedal to the metal, hoo

Can't nobody see us, 우린 하늘 위로
본능만 일깨워 이성은 저 뒤로
We gon' ride, 소리쳐 지구 끝까지 들리게
내 손 꽉 잡아, no turning back

너에게로 직진
Hoo-ooh-ooh-ooh-ooh
Pedal to the metal, hoo
Hoo-ooh-ooh-ooh-ooh
너에게로 직진

Don't stop, 앞만 보고 달려 돌진
Oh, let's go
Pedal to the metal, hoo
Won't stop, 앞만 보고 달려 직진
Oh, let's go
너에게로 직진",Very Positive,0.6779
YG Entertainment,TREASURE,BOY,Unknown,20572,"Woah, oh
Yeah

넌 마치 beautiful danger
쳐다볼 수 없어
너무 눈부신 halo
눈을 가려봐도 숨겨봐도
넌 정말 different
헤어나올 수 없어
터질듯한 내 heartbeat
불을 질러 oh, oh, oh, 더 oh, oh, oh

Oh, no, 온통 머릿속이 messed up
Yo, 오늘따라 미치겠어
You're so beautiful
말하고 싶어
눈을 마주친 순간 이전의 난
몰랐었어 나의 타입
넌 정말 special treasure
Yeah, I'm gonna be the one, 너를 원해

운명이었던 것처럼, yeah
수많은 사람들 속 너만 보여
I can make you happy
난 꼭 너여야만 해, girl
맘을 열어줘
I just wanna be your boy

I'll be your boy
맘을 열어줘
Be my, be my, be my girl
I'll be your boy
Be my, be my, be my
I just wanna be your boy

지금 막 지금 막
눈이 멀어버릴 것만 같음
숨 막히는 아름다움
I'm so addicted to you, can't control
코끝에 당겨 너의 향기
불장난은 그만 사랑으로 채워 열기
I'm runnin', and runnin', and 널 위해서라면 난
전부 다 걸어 ride or die

운명이었던 것처럼, yeah
수많은 사람들 속 너만 보여
I can make you happy
난 꼭 너여야만 해, girl
맘을 열어줘
I just wanna be your boy

I'll be your boy
맘을 열어줘
Be my, be my, be my girl
I'll be your boy
Be my, be my, be my
I just wanna be your boy

어디서든 빛나
너는 나의 여왕
I'ma ride for you
I'ma ride or die for you, girl
Baby, I'll be yours
Baby, I'll be yours
But you're so far away
이제 맘을 열어줘
(I'm gonna be your boy)

I'll be your boy
Be my, be my, be my girl
내 맘과 같다면
Be my, be my, be my
I just wanna be your boy

다 필요 없어 나와 손을 잡고 run
Shh, TREASURE

Oh, oh, oh, oh, oh, oh, oh, oh
Na, na, na, na, na, now
Oh, oh, oh, oh, oh, oh
맘을 열어줘
Oh, oh, oh, oh, oh, oh, oh, oh
Na, na, na, na, na, now
Oh, oh, oh, oh, oh, oh
I'm gonna be your boy",Very Positive,0.8592
YG Entertainment,TREASURE,다라리 (DARARI),Unknown,17958,"다라라라라라리
널 보고 있음 음악이, baby
너를 위한 melody, melody, yeah
네가 뮤즈니까 잘 들어봐, play it

사실 말이지 since seventeen, yeah
널 지켜봤지 말을 못 했을 뿐
여전히 네 주윌 맴돌아
두 눈을 뗄 수가 없잖아
Oh-oh-oh, 혹시
너도 같은 맘일지는
난 안 궁금해, yeah
난 네가 좋으니까

네 눈빛이 흔들려, you already know
너도 원한다는 걸 네 입가 미소가 번지니까
그걸 보니까
Bonita-nita, 네가
내가 말했었잖아, you already know
네가 맘에 든단 걸 네 긴 머리 날리니까
그걸 보니까
Bonita-nita, 네가

다라라라라라리 (다라라라라라리)
널 보고 있음 음악이, baby (Oh-oh)
너를 위한 melody, melody, yeah
네가 뮤즈니까 잘 들어봐, play it (잘 들어봐, play it)
다라라라라라리 (다라라라라라)
널 보고 있음 음악이, baby (Yeah, yeah)
너를 위한 melody, melody, yeah (Ooh)
네가 뮤즈니까 잘 들어봐, play it

Baby 네 덕분에 쏟아지는 idea
가뭄에 비 오듯 네가 내게 있어, pressure
조금 서툰 내 표현 노랠 빌려 I give you love
모두 널 향해 흘러-oh-oh-oh
따뜻함을 느껴 네 옆에서 난
호빵 같은 따끈한 사랑이 찾아왔어 (Oh-oh)
Mm-mm, excuse me, miss
I L-O-V-E Y-O-U

네 눈빛이 흔들려, you already know
너도 원한다는 걸 네 입가 미소가 번지니까
그걸 보니까
Bonita-nita, 네가
내가 말했었잖아, you already know
네가 맘에 든단 걸 네 긴 머리 날리니까
그걸 보니까
Bonita-nita, 네가

다라라라라라리 (다라라라라라리)
널 보고 있음 음악이, baby (Oh-oh)
너를 위한 melody, melody, yeah
네가 뮤즈니까 잘 들어봐, play it (잘 들어봐, play it)
다라라라라라리 (다라라라라라)
널 보고 있음 음악이, baby (Yeah, yeah)
너를 위한 melody, melody, yeah (Ooh)
네가 뮤즈니까 잘 들어봐, play it

처음 느껴보는 love like this
Give me love like this, show you lovе like this, yeah
따라 불러줄래, sing like this
Oh, sing with mе, 한 번 더, ayy-oh
(Boom, chicky, boom) Can you feel my heartbeat?
(Boom, chicky, boom) *기다리고 있잖아*
(Boom, chicky, boom; Doo-doo, doo-doo)
너에게 닿길 바라 all for you

다라라라라라리 (다라라라라라리)
널 보고 있음 음악이, baby (Oh-oh)
너를 위한 melody, melody, yeah
*네가 뮤즈니까 잘 들어봐, play it* (잘 들어봐, play it)
다라라라라라리 (다라라라라라리)
널 보고 있음 음악이, baby (Yeah, yeah)
너를 위한 melody, melody, yeah (Ooh)
**네가 뮤즈니까 잘 들어봐, play it**

Sol-la-mi-fa-sol
널 닮은 melody (Hey, hey)
Sol-la-mi-fa-sol
Oh, fall in love with me (Fall in love, fall in love)
Sol-la-mi-fa-sol
널 닮은 melody (Hey, hey)
Sol-la-mi-fa-sol (Hey)
Oh, fall in love with me, yeah",Very Positive,0.6234
YG Entertainment,TREASURE,BONA BONA,Unknown,17781,"낮에 타는 태양
새벽의 별 같아
내 세상 속엔 네가
매일 떠오르니까

Baby, don't cry, 꽉 잡아 여길 떠나
너와 내가 영원할 곳으로
'Cause I can't stop, 도망가자 여긴 폭탄
우릴 파괴하는 것들뿐이야

You are magic in my mind
정해진 운명은 없다고 하지만
수만 번 생각해 봐도
눈을 뜨고 태어났을 때부터 난

Born to, born to, born to love ya
Yeah, yeah
Born to, born to, born to love ya
Oh
Born to, born to, born to love ya

Yeah, yeah, yeah (7Chill, go)
홀린 듯이 뒤꽁무니?
쫓아가지, yeah, yeah
홀린 듯이, 더 빠져, deep
Follow your lips, yeah, yeah
네 맘에 문 열어 door, yeah
파고들어 너의 core, yeah
Forever, ever, all long
갈 수 있게, abracadabra
Born to love ya, 널 원해 전부 다
거절은 거절해 난 너 말고
아무것도 안 담아 네 품에 난 갇혀
감싸줘 Xs and Os
널 반복되는 매 생마다, born to love ya, 찾았어
Again and again 돌고 돌아서 마침표 팍
넌 내 마지막
영원히 놓지 않아, no doubt

눈이 번쩍 뜨여졌어 너란 보석
너를 갖고 싶어 훔쳤으니까
나를 던져 너를 건져, come closer
우리 사랑의 시작일 뿐이야

You are magic in my mind
정해진 운명은 없다고 하지만
수만 번 생각해 봐도
눈을 뜨고 태어났을 때부터 난

Born to, born to, born to love ya
Yeah, yeah
Born to, born to, born to love ya
Oh
Born to, born to, born to love ya

아침 해가 뜰 때까지
*Let's speed it up, let's speed it up* (Let's speed it up)
달아나 지구 끝까지
**Let's speed it up, let's speed it up** (Speed it up)
둘만의 섬으로 가자
다른 사람은 안 돼
Baby, you're all that I need, no

넌 내 삶의 climax, 뜨거워져, burning in love
하얗게 불태워, you're my adrenaline
넌 내 삶의 climax, 뜨거워져, burning in love
하얗게 불태워, you'rе my adrenaline

Born to, born to, born to
(Oh, oh-oh-oh-oh)
Love ya, lovе ya, love ya
(Woah-oh-oh-ooh, woah-oh-oh-oh-oh)
Born to, born to, born to
(Oh, oh-oh-oh-oh)
Love ya, love ya, love ya
(Woah-oh-oh-ooh, woah-oh-oh-oh-oh)
Born to, born to, born to love ya",Very Positive,0.8011
YG Entertainment,TREASURE,음 (MMM),Unknown,16997,"Mmm
Mmm
Mmm
Let me treasure you, treasure you, treasure you

깜짝이야! (Yah, yah)
너를 보면 입이 벌어져 활짝
눈부신 빛에 눈이 멀어 내 팔자 (팔자)
또 네 생각을 하고 있지 매일 밤 (매일 밤)
천국의 향기를 맡아 날아올라 (Ayy, ayy)
모든 게 완벽한 오늘이 바로 D-day
둘만의 비밀을 만들어보자 my babe
자연스레 난 널 리드하는 리더가 돼
 (
Follow me
)
사실은 널 보면 떨려
긴장해 날 굳어 버리게 만드는 메두사

너만 보면 놀라 감탄해
(Woah, ayy, ayy)
너의 곁으로 어디든 달려가
(Runnin', runnin', runnin')
그래 나야
겁먹을 필요 없잖아 내 손 잡아
무조건 날 믿어
You know what I'm sayin'
그래 지금 그 눈빛으로
나를 쳐다볼 때

터질 것 같아 너 때매, mmm, yeah
지금 내 심장이 mmm, yeah
미친 것 같아, mmm
(Let me treasure you, treasure you)
터질 것 같아 너 때매 mmm, yeah
위험해 지금 mmm, yeah
비상사태, mmm
(Let me treasure you, treasure you)
터질 것 같아 너 때매

널 좀 더 원해 애원해 want some more
Yeah 넌 내 무릎이 땅에 닿게 만들어 유일해
이 한 몸 바치고픈 여왕이야
넌 마치 명작 같아 필터 따윈 필요 없지
억 소리가 나와 그 값은 감정 불가

너만 보면 놀라 감탄해
(Woah, ayy, ayy)
너의 곁으로 어디든 달려가
(Runnin', runnin', runnin')
그래 나야
겁먹을 필요 없잖아 내 손 잡아
무조건 날 믿어
You know what I'm sayin'
그래 지금 그 눈빛으로
나를 쳐다볼 때

터질 것 같아 너 때매, mmm, yeah
지금 내 심장이 mmm, yeah
미친 것 같아, mmm
(Let me treasure you, treasure you)
터질 것 같아 너 때매 mmm, yeah
위험해 지금 mmm, yeah
비상사태, mmm
(Let me treasurе you, treasure you)

너의 그 미소로 내 깊은 한숨을 날려줘 (깊은 한숨을 날려줘)
지금 이 느낌이 저 하늘에 닿을 때까지 (하늘에 닿을 때까지)
(지금 내 심장이)
조금 더 높은 곳 구름 위를 걷고 싶어 (위를 걷고 싶어)
너를 볼 때마다 꿈에서 깨고 싶지 않아 (꿈에서 깨고 싶지 않아)

다른 여잔 쳐다도 안 봐 난
내겐 오직 여잔 너 하나야
앞만 보며 뛰는 경주마 난
너만 보면 내 심장이
파파 파파파 파파 파파파, fire
내겐 오직 여잔 너 하나야
불끈불끈 타오르는 내 맘
너만 보면 내 심장이
파파 파파파 파파 파파파, firе",Very Positive,0.8705
YG Entertainment,TREASURE,BETTER THAN ME,Unknown,16517,"I'm still alone, missing home
Every song I hear, I'm thinking 'bout you
I'm getting on, but since you're gone
Ain't nobody left for me to turn to

You ran straight to his arms
After crying on my shoulder (Crying on my shoulder)
No matter what you say
He'll never take my place

Does he love you?
And make you feel like a summer day?
Does he touch you?
And does he take all your pain away?
And can he make you smile like a magic?
Jump through the fire and set you free?
It's obvious to see
*He ain't better than me*

No, oh (No)
He ain't bеtter than me
No, oh (No, no)

Tell mе why you said goodbye?
I never lied, I never cheated your heart
And now I find, you cheated mine
It exploded like a shot in the dark

You ran straight to (Straight to) his arms
After crying on my shoulder (Crying on my shoulder)
No matter what you say
He'll never take my place

Does he love you?
And make you feel like a summer day?
Does he touch you?
And does he take all your pain away?
And can he make you smile like a magic?
Jump through the fire and set you free?
It's obvious to see
*He ain't better than me*

He ain't better than me (No)
He ain't better than me
He ain't better than me (No, no)

(Oh) It's too much
When it's all up in my face but I just can't fight
Don't wanna believe it
I'll never believe it, no
Wake me up
When we can live again, live again right
'Cause that's the only way it should be
That's the only way, the only way (Oh, only way)

Does he love you? (Woah)
And make you feel like a summer day? (Feel like a summer day)
Does he touch you?
And does he take all your pain away? (Away)
And can he make you smile like a magic?
Jump through the fire and set you free?
It's obvious to see
*He ain't better than me*

That's why you gotta believe
He ain't better than me",Very Positive,0.4347
YG Entertainment,TREASURE,KING KONG,Unknown,14074,"TREASURE

Girl, you so fire
내 심지에 on it (Yeah, huh)
혈관 깊이 퍼져 타올라
(Gotta, gotta get it)
Yes, I'm the king
What you want? You got it
Let me talk about it, let me talk about it
Let me talk, let me talk, let me talk about it

내 뼛속까지
차오르는 love (Oh, ah, ah)
I wanna get it
Wanna get some more (Break it down now)
This is what we came for, came for
Now we gotta get our game on
Gotta shake the ground
Gonna break it down, go (Ah, ah, ah, ah)

Ooh, 짙은 어둠이 두려워
꺼진 내 불을 밝혀줘
Oh, 난 네 사랑에 숨쉬어
그게 내 세상이니까

Here we go
Make it, make it drop
Yeah, my heart is like King Kong
내 심장이 펑펑
Lose control
Never evеr stop
Do it, here we go, bass drum
Wе go hard, hard, hard, hard

Bass drum, King Kong, 느끼는 진동
네가 원한대로 올라 꼭짓점, uh
함께 둘이 가자 죽지 않아
굳이 발언하지 말어, I don't wanna, wanna, wanna, wanna wait
부수고 뛰어넘고 제끼고
필요 없어 너만 있음 만사 다 okay
But 내 baby에게 책임을 물지 마
죄라면 단지 내 맘을 뛰게함
나도 식겁함
돌 같던 내 맘도
진주 마냥 빛나더라
심장은 쉴 새 없이 ba-ra, bum, bum, bum

내 뼛속까지
차오르는 love (Ooh, ah, ah)
You drive me crazy
And I can't control it
This is what we came for, came for
Now we gotta get our game on
Gotta shake the ground
Gonna break it down, go (Ah, ah, ah, ah)

Ooh, 짙은 어둠이 두려워
꺼진 내 불을 밝혀줘
Oh, 난 네 사랑에 숨쉬어
그게 내 세상이니까

Here we go
Make it, make it drop
Yeah, my heart is like King Kong
내 심장이 펑펑
Lose control
Never ever stop
Do it, here we go, bass drum
We go hard, hard, hard, hard

I'm holding (I'm waiting)
I'm running (I'm fading)
널 끝까지 포기 못해
한 순간 일분 일초까지 (I can be there)
I found you (Come to me)
널 품에 안고 올라
우리 둘만 있는 곳으로

Hoo, hoo

Get up, get up, move it (Move it)
Get up, get up, rock your body (Oh)
Get up, get up, move it
Put 'em up, put 'em up, hey, hit me one more time
Get up, get up, move it (Move it)
Get up, get up, rock your body (Yeah)
Get up, get up, move it
Put 'em up, put 'em up like King Kong",Very Positive,0.7086
YG Entertainment,TREASURE,HELLO,Unknown,12915,"TREASURE
Forever

I've been all alone, 사람들 속에서도
나 혼자 섬인가 봐
아무리 채워봐도
텅 빈 것만 같아
Everywhere I go, 난 미친 것처럼
끝없이 뭔가를 찾아 헤매
I think I’ve had enough, don't wanna be alone
(Where are you? I need you)

우연이라 하지 마
Without you, everything's a lie
왜 이제 나타난 거야
I’m like hello, hello, hello

Where you've been all my life?
Yeah, yeah, yeah, yeah
Where you've been all my life?
Hello, hello, hello
Where you've been all my life?

I don't wanna go back, 홀로 외로움 속에
어서 내게 건네줘, tell me hello again
흐지부지 구렁텅이 삶의 무지개를 피고
비가 떠난 어둠이 지나 너란 아침의 품으로
매 순간 감정의 파도를 외롭게 탔었던
그런 나란 놈을 보내고 말해 안녕 또 안녕
내 눈물아 안녕 쓸쓸함도 안녕
자 이제 뛰기 시작해 심장 소리는 pump, pump

우연이라 하지 마
Without you, everything's a lie
왜 이제 나타난 거야
I'm like hello, hello, hello

Where you've been all my life?
Yeah, yeah, yeah, yeah
Where you’ve been all my life?
Hello, hello, hello
Where you’ve been all my life?

Woah-oh-ooh, woah-oh-ooh, 기적처럼
너-oh-oh, oh-oh, 널 만난다면
불타도 좋아 난 기다렸어
원해 가슴 뛰는 love, 목숨 걸 수 있는 girl

One, two, three, four
You know what I'm waiting for

Na-na-na-na-na-na, na-na, na-na-na
Na-na, na-na-na
Na-na-na-na-na-na, na-na, na-na-na
Na-na, na-na-na

Yeah, I’m lookin', I'm lookin', I’m lookin' for you
(Na-na-na-na-na-na, na-na, na-na-na)
Yeah, I'm lookin', I'm lookin', I'm lookin' for you
(Na-na, na-na-na)
Yeah, I'm lookin', I'm lookin', I'm lookin' for you
(Na-na-na-na-na-na, na-na, na-na-na)
*Hello, hello, hello*
Where you've been all my life?",Very Positive,0.8482
YG Entertainment,TREASURE,BFF (Best Friend Forever),Unknown,11772,"같이 있을 때 난 stress off
아무도 모르는 내 모습
보여줄 수 있는 너는 best of
걱정은 pass it
Keep balling, 매일 같이 늘려 케미
실타래처럼 엉켜 있는 우리들
하루가 늘 play the game
지루할 틈 없어
가겠다는 시간 보내고 whatever 우리끼리
Milly, milly, rock it 춤을 추며 happiness (Yeah)

You can play with me again
빈자릴 채워줘 넌 day by day
영원하길 바라 truth, the swear (Yosh!)
Unbelievable 매일 난 엄질 치켜세워
지문은 선탠 항상 하늘 위를 보고 있어
말 안 해도 암묵적인 우리의 chemistry (Chemistry)
이걸 어째 부정하냐 we're the one (One, one, one)

Oh-ayy-oh-ayy-oh
Best friend forever
Oh-ayy-oh-ayy-oh
Best friend forever
무거운 철은 우린 들지 않을래
가벼운 미소로 계속 물들이게
Oh-ayy-oh-ayy-oh
*우리 끼리끼리 best friend forever*

오늘 뭐 해 몇 시든 간에
잠시 얼굴이나 보자 어디든 간에, yeah, yeah
I'm fine, 조금 멀어도 좋아
우리 함께 한다면 (7Chill, go)
Oh, hold on, wait
얼굴에 먹구름 베임
비는 왜 또 오는데
Hommie, 가자, let's go chill
Dramatic한 위론 못하지만 다 말만 해
지붕은 못 돼도 우산이 되어줄 테니까, everyday

I can heal you all day
네가 지칠 때마다 day by day
평생 동안 우린 truth, the swear (Ruto!)
같이 있을 땐 어디든지 놀이터 (터)
기분 전환 좀 하고 싶음 불러, call (Call)
너는 나고 나는 너고 같이 웃고 울고
죽마고우가 따로 없다, we are the one (One, one, one)

Oh-ayy-oh-ayy-oh
Best friend forever
Oh-ayy-oh-ayy-oh
Best friend forever
무거운 철은 우린 들지 않을래
가벼운 미소로 계속 물들이게
Oh-ayy-oh-ayy-oh
*우리 끼리끼리 best friend forever*

Oh, 저 하늘이 무너져 내려도
멀쩡하던 땅이 꺼진대도
변하지 않는 영원한 우린 best friend
Oh, 지금이 과거가 되어가도
알 수 없는 미래가 온다 해도
끝없이 이어지는 추억이 되어주길

Best friend forever
La, la-la, la, la-la, la, la-la-la-la
La, la-la, la, la-la, la, la-la-la-la
Best friend forever
La, la-la, la, la-la, la, la-la-la-la
La, la-la, la, la-la, la, la-la-la-la
우리 끼리끼리 best friend forever",Very Positive,0.8302
YG Entertainment,TREASURE,MY TREASURE,Unknown,11503,"지친 하늘빛
해는 잠들고
바람이 불면
다 지나가고 있어
꿈에서 깬 듯
다시 새롭게
It's alright, 잘 될 거야

탁해 맘이
답답해 숨을 쉴 수가 없잖아
I wanna go back to the good times
하 한숨만 나와
가볍게 아무 노래나 틀어놓고
너와 춤추고 싶어

비가 그치면
맑은 하늘이 우릴 기다리듯
더 좋은 날이 밝아 올 거야
겨울 끝에 봄이 와
가는 길 어디든 꽃 필 거야
너 보란 듯이
It's gonna be alright (Come on)

걱정 마
한 번 더 뜨겁게 웃어줘
Ayy, 뜨겁게, oh
웃을 때 더 예뻐 넌
힘을 내
우린 결국 빛날 테니
Ayy, 
감은 눈을 떠
, oh
You're the only one, treasure

안되면 어때 다시 시작해
더는 울지 마요
내일이 올 때 빛나는 존재
You're the only one, treasure
It's all good day

삭막해져 버린 세계 (Oh, no, no, no)
분위기가 너무 deep해 (너무 deep해)
행복에 갈증을 느껴 원해 오아시스
필요해 하늘에 pray (Oh, God)
We can believe, 항상 그랬듯이
웃음을 잃지 마 절대로
돌아오겠지 행복하던 그 날 그때로
We're gonna be okay

비 그치고 맑은 날이 올 때 (Yeah, yeah)
우린 행복해지고, yeah (Woah)
언제나 내게로 와서 손을 잡아
눈물조차 힘이 될 거야
아무 걱정 하지 마
네 맘대로 멋대로 즐기는 거야
남 보란 듯이
It's gonna be alright (Come on)

걱정 마
한 번 더 뜨겁게 웃어줘
Ayy, 뜨겁게, oh
웃을 때 더 예뻐 넌
힘을 내
우린 결국 빛날 테니
Ayy, 
감은 눈을 떠, oh
(You're the only one, treasure)

짙은 새벽 지나
잠들었던 해가 떠올라 (떠올라)
우리를 비추면 (Yeah)
시들었던 행복과
피지 못한 사랑이
다시 자라날 테니
Never give up (My treasure)
All we need is love

걱정 마
한 번 더 뜨겁게 웃어줘
Ayy, oh
웃을 때 더 예뻐 넌
힘을 내 just for me
너는 더 빛날 테니
You're the only onе
You're my treasure

안되면 어때 다시 시작해
더는 울지 마요
내일이 올 때 빛나는 존재
You'rе the only one, treasure
못하면 어때 다시 시작해
크게 웃어봐요
내일이 올 때 빛나는 존재
You're the only one, treasure",Very Positive,0.6539
YG Entertainment,TREASURE,오렌지 (ORANGE),Unknown,11436,"[Verse 1: Park Jeong Woo, Yoon Jae Hyuk, Mashiho, 
Doyoung]
난 일분 일초라도 더 빨리 너를 보고픈데
넌 항상 바쁘대 그래서 우린 또 한정된 시간을 보내
행복한 시간은 금방 가 너무 아쉽지만
난 그래도 좋아 우리 사이엔 그게 더 좋아

난 너와 많은 이야기를 하다가
시계를 보고 갑자기 당황스러워져
지금 너를 집에 보내기 싫어
하지만 그럴 수는 없어서

오늘도 오렌지로 물들어가는
너를 여전히 난
아쉬워하면서 집에 돌아갈 것 같아
나는 더 너와 함께 하고 싶은데
해가 져도 기다리면 다시 뜨듯이
내일도 보고파
난 슬퍼하면서 집에 돌아갈 것 같아
아쉽게 오늘도 노을이 보이기 시작했다

오렌지빛이 나 시원한 바람
거리를 좁혀 난 손을 잡아본다
의미 없는 말들을 던져봐도
넌 긴장 했는지 날 쳐다보지 않아
어두워지기 시작하면
내 표정도 어두워지잖아
네가 돌아서기 전에
오늘은 말해야겠다 싶어
조건 없이 매일 빛나주는 저 노을처럼
너도 항상 그렇게 매일 웃어 주길 바라
그럼 널 평생 간직할 수 있으니까
어두워도 내 눈엔 네가 가장 빛이 나니까

난 너와 많은 이야기를 하다가
시계를 보고 갑자기 당황스러워져
지금 너를 집에 보내기 싫어
하지만 그럴 수는 없어서
[Chorus: Jihoon, Asahi, Park Jeong Woo, 
Bang Ye Dam]
오늘도 오렌지로 물들어가는
너를 여전히 난
아쉬워하면서 집에 돌아갈 것 같아
나는 더 너와 함께 하고 싶은데
해가 져도 기다리면 다시 뜨듯이
내일도 보고파
난 슬퍼하면서 집에 돌아갈 것 같아
아쉽게 오늘도 노을이 보이기 시작했다
[Bridge: Doyoung, Bang Ye Dam, Mashiho, 
Jihoon]
시간이 멈춰 이대로
해가 안 졌음 해
너만은 (너만은) 웃어줘 내가
행복하게 집에 갈 수 있게
저 빛나는 노을도
미안해하잖아
먼저 가 (먼저 가)
나도 웃으며 너를 보낼게

오늘도 오렌지로 물들어가는 (Oh)
너를 여전히 난 (너를 여전히 난)
아쉬워하면서 집에 돌아갈 것 같아 (것 같아)
나는 더 너와 함께 하고 싶은데 (Oh, woah)
해가 져도 기다리면 다시 뜨듯이 (No, oh)
내일도 보고파 (내일도 보고파, yeah)
난 슬퍼하면서 집에 돌아갈 것 같아 (Oh, baby)
아쉽게 오늘도 노을이 보이기 시작했다",Very Positive,0.3426
